frame_id,track_id,vehicle_type,vehicle_bbox_x1,vehicle_bbox_y1,vehicle_bbox_x2,vehicle_bbox_y2,plate_bbox_x1,plate_bbox_y1,plate_bbox_x2,plate_bbox_y2,plate_confidence,detect_inference_ms,ocr_ran,ocr_raw_text,ocr_confidence,ocr_validated_plate,ocr_status,ocr_inference_ms
1,1,auto,1274,354,1803,1053,1463,656,1564,726,0.411,542.1,True,TN03D9766,0.983,TN03D9766,accepted,309.6
1,2,motorcycle,526,493,755,773,568,588,636,616,0.396,542.1,True,,,,no_text,118.6
2,1,auto,1279,354,1805,1053,1463,653,1567,748,0.506,360.5,False,,,,,
2,2,motorcycle,470,500,711,808,500,599,570,633,0.266,360.5,True,,,,no_text,106.8
2,2,motorcycle,470,500,711,808,504,587,565,615,0.266,360.5,True,,,,no_text,45.9
3,2,motorcycle,420,508,687,832,462,616,533,647,0.520,325.3,True,,,,no_text,243.6
3,1,auto,1275,356,1803,1054,1463,659,1565,727,0.394,325.3,False,,,,,
4,3,car,1130,405,1227,512,1139,466,1179,486,0.408,230.4,True,,,,no_text,59.0
4,2,motorcycle,366,509,661,853,413,617,498,655,0.382,230.4,True,,,,no_text,163.4
4,2,motorcycle,366,509,661,853,418,585,482,623,0.321,230.4,True,,,,no_text,50.6
5,2,motorcycle,252,513,593,912,311,653,397,691,0.547,332.8,True,17055280,0.640,,rejected,158.2
5,3,car,1124,410,1227,514,1137,470,1178,490,0.421,332.8,True,,,,no_text,63.4
6,2,motorcycle,96,538,523,997,171,690,266,734,0.462,237.7,False,,,,,
6,1,auto,1285,356,1805,1056,1466,660,1566,728,0.305,237.7,False,,,,,
7,2,motorcycle,0,556,419,1075,0,735,83,793,0.348,218.4,False,,,,,
7,3,motorcycle,1049,454,1111,533,1046,455,1109,502,0.270,218.4,True,,,,no_text,50.5
8,3,car,1099,416,1216,527,1117,486,1157,505,0.361,225.0,True,,,,no_text,61.3
9,3,car,1097,416,1210,527,1119,484,1155,504,0.385,224.7,True,,,,no_text,57.8
9,1,auto,1275,366,1804,1069,1457,669,1564,734,0.272,224.7,False,,,,,
10,3,car,1091,419,1212,531,1114,487,1151,504,0.540,227.1,True,,,,no_text,63.3
10,1,auto,1278,369,1803,1071,1463,671,1565,734,0.445,227.1,False,,,,,
11,3,car,1088,416,1208,532,1107,487,1147,505,0.519,222.3,True,,,,no_text,66.7
11,1,auto,1282,367,1804,1071,1464,666,1570,734,0.326,222.3,False,,,,,
12,3,car,1069,418,1206,538,1103,490,1145,505,0.472,222.7,True,,,,no_text,207.4
12,1,auto,1285,368,1806,1072,1469,667,1577,737,0.271,222.7,False,,,,,
12,3,motorcycle,986,455,1079,606,996,496,1044,523,0.259,222.7,True,,,,no_text,67.3
13,3,car,1068,418,1206,539,1103,491,1144,506,0.509,228.4,True,,,,no_text,161.4
13,1,auto,1288,367,1814,1071,1471,666,1581,738,0.352,228.4,False,,,,,
13,3,motorcycle,984,455,1078,611,996,490,1044,522,0.345,228.4,True,,,,no_text,47.5
14,3,car,1053,417,1196,541,1094,491,1133,507,0.554,318.6,True,,,,no_text,61.1
14,1,auto,1287,371,1808,1070,1469,668,1576,736,0.370,318.6,False,,,,,
15,3,car,1044,414,1193,544,1084,493,1124,511,0.564,206.0,True,,,,no_text,64.6
15,1,auto,1283,369,1805,1070,1464,668,1570,734,0.361,206.0,False,,,,,
15,3,motorcycle,943,453,1052,628,960,495,1012,523,0.266,206.0,True,,,,no_text,62.2
16,3,car,1032,412,1185,546,1070,492,1114,511,0.604,231.6,True,,,,no_text,63.3
17,3,car,1030,407,1185,552,1068,497,1111,515,0.584,251.9,True,,,,no_text,65.3
18,3,car,1019,411,1181,553,1061,499,1108,517,0.627,337.7,True,,,,no_text,72.6
18,4,motorcycle,889,460,1015,667,899,529,961,558,0.319,337.7,True,,,,no_text,66.7
19,3,car,1014,406,1173,555,1057,501,1100,518,0.608,342.2,True,,,,no_text,67.0
19,4,motorcycle,871,456,1006,675,896,583,941,617,0.391,342.2,True,,,,no_text,49.7
19,4,motorcycle,871,456,1006,675,889,533,948,559,0.257,342.2,True,,,,no_text,68.4
20,3,car,1003,408,1171,563,1045,503,1092,521,0.703,334.1,True,,,,no_text,68.1
20,4,motorcycle,848,469,992,693,864,547,927,573,0.456,334.1,True,,,,no_text,67.3
21,4,motorcycle,836,471,981,699,852,554,913,579,0.660,331.1,True,,,,no_text,60.4
21,3,car,999,406,1171,563,1044,503,1091,523,0.659,331.1,True,,,,no_text,60.1
22,3,car,995,408,1170,565,1041,507,1089,528,0.573,325.7,True,,,,no_text,59.5
22,4,motorcycle,820,474,971,710,840,555,905,583,0.482,325.7,True,,,,no_text,61.4
22,4,motorcycle,820,474,971,710,846,610,894,640,0.266,325.7,True,,,,no_text,51.1
23,3,car,943,405,1149,583,995,516,1053,540,0.653,324.9,True,,,,no_text,60.8
23,5,motorcycle,639,484,870,828,670,615,737,653,0.649,324.9,True,8199,0.569,,rejected,198.4
23,5,motorcycle,639,484,870,828,690,530,757,558,0.315,324.9,False,,,,,
24,3,car,934,406,1146,585,989,517,1052,543,0.691,326.0,True,,,,no_text,152.8
24,5,motorcycle,610,470,850,850,661,530,732,565,0.515,326.0,False,,,,,
24,5,motorcycle,610,470,850,850,635,626,705,665,0.476,326.0,False,,,,,
25,5,motorcycle,577,494,830,879,599,638,679,683,0.725,331.5,False,,,,,
25,3,car,929,407,1144,590,985,519,1046,545,0.709,331.5,True,,,,no_text,152.9
25,5,motorcycle,577,494,830,879,634,542,696,571,0.424,331.5,False,,,,,
26,3,car,921,408,1141,592,977,521,1041,549,0.743,333.3,True,INIERL7XEL,0.584,,rejected,154.0
26,5,motorcycle,527,479,808,907,562,650,637,696,0.720,333.3,False,,,,,
26,5,motorcycle,527,479,808,907,591,546,665,579,0.430,333.3,False,,,,,
27,5,motorcycle,405,489,760,972,456,683,548,736,0.743,333.0,False,,,,,
27,3,car,901,405,1135,601,963,525,1026,552,0.565,333.0,False,,,,,
27,5,motorcycle,405,489,760,972,509,561,584,598,0.541,333.0,False,,,,,
28,3,car,893,408,1129,602,953,531,1020,557,0.719,336.4,False,,,,,
28,5,motorcycle,360,516,730,1010,452,577,529,614,0.470,336.4,False,,,,,
28,5,motorcycle,360,516,730,1010,394,704,492,759,0.454,336.4,False,,,,,
29,3,car,886,408,1126,607,946,532,1014,560,0.751,340.5,False,,,,,
29,5,motorcycle,281,517,698,1066,325,729,428,788,0.613,340.5,False,,,,,
29,6,motorcycle,281,517,698,1066,394,586,473,627,0.420,340.5,True,,,,no_text,147.9
30,3,car,871,411,1118,616,929,537,999,564,0.734,329.7,False,,,,,
30,5,motorcycle,82,547,610,1077,146,792,262,859,0.574,329.7,False,,,,,
30,7,motorcycle,82,547,610,1077,240,626,325,664,0.570,329.7,True,,,,no_text,56.8
31,3,car,862,409,1116,619,923,539,996,569,0.747,334.4,False,,,,,
31,5,motorcycle,0,566,568,1078,26,834,150,907,0.480,334.4,False,,,,,
31,7,motorcycle,0,566,568,1078,139,649,226,689,0.393,334.4,True,,,,no_text,56.6
32,3,car,848,407,1109,620,910,542,986,571,0.736,329.7,False,,,,,
33,3,car,826,408,1102,633,891,548,969,578,0.665,330.9,False,,,,,
34,3,car,816,406,1097,639,881,552,959,582,0.748,330.5,False,,,,,
35,3,car,807,406,1092,645,870,553,950,585,0.765,333.6,False,,,,,
35,8,auto,1292,367,1813,1062,1473,659,1586,739,0.309,333.6,True,TN03D9766,0.983,TN03D9766,accepted,190.0
36,3,car,734,402,1067,674,807,575,897,607,0.792,346.4,False,,,,,
36,8,auto,1287,367,1812,1063,1473,661,1578,730,0.261,346.4,False,,,,,
37,3,car,719,401,1061,683,793,581,885,612,0.784,320.1,False,,,,,
38,3,car,702,404,1056,692,775,588,872,621,0.798,330.1,False,,,,,
38,8,bus,1289,360,1817,1062,1474,664,1585,739,0.292,330.1,False,,,,,
39,3,car,681,402,1049,702,756,590,856,626,0.727,332.1,False,,,,,
40,3,car,658,401,1043,714,736,597,842,635,0.737,334.6,False,,,,,
40,8,auto,1286,364,1819,1062,1474,666,1577,732,0.271,334.6,False,,,,,
41,3,car,636,402,1037,721,718,605,825,643,0.773,334.2,False,,,,,
42,3,car,615,400,1028,728,696,611,806,649,0.781,337.1,False,,,,,
42,8,auto,1290,363,1817,1061,1475,664,1581,732,0.252,337.1,False,,,,,
43,3,car,588,398,1020,738,673,617,786,655,0.797,378.2,False,,,,,
44,3,car,531,394,1005,762,618,635,744,675,0.764,233.3,False,,,,,
44,8,auto,1289,362,1818,1061,1474,657,1585,739,0.375,233.3,False,,,,,
45,3,car,492,393,997,780,589,641,720,686,0.806,235.3,False,,,,,
45,8,auto,1288,362,1820,1061,1474,658,1586,746,0.475,235.3,False,,,,,
46,3,car,460,390,986,792,557,654,690,695,0.788,233.7,False,,,,,
46,8,auto,1290,360,1817,1064,1474,657,1585,755,0.457,233.7,False,,,,,
47,3,car,375,388,964,828,481,678,627,720,0.772,271.9,False,,,,,
47,8,auto,1290,363,1818,1062,1470,651,1588,769,0.585,271.9,False,,,,,
48,3,car,332,387,955,850,438,689,591,735,0.755,329.9,False,,,,,
48,8,auto,1290,361,1820,1061,1471,652,1588,769,0.531,329.9,False,,,,,
49,3,car,278,385,941,869,389,698,550,755,0.791,332.4,False,,,,,
49,8,auto,1285,361,1823,1060,1471,653,1586,763,0.308,332.4,False,,,,,
50,3,car,215,380,928,897,336,721,504,774,0.744,331.3,False,,,,,
50,8,auto,1283,358,1824,1061,1471,663,1575,729,0.386,331.3,False,,,,,
51,3,car,160,378,914,925,277,745,452,796,0.724,325.6,False,,,,,
51,8,auto,1286,359,1822,1059,1472,661,1579,734,0.278,325.6,False,,,,,
52,3,car,7,373,886,980,128,794,328,856,0.769,367.2,False,,,,,
52,8,auto,1280,358,1823,1058,1470,661,1578,728,0.439,367.2,False,,,,,
53,3,car,0,373,869,1021,36,827,251,892,0.750,328.2,False,,,,,
53,8,auto,1284,360,1824,1059,1472,654,1587,754,0.402,328.2,False,,,,,
54,8,auto,1285,360,1825,1054,1470,662,1577,729,0.502,346.7,False,,,,,
54,3,car,0,370,828,1076,0,904,45,994,0.371,346.7,False,,,,,
55,8,auto,1285,358,1825,1054,1470,662,1574,725,0.520,333.9,False,,,,,
56,8,auto,1290,360,1823,1057,1471,653,1585,750,0.522,335.3,False,,,,,
57,8,auto,1290,359,1820,1053,1470,654,1575,736,0.543,336.8,False,,,,,
58,8,auto,1289,358,1822,1053,1471,655,1576,737,0.470,335.0,False,,,,,
59,9,car,998,388,1145,511,1034,451,1076,466,0.298,335.5,True,,,,no_text,51.6
59,8,auto,1291,355,1819,1048,1474,652,1574,736,0.296,335.5,False,,,,,
60,8,auto,1292,353,1822,1048,1473,648,1581,742,0.473,332.8,False,,,,,
60,9,car,995,387,1144,512,1034,454,1072,468,0.289,332.8,True,,,,no_text,50.2
61,8,auto,1289,349,1819,1047,1476,650,1581,723,0.525,328.6,False,,,,,
62,8,auto,1289,349,1824,1048,1476,651,1579,725,0.603,321.6,False,,,,,
63,8,auto,1286,350,1821,1045,1474,646,1577,734,0.273,333.3,False,,,,,
64,8,auto,1283,351,1820,1049,1474,651,1572,724,0.374,331.7,False,,,,,
64,10,car,962,380,1126,518,998,442,1046,465,0.275,331.7,True,,,,no_text,43.9
65,8,auto,1286,351,1818,1045,1474,651,1570,714,0.598,325.7,False,,,,,
66,8,auto,1285,349,1821,1047,1474,650,1574,717,0.670,315.8,False,,,,,
66,10,car,948,378,1122,519,989,443,1041,465,0.337,315.8,True,,,,no_text,41.8
67,8,auto,1292,347,1832,1044,1481,649,1584,717,0.553,210.7,False,,,,,
68,8,auto,1287,345,1830,1041,1485,647,1593,717,0.289,226.2,False,,,,,
72,11,car,895,360,1121,535,947,471,1008,492,0.505,234.6,True,,,,no_text,143.8
72,12,auto,1323,339,1869,1040,1515,635,1625,719,0.342,234.6,True,TN03D9766,0.987,TN03D9766,accepted,177.5
73,11,car,890,359,1120,537,939,469,1006,492,0.490,340.7,True,,,,no_text,57.2
73,12,auto,1323,342,1869,1040,1514,636,1626,743,0.295,340.7,False,,,,,
74,11,car,883,358,1117,542,932,476,996,499,0.586,335.9,True,,,,no_text,51.7
74,12,auto,1327,342,1872,1040,1519,640,1627,722,0.475,335.9,False,,,,,
75,12,auto,1329,343,1874,1040,1528,638,1634,714,0.334,315.2,False,,,,,
76,12,auto,1333,336,1882,1035,1526,640,1634,713,0.543,290.9,False,,,,,
76,11,car,867,356,1116,546,925,481,984,504,0.479,290.9,True,,,,no_text,127.1
77,11,car,863,356,1115,551,922,484,980,505,0.550,329.0,True,,,,no_text,130.4
77,12,auto,1333,337,1892,1039,1529,640,1639,710,0.434,329.0,False,,,,,
78,11,car,855,355,1112,553,911,484,972,505,0.641,332.7,True,,,,no_text,132.0
79,11,car,845,353,1111,557,902,485,959,507,0.632,330.3,True,,,,no_text,49.1
79,12,auto,1335,338,1896,1039,1536,637,1645,722,0.253,330.3,False,,,,,
80,11,car,825,352,1106,566,883,491,955,515,0.672,333.5,True,,,,no_text,131.7
81,11,car,815,350,1102,568,875,491,949,516,0.694,334.9,True,RINO1CKSOCO,0.521,,rejected,131.9
82,11,car,804,348,1101,571,866,493,937,516,0.647,331.2,False,,,,,
82,12,auto,1356,335,1905,1037,1556,639,1661,703,0.556,331.2,False,,,,,
83,11,car,791,345,1097,576,852,494,929,521,0.730,337.4,False,,,,,
83,12,auto,1362,332,1909,1035,1556,637,1664,704,0.590,337.4,False,,,,,
84,11,car,773,343,1094,580,835,498,914,525,0.701,314.7,False,,,,,
84,12,auto,1360,334,1908,1038,1556,635,1666,707,0.599,314.7,False,,,,,
84,12,auto,1360,334,1908,1038,1556,633,1670,738,0.268,314.7,False,,,,,
85,11,car,759,342,1090,586,825,504,900,531,0.643,330.9,False,,,,,
85,12,auto,1363,332,1909,1035,1561,636,1667,703,0.611,330.9,False,,,,,
86,11,car,743,341,1083,592,813,504,890,530,0.663,334.8,False,,,,,
86,12,auto,1366,329,1909,1036,1565,633,1672,706,0.487,334.8,False,,,,,
87,11,car,701,336,1071,602,778,511,860,538,0.749,334.0,False,,,,,
87,12,auto,1367,328,1914,1031,1564,629,1674,706,0.646,334.0,False,,,,,
87,12,auto,1367,328,1914,1031,1559,624,1679,747,0.326,334.0,False,,,,,
88,11,car,682,334,1065,613,756,519,841,547,0.734,332.1,False,,,,,
88,12,auto,1368,330,1913,1033,1566,632,1673,704,0.654,332.1,False,,,,,
88,12,auto,1368,330,1913,1033,1562,626,1678,738,0.350,332.1,False,,,,,
89,11,car,660,334,1057,622,732,523,822,553,0.701,333.4,False,,,,,
89,12,auto,1372,331,1914,1033,1566,633,1675,711,0.553,333.4,False,,,,,
89,12,auto,1372,331,1914,1033,1559,628,1681,758,0.501,333.4,False,,,,,
90,11,car,634,332,1052,629,709,525,801,555,0.725,335.9,False,,,,,
90,12,auto,1373,329,1914,1030,1567,629,1677,710,0.489,335.9,False,,,,,
90,12,auto,1373,329,1914,1030,1560,624,1682,758,0.306,335.9,False,,,,,
91,11,car,604,331,1047,641,684,533,781,565,0.741,340.5,False,,,,,
91,12,auto,1374,330,1914,1033,1563,630,1684,730,0.662,340.5,False,,,,,
91,12,auto,1374,330,1914,1033,1549,631,1686,757,0.300,340.5,False,,,,,
92,11,car,576,329,1035,643,657,540,760,572,0.706,309.8,False,,,,,
92,12,auto,1374,330,1916,1033,1565,631,1679,710,0.607,309.8,False,,,,,
92,12,auto,1374,330,1916,1033,1564,628,1683,756,0.439,309.8,False,,,,,
93,13,car,266,305,954,744,355,604,490,644,0.747,336.0,True,THO9CX5000,0.909,,rejected,222.7
93,12,auto,1372,323,1914,1028,1566,629,1675,705,0.585,336.0,False,,,,,
94,13,car,198,303,937,763,294,620,434,660,0.790,332.7,False,,,,,
94,12,auto,1373,324,1913,1028,1567,629,1674,701,0.617,332.7,False,,,,,
95,13,car,136,296,918,786,220,635,367,677,0.778,330.3,False,,,,,
95,12,auto,1375,326,1913,1027,1567,627,1673,703,0.592,330.3,False,,,,,
96,13,car,54,292,904,819,132,655,289,699,0.791,325.1,False,,,,,
96,12,auto,1376,322,1916,1024,1567,629,1673,704,0.559,325.1,False,,,,,
97,13,car,1,286,884,851,29,675,198,725,0.753,324.4,False,,,,,
97,12,auto,1375,326,1914,1027,1567,628,1673,702,0.526,324.4,False,,,,,
98,12,auto,1372,325,1913,1028,1567,629,1672,700,0.586,328.5,False,,,,,
99,12,auto,1373,325,1912,1028,1568,628,1675,703,0.571,346.4,False,,,,,
100,12,auto,1373,326,1912,1029,1567,628,1673,702,0.548,237.4,False,,,,,
101,12,auto,1374,324,1914,1026,1567,628,1672,701,0.616,339.3,False,,,,,
102,12,auto,1374,323,1914,1025,1567,629,1672,700,0.562,234.5,False,,,,,
103,12,auto,1375,326,1913,1028,1566,626,1673,703,0.577,221.8,False,,,,,
104,12,auto,1374,323,1914,1025,1568,628,1672,700,0.568,228.9,False,,,,,
105,12,auto,1371,325,1912,1028,1566,628,1673,701,0.632,228.8,False,,,,,
106,12,auto,1372,322,1914,1026,1565,629,1675,705,0.662,224.6,False,,,,,
106,12,auto,1372,322,1914,1026,1563,624,1681,752,0.343,224.6,False,,,,,
107,12,auto,1373,324,1912,1028,1566,626,1674,701,0.609,219.1,False,,,,,
108,12,auto,1373,325,1912,1028,1566,627,1674,706,0.569,220.9,False,,,,,
109,12,auto,1371,323,1913,1029,1563,628,1676,708,0.605,221.5,False,,,,,
109,12,auto,1371,323,1913,1029,1560,622,1682,756,0.351,221.5,False,,,,,
110,12,auto,1370,322,1914,1029,1564,627,1675,703,0.595,254.5,False,,,,,
111,12,auto,1369,323,1912,1031,1562,628,1677,707,0.632,337.1,False,,,,,
111,12,auto,1369,323,1912,1031,1559,622,1681,755,0.357,337.1,False,,,,,
112,12,auto,1374,322,1916,1028,1569,624,1676,703,0.739,213.9,False,,,,,
113,12,auto,1372,319,1916,1030,1569,626,1678,700,0.681,217.4,False,,,,,
114,12,auto,1376,322,1914,1030,1570,626,1683,701,0.665,324.6,False,,,,,
115,12,auto,1374,318,1915,1028,1565,625,1682,709,0.617,314.8,False,,,,,
115,12,auto,1374,318,1915,1028,1560,623,1685,749,0.389,314.8,False,,,,,
116,12,auto,1375,321,1915,1027,1566,625,1677,704,0.695,322.9,False,,,,,
116,12,auto,1375,321,1915,1027,1562,623,1681,746,0.293,322.9,False,,,,,
117,12,auto,1370,322,1914,1028,1564,623,1677,707,0.695,324.4,False,,,,,
118,12,auto,1371,321,1913,1030,1565,627,1675,702,0.645,330.7,False,,,,,
119,12,auto,1368,322,1913,1026,1564,627,1678,704,0.546,329.4,False,,,,,
120,12,auto,1368,320,1915,1027,1566,627,1677,702,0.657,327.8,False,,,,,
121,12,auto,1368,320,1913,1029,1566,626,1676,701,0.616,324.5,False,,,,,
122,12,auto,1370,317,1913,1028,1566,624,1676,701,0.641,313.9,False,,,,,
123,12,auto,1369,317,1911,1028,1566,626,1674,698,0.430,324.3,False,,,,,
124,12,auto,1373,318,1913,1026,1567,626,1677,696,0.681,325.9,False,,,,,
125,12,auto,1375,315,1912,1024,1567,620,1683,698,0.504,325.3,False,,,,,
126,12,auto,1373,316,1913,1024,1568,622,1681,695,0.582,324.9,False,,,,,
127,12,auto,1371,312,1915,1022,1567,617,1680,695,0.533,324.6,False,,,,,
128,12,auto,1373,315,1913,1023,1569,620,1684,692,0.447,330.8,False,,,,,
129,12,auto,1373,315,1913,1021,1567,615,1680,693,0.539,328.9,False,,,,,
130,12,auto,1376,311,1914,1021,1567,615,1683,693,0.530,339.7,False,,,,,
131,12,auto,1375,311,1914,1021,1571,614,1685,695,0.350,324.3,False,,,,,
132,12,auto,1375,313,1914,1022,1571,615,1686,695,0.468,329.1,False,,,,,
133,12,auto,1377,312,1915,1022,1571,616,1685,695,0.469,260.9,False,,,,,
134,12,auto,1377,314,1915,1023,1573,615,1687,696,0.499,332.3,False,,,,,
135,12,auto,1376,311,1916,1021,1569,617,1684,693,0.384,325.5,False,,,,,
136,12,auto,1377,316,1916,1022,1573,616,1687,695,0.489,326.0,False,,,,,
137,12,auto,1376,317,1916,1021,1569,618,1687,694,0.630,318.9,False,,,,,
138,12,auto,1377,318,1915,1022,1569,617,1684,694,0.381,320.3,False,,,,,
139,12,auto,1376,317,1916,1023,1570,617,1683,692,0.351,318.5,False,,,,,
140,12,auto,1377,315,1916,1021,1573,619,1690,699,0.554,319.6,False,,,,,
141,12,auto,1377,316,1915,1023,1569,618,1684,693,0.384,324.9,False,,,,,
142,12,auto,1374,311,1914,1021,1568,618,1681,692,0.418,313.4,False,,,,,
143,12,auto,1376,317,1912,1023,1569,621,1683,691,0.498,317.0,False,,,,,
144,12,auto,1376,315,1914,1023,1569,619,1683,690,0.432,310.9,False,,,,,
145,12,auto,1375,315,1914,1024,1569,619,1681,691,0.486,323.6,False,,,,,
147,12,auto,1372,312,1912,1024,1565,619,1684,698,0.292,324.9,False,,,,,
148,12,auto,1375,317,1914,1025,1567,621,1682,695,0.600,324.1,False,,,,,
149,12,auto,1373,315,1914,1025,1567,620,1682,694,0.461,324.6,False,,,,,
150,12,auto,1370,310,1914,1024,1566,619,1679,695,0.252,322.9,False,,,,,
154,14,auto,1370,310,1913,1022,1566,615,1679,692,0.359,324.8,True,TN03D9766,0.985,TN03D9766,accepted,159.4
156,14,auto,1375,311,1914,1020,1566,617,1680,694,0.420,321.4,False,,,,,
157,14,auto,1376,313,1915,1021,1567,618,1681,694,0.544,309.4,False,,,,,
158,14,auto,1375,312,1916,1020,1567,616,1682,690,0.460,317.9,False,,,,,
159,14,auto,1377,312,1914,1019,1567,615,1680,695,0.511,317.6,False,,,,,
160,14,auto,1376,312,1915,1019,1566,613,1683,700,0.533,324.1,False,,,,,
161,14,auto,1373,308,1915,1019,1568,617,1679,693,0.404,320.4,False,,,,,
162,14,auto,1370,311,1914,1020,1566,617,1682,695,0.423,329.2,False,,,,,
163,14,auto,1372,308,1915,1019,1567,611,1681,699,0.504,335.3,False,,,,,
164,14,auto,1371,305,1916,1019,1565,609,1679,700,0.526,325.5,False,,,,,
165,14,auto,1371,305,1915,1019,1566,611,1681,705,0.482,321.6,False,,,,,
166,14,auto,1370,307,1911,1020,1565,610,1680,700,0.501,326.8,False,,,,,
167,14,auto,1372,308,1911,1019,1564,609,1679,694,0.528,327.5,False,,,,,
168,14,auto,1371,309,1912,1020,1565,610,1678,694,0.440,323.5,False,,,,,
169,14,auto,1369,308,1908,1019,1563,610,1676,695,0.575,320.6,False,,,,,
170,14,auto,1367,308,1906,1021,1563,611,1676,696,0.496,321.8,False,,,,,
171,14,auto,1368,311,1908,1020,1563,610,1677,697,0.445,348.8,False,,,,,
174,14,auto,1368,310,1910,1020,1566,616,1679,693,0.435,324.3,False,,,,,
175,14,auto,1369,312,1910,1019,1566,616,1678,692,0.434,324.0,False,,,,,
176,14,auto,1368,311,1910,1020,1566,611,1677,693,0.519,326.9,False,,,,,
177,14,auto,1369,309,1911,1019,1565,611,1676,693,0.457,324.7,False,,,,,
178,14,auto,1370,307,1910,1020,1565,611,1676,695,0.376,225.8,False,,,,,
179,14,auto,1370,310,1911,1019,1567,610,1678,702,0.363,217.7,False,,,,,
180,14,auto,1371,310,1911,1019,1567,610,1678,700,0.423,331.5,False,,,,,
181,14,auto,1370,312,1910,1021,1568,612,1678,698,0.360,326.4,False,,,,,
182,14,auto,1370,312,1909,1021,1565,610,1681,702,0.415,342.1,False,,,,,
184,14,auto,1370,311,1910,1022,1564,608,1683,703,0.481,320.2,False,,,,,
185,14,auto,1371,311,1909,1022,1565,610,1682,699,0.458,312.4,False,,,,,
186,14,auto,1370,312,1909,1021,1565,611,1682,700,0.477,329.1,False,,,,,
187,14,auto,1369,312,1908,1021,1566,614,1681,696,0.473,328.7,False,,,,,
188,14,auto,1370,311,1909,1020,1566,613,1679,696,0.524,329.3,False,,,,,
189,14,auto,1369,311,1909,1020,1567,613,1679,695,0.421,323.4,False,,,,,
190,14,auto,1375,313,1910,1022,1566,615,1681,698,0.345,325.6,False,,,,,
191,14,auto,1374,312,1912,1023,1566,616,1682,696,0.266,325.6,False,,,,,
192,14,auto,1372,314,1911,1023,1565,617,1679,694,0.315,332.1,False,,,,,
193,14,auto,1370,315,1909,1023,1566,618,1679,694,0.350,333.6,False,,,,,
194,14,auto,1368,315,1910,1022,1565,617,1679,693,0.321,239.0,False,,,,,
195,14,auto,1373,313,1908,1023,1565,621,1683,697,0.437,231.7,False,,,,,
196,14,auto,1372,312,1910,1022,1565,621,1682,702,0.456,225.3,False,,,,,
197,14,auto,1369,312,1911,1021,1564,621,1683,698,0.349,223.4,False,,,,,
198,14,auto,1369,313,1911,1022,1565,622,1681,696,0.457,223.6,False,,,,,
199,14,auto,1371,313,1911,1022,1565,621,1682,696,0.475,222.5,False,,,,,
200,14,auto,1370,313,1911,1021,1564,621,1682,697,0.467,222.2,False,,,,,
201,14,auto,1369,316,1912,1023,1564,622,1678,700,0.527,218.3,False,,,,,
202,14,auto,1370,316,1913,1022,1565,624,1677,697,0.516,217.0,False,,,,,
203,14,auto,1372,318,1912,1023,1567,627,1673,693,0.633,223.1,False,,,,,
204,14,auto,1372,317,1914,1024,1566,627,1674,695,0.463,220.9,False,,,,,
205,14,auto,1374,315,1913,1023,1565,623,1680,699,0.575,232.6,False,,,,,
206,14,auto,1372,321,1913,1023,1565,624,1673,699,0.699,221.1,False,,,,,
207,14,auto,1370,320,1913,1025,1565,624,1674,698,0.671,215.8,False,,,,,
208,14,auto,1371,321,1913,1022,1563,626,1678,710,0.656,222.2,False,,,,,
209,14,auto,1374,321,1911,1022,1566,624,1675,699,0.673,228.8,False,,,,,
210,14,auto,1374,320,1914,1021,1565,623,1682,712,0.638,214.3,False,,,,,
211,14,auto,1375,320,1912,1026,1564,626,1681,714,0.642,216.6,False,,,,,
211,14,auto,1375,320,1912,1026,1561,622,1685,749,0.306,216.6,False,,,,,
212,14,auto,1377,323,1914,1027,1569,623,1680,710,0.675,219.9,False,,,,,
212,14,auto,1377,323,1914,1027,1563,620,1682,741,0.404,219.9,False,,,,,
213,14,auto,1376,322,1911,1025,1565,626,1679,707,0.608,296.5,False,,,,,
214,14,auto,1371,321,1912,1024,1565,625,1673,699,0.676,334.2,False,,,,,
215,14,auto,1372,322,1911,1026,1565,627,1674,702,0.652,331.6,False,,,,,
216,14,auto,1376,321,1912,1026,1567,624,1675,699,0.684,327.5,False,,,,,
217,14,auto,1376,321,1912,1024,1565,622,1681,703,0.541,323.7,False,,,,,
218,14,auto,1374,318,1913,1024,1566,623,1681,698,0.597,320.0,False,,,,,
219,14,auto,1374,320,1913,1027,1566,626,1676,698,0.714,321.0,False,,,,,
220,14,auto,1376,320,1914,1023,1566,624,1680,700,0.610,319.9,False,,,,,
221,14,auto,1375,319,1913,1022,1566,626,1676,697,0.448,316.2,False,,,,,
222,14,auto,1374,319,1914,1025,1566,624,1678,698,0.624,319.3,False,,,,,
223,14,auto,1374,318,1913,1025,1565,623,1679,699,0.655,323.0,False,,,,,
224,14,auto,1376,318,1913,1024,1564,622,1682,705,0.559,319.9,False,,,,,
225,14,auto,1376,319,1914,1024,1566,623,1681,699,0.654,323.4,False,,,,,
226,14,auto,1376,319,1914,1024,1564,622,1680,700,0.647,317.7,False,,,,,
227,14,auto,1376,320,1914,1022,1566,625,1678,696,0.581,315.1,False,,,,,
228,14,auto,1376,320,1914,1021,1564,622,1682,703,0.604,321.4,False,,,,,
229,14,auto,1375,320,1913,1021,1565,624,1677,699,0.540,330.4,False,,,,,
230,14,auto,1376,321,1913,1021,1566,623,1678,698,0.590,330.7,False,,,,,
231,14,auto,1376,320,1915,1022,1566,623,1680,699,0.521,327.7,False,,,,,
232,14,auto,1375,320,1914,1021,1567,626,1674,693,0.487,323.5,False,,,,,
233,14,auto,1375,319,1914,1021,1567,623,1680,699,0.617,321.2,False,,,,,
234,14,auto,1375,320,1914,1020,1565,625,1679,696,0.604,318.2,False,,,,,
235,14,auto,1375,319,1914,1021,1565,624,1681,700,0.534,323.0,False,,,,,
236,14,auto,1375,320,1914,1021,1567,625,1679,696,0.670,328.0,False,,,,,
237,14,auto,1375,321,1913,1021,1566,623,1681,699,0.625,331.7,False,,,,,
238,14,auto,1375,320,1912,1020,1567,624,1680,698,0.578,336.8,False,,,,,
239,14,auto,1377,321,1913,1019,1567,624,1679,696,0.637,331.3,False,,,,,
240,14,auto,1372,319,1914,1022,1567,626,1678,701,0.610,334.4,False,,,,,
241,14,auto,1370,319,1913,1022,1567,623,1680,699,0.554,329.5,False,,,,,
242,14,auto,1374,322,1914,1023,1567,625,1679,698,0.609,333.2,False,,,,,
242,15,car,961,381,1152,520,1008,471,1057,487,0.414,333.2,True,,,,no_text,134.8
243,14,auto,1377,323,1914,1026,1570,620,1686,711,0.641,332.0,False,,,,,
243,14,auto,1377,323,1914,1026,1562,619,1687,748,0.317,332.0,False,,,,,
243,15,car,951,383,1149,525,998,478,1048,494,0.307,332.0,True,,,,no_text,190.8
244,14,auto,1378,322,1915,1026,1564,624,1685,716,0.645,335.1,False,,,,,
244,14,auto,1378,322,1915,1026,1559,621,1687,749,0.438,335.1,False,,,,,
244,15,car,941,383,1143,528,987,478,1042,495,0.434,335.1,True,,,,no_text,67.3
245,14,auto,1377,323,1914,1025,1565,623,1686,721,0.613,344.6,False,,,,,
245,15,car,930,382,1139,532,976,478,1031,496,0.293,344.6,True,,,,no_text,57.2
246,14,auto,1375,322,1914,1025,1566,626,1683,712,0.563,335.9,False,,,,,
246,14,auto,1375,322,1914,1025,1562,622,1686,749,0.343,335.9,False,,,,,
246,15,car,920,382,1134,534,969,485,1024,504,0.269,335.9,True,,,,no_text,137.8
247,14,auto,1372,323,1914,1024,1568,624,1683,703,0.591,332.7,False,,,,,
247,15,car,907,383,1129,539,956,487,1014,505,0.379,332.7,True,,,,no_text,135.7
248,14,auto,1376,323,1916,1021,1570,627,1682,701,0.652,332.6,False,,,,,
248,15,car,894,382,1126,543,948,487,1006,506,0.527,332.6,True,,,,no_text,138.9
249,14,auto,1375,325,1916,1025,1569,624,1685,710,0.633,339.5,False,,,,,
249,15,car,870,384,1114,553,925,494,986,515,0.475,339.5,True,,,,no_text,55.2
249,14,auto,1375,325,1916,1025,1567,621,1689,744,0.435,339.5,False,,,,,
250,14,auto,1375,325,1916,1024,1567,625,1688,720,0.693,345.7,False,,,,,
250,15,car,858,382,1109,557,907,495,966,515,0.534,345.7,True,,,,no_text,138.9
251,14,auto,1379,324,1917,1023,1571,623,1689,705,0.592,337.1,False,,,,,
251,15,car,825,383,1097,567,881,506,950,528,0.584,337.1,True,,,,no_text,144.9
251,14,auto,1379,324,1917,1023,1567,622,1693,751,0.290,337.1,False,,,,,
252,15,car,810,383,1089,572,869,507,936,531,0.614,338.4,True,TNAIARSE,0.613,,rejected,141.3
252,14,auto,1379,324,1916,1022,1571,624,1689,702,0.559,338.4,False,,,,,
253,15,car,792,382,1083,579,852,509,924,536,0.628,334.4,False,,,,,
253,14,auto,1379,324,1917,1023,1572,625,1687,700,0.532,334.4,False,,,,,
254,15,car,771,381,1075,586,831,515,904,541,0.616,329.4,False,,,,,
254,14,auto,1379,324,1917,1022,1571,626,1690,711,0.559,329.4,False,,,,,
254,14,auto,1379,324,1917,1022,1568,624,1694,751,0.343,329.4,False,,,,,
255,14,auto,1380,323,1917,1022,1572,623,1692,708,0.656,260.4,False,,,,,
255,15,car,750,381,1068,593,816,520,897,547,0.585,260.4,False,,,,,
255,14,auto,1380,323,1917,1022,1565,622,1695,749,0.297,260.4,False,,,,,
256,14,auto,1378,322,1918,1022,1572,624,1688,704,0.608,355.6,False,,,,,
256,15,car,727,380,1060,601,796,525,873,553,0.547,355.6,False,,,,,
257,15,car,678,381,1040,616,747,538,832,567,0.659,336.7,False,,,,,
257,14,auto,1378,323,1918,1022,1571,626,1688,704,0.473,336.7,False,,,,,
258,15,car,653,381,1032,626,719,542,808,575,0.612,339.3,False,,,,,
258,14,auto,1380,323,1918,1022,1572,624,1687,702,0.534,339.3,False,,,,,
259,15,car,621,381,1018,639,688,549,784,583,0.617,226.8,False,,,,,
259,14,auto,1381,325,1918,1022,1573,624,1692,711,0.466,226.8,False,,,,,
260,15,car,591,380,1005,650,662,559,758,594,0.598,221.1,False,,,,,
260,14,auto,1382,323,1918,1022,1575,626,1687,702,0.347,221.1,False,,,,,
261,16,car,367,378,935,729,446,615,565,655,0.670,228.8,True,TN41AR0082,0.917,TN41AR0082,accepted,150.8
261,14,auto,1390,325,1919,1026,1581,625,1697,705,0.367,228.8,False,,,,,
262,16,car,300,376,918,751,387,630,510,670,0.632,233.4,False,,,,,
262,14,auto,1389,325,1919,1027,1580,627,1695,701,0.353,233.4,False,,,,,
263,16,car,228,377,894,771,316,645,446,690,0.754,229.1,False,,,,,
263,14,auto,1388,324,1919,1027,1582,625,1695,700,0.258,229.1,False,,,,,
264,16,car,150,375,869,798,234,668,372,713,0.771,255.1,False,,,,,
265,16,car,55,373,846,837,141,689,289,741,0.789,229.0,False,,,,,
266,16,car,0,370,819,873,28,714,188,765,0.730,236.7,False,,,,,
267,17,auto,1394,326,1919,1029,1588,628,1696,700,0.465,231.7,True,TN03D9766,0.983,TN03D9766,accepted,290.1
269,17,auto,1392,321,1919,1027,1591,629,1693,694,0.275,221.1,False,,,,,
270,17,auto,1391,325,1919,1027,1588,628,1695,697,0.363,226.9,False,,,,,
272,17,auto,1393,322,1919,1025,1589,629,1697,698,0.372,251.2,False,,,,,
273,17,auto,1391,320,1919,1025,1591,628,1695,695,0.365,233.0,False,,,,,
274,17,auto,1390,324,1919,1027,1589,627,1694,695,0.386,247.4,False,,,,,
275,17,auto,1395,324,1919,1026,1588,628,1701,706,0.386,261.2,False,,,,,
276,17,auto,1391,322,1919,1027,1592,628,1696,696,0.381,220.6,False,,,,,
277,17,auto,1391,323,1919,1029,1591,630,1694,696,0.322,227.0,False,,,,,
278,17,auto,1391,323,1919,1030,1590,631,1695,696,0.349,215.1,False,,,,,
279,17,auto,1390,320,1919,1025,1592,628,1696,693,0.364,234.7,False,,,,,
280,17,auto,1391,324,1919,1028,1592,629,1695,694,0.409,233.9,False,,,,,
281,17,auto,1393,322,1919,1027,1589,628,1700,702,0.445,217.6,False,,,,,
282,17,auto,1392,322,1919,1027,1587,630,1697,704,0.258,230.8,False,,,,,
285,17,auto,1393,320,1919,1026,1591,628,1697,696,0.495,225.9,False,,,,,
286,17,auto,1392,320,1919,1026,1592,628,1695,695,0.339,217.6,False,,,,,
287,17,auto,1395,321,1919,1027,1588,628,1701,708,0.268,220.4,False,,,,,
289,17,auto,1395,322,1919,1028,1590,627,1701,705,0.498,224.1,False,,,,,
290,17,auto,1393,325,1919,1029,1589,628,1695,699,0.325,224.8,False,,,,,
299,18,auto,1395,324,1919,1027,1593,628,1697,697,0.339,225.3,True,TN03D9766,0.984,TN03D9766,accepted,175.9
299,19,auto,1395,324,1919,1027,1672,803,1785,872,0.271,225.3,True,,,,no_text,52.4
305,20,auto,1394,322,1918,1027,1698,823,1782,869,0.341,221.1,True,,,,no_text,54.6
310,21,auto,1392,321,1919,1028,1696,820,1781,870,0.358,216.1,True,,,,no_text,46.8
311,21,auto,1393,319,1919,1028,1695,820,1782,870,0.322,203.6,True,,,,no_text,50.9
312,22,auto,1397,323,1919,1028,1591,628,1695,697,0.297,222.2,True,TN03D9766,0.976,TN03D9766,accepted,239.8
314,21,auto,1393,320,1919,1025,1699,824,1782,869,0.286,338.3,True,,,,no_text,41.8
315,22,auto,1395,324,1919,1028,1589,630,1695,699,0.261,335.1,False,,,,,
318,23,motorcycle,1395,318,1918,1024,1695,818,1782,870,0.250,220.2,True,,,,no_text,36.0
320,23,auto,1392,321,1918,1026,1692,817,1782,870,0.292,220.4,True,,,,no_text,42.1
323,23,auto,1396,322,1919,1026,1695,818,1778,869,0.327,220.1,True,,,,no_text,32.7
324,23,auto,1396,323,1919,1025,1690,813,1777,870,0.334,205.7,True,,,,no_text,34.8
325,23,auto,1394,320,1919,1026,1696,822,1781,870,0.300,216.7,True,,,,no_text,34.7
333,24,auto,1394,321,1918,1026,1694,820,1783,870,0.275,229.2,True,,,,no_text,53.9
334,24,auto,1394,320,1919,1026,1694,822,1781,870,0.373,226.3,True,,,,no_text,55.2
336,24,auto,1394,321,1919,1026,1694,820,1781,870,0.311,228.5,True,,,,no_text,52.9
337,24,auto,1395,322,1918,1027,1694,818,1781,870,0.275,226.5,True,,,,no_text,52.9
338,24,auto,1396,324,1918,1026,1689,813,1776,870,0.287,232.2,True,,,,no_text,49.6
340,24,auto,1396,320,1919,1026,1694,820,1779,870,0.314,226.6,True,,,,no_text,52.7
341,24,auto,1396,321,1919,1026,1696,822,1782,870,0.306,226.4,True,,,,no_text,55.6
343,24,motorcycle,1402,321,1918,1026,1691,812,1783,871,0.273,226.5,True,,,,no_text,51.9
344,24,auto,1393,321,1919,1026,1696,822,1785,870,0.286,235.9,True,,,,no_text,55.8
347,24,auto,1396,322,1918,1028,1696,822,1786,871,0.255,229.4,True,,,,no_text,55.7
349,24,auto,1394,320,1919,1025,1690,818,1782,870,0.294,227.6,True,,,,no_text,55.1
357,25,auto,1395,323,1919,1026,1693,821,1785,869,0.386,229.1,True,,,,no_text,56.9
358,25,auto,1397,323,1919,1028,1691,817,1780,870,0.289,222.6,True,,,,no_text,52.5
366,26,auto,1394,319,1919,1024,1591,628,1701,693,0.278,326.4,True,TN03D9766,0.990,TN03D9766,accepted,163.0
368,27,auto,1393,320,1919,1026,1694,817,1783,870,0.299,330.0,True,,,,no_text,37.8
369,27,auto,1392,320,1919,1026,1687,814,1779,870,0.282,244.5,True,,,,no_text,41.8
372,28,motorcycle,1164,423,1241,545,1144,428,1185,468,0.265,229.0,True,,,,no_text,83.1
373,29,auto,1392,329,1919,1030,1586,629,1696,698,0.347,228.9,True,TN03D9766,0.978,TN03D9766,accepted,160.5
374,29,auto,1394,331,1919,1031,1583,629,1694,702,0.336,310.6,False,,,,,
375,29,auto,1391,329,1919,1033,1582,630,1698,714,0.275,316.6,False,,,,,
376,29,auto,1393,328,1919,1030,1586,630,1697,698,0.512,308.4,False,,,,,
377,29,auto,1392,330,1919,1032,1586,631,1696,700,0.257,310.1,False,,,,,
378,29,auto,1397,330,1919,1029,1590,629,1695,697,0.492,317.4,False,,,,,
379,29,auto,1396,329,1919,1031,1588,630,1699,702,0.420,357.1,False,,,,,
380,29,auto,1392,332,1918,1034,1589,635,1706,711,0.322,401.2,False,,,,,
381,29,auto,1395,333,1918,1033,1587,634,1694,698,0.376,325.2,False,,,,,
382,29,auto,1393,332,1918,1032,1587,633,1696,700,0.370,325.8,False,,,,,
383,29,auto,1394,332,1918,1033,1588,635,1698,699,0.311,329.2,False,,,,,
384,29,auto,1393,329,1919,1031,1589,630,1698,701,0.471,277.4,False,,,,,
385,29,auto,1392,331,1918,1034,1586,633,1703,705,0.394,259.4,False,,,,,
386,29,auto,1392,333,1918,1034,1588,634,1705,706,0.350,215.7,False,,,,,
387,29,auto,1391,332,1918,1034,1586,633,1702,704,0.404,222.3,False,,,,,
388,29,auto,1400,331,1918,1032,1591,634,1700,699,0.545,220.5,False,,,,,
389,29,auto,1398,330,1918,1032,1590,634,1703,700,0.473,221.0,False,,,,,
390,29,auto,1396,330,1919,1032,1591,631,1698,699,0.388,226.0,False,,,,,
391,29,auto,1394,330,1918,1031,1589,633,1703,700,0.379,219.4,False,,,,,
391,30,car,1062,402,1143,499,1105,463,1160,498,0.363,219.4,True,,,,no_text,51.7
392,29,auto,1397,331,1918,1033,1587,630,1709,705,0.550,232.0,False,,,,,
392,29,auto,1397,331,1918,1033,1582,624,1711,752,0.376,232.0,False,,,,,
392,30,car,1059,402,1144,499,1107,458,1163,500,0.270,232.0,True,,,,no_text,48.1
393,29,auto,1402,330,1918,1031,1593,632,1706,699,0.576,253.4,False,,,,,
394,29,auto,1402,333,1918,1035,1594,633,1712,706,0.608,223.5,False,,,,,
394,29,auto,1402,333,1918,1035,1591,629,1715,755,0.441,223.5,False,,,,,
395,29,auto,1401,329,1919,1033,1597,632,1707,698,0.522,220.1,False,,,,,
396,29,auto,1401,330,1919,1034,1595,633,1711,705,0.608,220.7,False,,,,,
396,29,auto,1401,330,1919,1034,1592,629,1716,756,0.525,220.7,False,,,,,
397,29,auto,1401,329,1919,1034,1596,633,1710,701,0.651,222.3,False,,,,,
397,29,auto,1401,329,1919,1034,1594,630,1715,754,0.334,222.3,False,,,,,
397,31,car,1018,395,1120,509,1090,460,1135,501,0.272,222.3,True,,,,no_text,43.7
398,29,auto,1405,329,1918,1034,1598,632,1711,701,0.634,225.1,False,,,,,
398,29,auto,1405,329,1918,1034,1595,629,1716,753,0.369,225.1,False,,,,,
399,29,auto,1404,330,1918,1036,1598,633,1711,700,0.498,222.4,False,,,,,
399,31,car,1009,394,1112,519,1058,490,1110,512,0.261,222.4,True,,,,no_text,62.8
400,29,auto,1405,329,1918,1035,1596,631,1711,702,0.593,222.8,False,,,,,
400,29,auto,1405,329,1918,1035,1594,629,1716,756,0.363,222.8,False,,,,,
400,31,car,998,395,1105,516,1062,489,1110,513,0.296,222.8,True,,,,no_text,56.1
401,29,auto,1403,331,1919,1033,1597,632,1709,701,0.324,234.7,False,,,,,
402,29,auto,1406,329,1919,1036,1600,634,1709,699,0.517,222.0,False,,,,,
402,31,motorcycle,1008,449,1144,679,996,487,1049,516,0.350,222.0,True,,,,no_text,55.4
403,29,auto,1407,329,1920,1035,1601,628,1712,700,0.540,220.8,False,,,,,
403,31,car,982,391,1116,524,1039,493,1092,518,0.297,220.8,True,,,,no_text,55.1
404,29,auto,1408,329,1919,1037,1601,630,1715,702,0.639,328.0,False,,,,,
404,29,auto,1408,329,1919,1037,1600,627,1719,737,0.252,328.0,False,,,,,
405,29,auto,1408,331,1919,1036,1599,630,1716,702,0.606,333.4,False,,,,,
406,29,auto,1404,327,1920,1036,1600,629,1713,699,0.501,255.4,False,,,,,
406,31,motorcycle,968,461,1114,712,1004,557,1061,584,0.390,255.4,True,,,,no_text,57.4
407,29,auto,1408,329,1919,1035,1599,631,1716,704,0.620,334.4,False,,,,,
407,29,auto,1408,329,1919,1035,1597,628,1721,749,0.292,334.4,False,,,,,
408,29,auto,1407,329,1919,1036,1600,629,1715,703,0.680,331.4,False,,,,,
408,31,motorcycle,943,457,1102,732,981,562,1036,591,0.379,331.4,True,,,,no_text,43.6
408,29,auto,1407,329,1919,1036,1598,625,1720,744,0.307,331.4,False,,,,,
408,31,car,927,373,1114,537,992,504,1053,533,0.264,331.4,True,,,,no_text,48.1
409,29,auto,1406,328,1919,1037,1601,629,1713,698,0.628,326.2,False,,,,,
409,31,motorcycle,902,470,1076,770,935,578,1004,613,0.511,326.2,True,,,,no_text,36.9
409,31,motorcycle,902,470,1076,770,938,584,1006,620,0.484,326.2,True,,,,no_text,35.9
410,29,auto,1405,328,1920,1037,1602,628,1711,697,0.589,323.0,False,,,,,
410,31,motorcycle,890,463,1067,780,921,590,983,625,0.474,323.0,True,,,,no_text,34.7
411,29,auto,1404,327,1919,1037,1601,629,1712,700,0.673,323.9,False,,,,,
411,31,motorcycle,865,469,1063,794,907,596,975,637,0.348,323.9,True,,,,no_text,33.3
411,31,motorcycle,865,469,1063,794,905,591,978,626,0.272,323.9,True,,,,no_text,36.6
412,29,auto,1405,328,1919,1036,1602,629,1711,700,0.679,324.1,False,,,,,
412,31,motorcycle,851,478,1043,810,895,532,953,560,0.312,324.1,True,,,,no_text,37.6
412,31,motorcycle,851,478,1043,810,885,606,947,645,0.267,324.1,True,,,,no_text,36.1
413,29,auto,1409,329,1920,1034,1604,631,1715,699,0.615,325.1,False,,,,,
413,31,motorcycle,829,480,1041,833,863,600,940,637,0.322,325.1,True,,,,no_text,117.9
414,29,auto,1412,328,1919,1033,1605,629,1718,701,0.672,326.0,False,,,,,
415,29,auto,1414,329,1920,1034,1608,631,1719,703,0.628,324.2,False,,,,,
415,31,motorcycle,778,487,1020,877,840,556,909,595,0.324,324.2,True,,,,no_text,35.1
415,32,motorcycle,1046,443,1177,639,1077,490,1133,519,0.251,324.2,True,,,,no_text,115.0
416,29,auto,1414,331,1917,1034,1610,633,1719,703,0.603,326.5,False,,,,,
416,29,auto,1414,331,1917,1034,1604,628,1726,748,0.325,326.5,False,,,,,
417,29,auto,1411,329,1919,1034,1612,632,1718,699,0.594,331.2,False,,,,,
417,32,motorcycle,1038,446,1166,653,1068,499,1124,523,0.305,331.2,True,,,,no_text,41.2
417,31,motorcycle,722,503,1001,925,782,579,858,620,0.284,331.2,True,,,,no_text,36.2
417,29,auto,1411,329,1919,1034,1606,627,1726,746,0.261,331.2,False,,,,,
418,29,auto,1412,329,1920,1033,1610,632,1715,699,0.542,326.3,False,,,,,
418,32,motorcycle,1029,447,1162,660,1060,500,1122,526,0.269,326.3,True,,,,no_text,119.8
419,29,auto,1417,331,1918,1036,1613,634,1725,702,0.525,329.7,False,,,,,
419,32,motorcycle,1024,448,1159,668,1058,507,1110,538,0.303,329.7,True,,,,no_text,33.2
420,29,auto,1417,330,1919,1034,1610,632,1725,702,0.589,324.6,False,,,,,
420,32,motorcycle,1016,450,1160,675,1054,508,1111,540,0.354,324.6,True,,,,no_text,114.5
420,29,auto,1417,330,1919,1034,1607,624,1732,748,0.250,324.6,False,,,,,
421,29,auto,1419,331,1919,1034,1612,631,1726,702,0.641,328.5,False,,,,,
421,32,motorcycle,1012,453,1158,683,1044,510,1105,542,0.401,328.5,True,,,,no_text,35.7
421,29,auto,1419,331,1919,1034,1611,624,1732,735,0.400,328.5,False,,,,,
422,29,auto,1419,330,1919,1034,1612,631,1727,703,0.629,325.1,False,,,,,
422,32,motorcycle,1005,453,1156,690,1039,510,1100,544,0.519,325.1,True,,,,no_text,114.5
422,29,auto,1419,330,1919,1034,1610,624,1733,740,0.355,325.1,False,,,,,
423,29,auto,1418,327,1920,1034,1611,626,1729,705,0.649,326.4,False,,,,,
423,32,motorcycle,995,452,1151,697,1033,512,1099,546,0.485,326.4,True,,,,no_text,39.2
423,32,motorcycle,995,452,1151,697,1033,581,1080,609,0.275,326.4,True,,,,no_text,33.7
423,29,auto,1418,327,1920,1034,1609,621,1734,743,0.264,326.4,False,,,,,
424,29,auto,1423,329,1920,1034,1615,628,1735,703,0.628,324.6,False,,,,,
424,32,motorcycle,975,457,1141,714,1017,594,1069,631,0.430,324.6,True,,,,no_text,31.2
424,32,motorcycle,975,457,1141,714,1017,525,1078,552,0.391,324.6,True,,,,no_text,39.3
424,29,auto,1423,329,1920,1034,1613,622,1741,744,0.320,324.6,False,,,,,
424,32,motorcycle,975,457,1141,714,1014,529,1076,558,0.311,324.6,True,,,,no_text,37.4
425,29,auto,1423,330,1919,1035,1614,630,1735,701,0.609,327.0,False,,,,,
425,32,motorcycle,966,464,1133,724,1005,527,1072,562,0.513,327.0,True,,,,no_text,36.0
425,29,auto,1423,330,1919,1035,1614,623,1740,736,0.316,327.0,False,,,,,
426,29,auto,1425,331,1918,1036,1614,630,1737,704,0.666,325.2,False,,,,,
426,32,motorcycle,958,458,1134,733,995,532,1061,568,0.607,325.2,True,,,,no_text,39.6
426,29,auto,1425,331,1918,1036,1615,624,1741,733,0.504,325.2,False,,,,,
427,29,auto,1423,330,1919,1034,1617,627,1737,702,0.595,326.8,False,,,,,
427,32,motorcycle,950,465,1128,747,985,538,1052,570,0.486,326.8,True,,,,no_text,38.4
427,32,motorcycle,950,465,1128,747,989,613,1036,653,0.386,326.8,True,,,,no_text,28.4
427,33,car,516,388,927,677,572,581,619,611,0.253,326.8,True,23,0.993,,rejected,113.3
428,29,auto,1424,330,1919,1035,1619,627,1739,705,0.682,327.9,False,,,,,
428,32,motorcycle,932,467,1119,758,971,537,1049,576,0.668,327.9,True,,,,no_text,115.6
428,33,car,449,386,910,699,501,590,574,626,0.622,327.9,False,,,,,
428,29,auto,1424,330,1919,1035,1618,623,1744,739,0.435,327.9,False,,,,,
428,32,motorcycle,932,467,1119,758,977,623,1030,660,0.346,327.9,True,,,,no_text,32.7
429,33,car,388,388,891,717,420,602,525,638,0.715,328.1,False,,,,,
429,29,auto,1428,329,1920,1036,1618,629,1740,707,0.627,328.1,False,,,,,
429,32,motorcycle,926,473,1113,772,963,547,1034,582,0.506,328.1,True,,,,no_text,37.5
429,29,auto,1428,329,1920,1036,1619,624,1745,737,0.343,328.1,False,,,,,
430,33,car,293,390,868,732,356,615,467,647,0.725,332.0,False,,,,,
430,32,motorcycle,911,473,1108,783,948,552,1023,590,0.625,332.0,True,,,,no_text,53.6
430,29,auto,1426,328,1919,1034,1619,627,1737,700,0.601,332.0,False,,,,,
431,33,car,212,389,846,751,289,628,404,662,0.795,332.4,False,,,,,
431,32,motorcycle,897,466,1103,802,941,557,1006,597,0.711,332.4,True,,,,no_text,113.5
431,29,auto,1428,328,1919,1035,1620,625,1738,704,0.606,332.4,False,,,,,
432,33,car,140,391,822,774,214,646,338,680,0.734,321.3,False,,,,,
432,32,motorcycle,881,472,1100,815,922,563,995,601,0.625,321.3,True,100151,0.821,,rejected,178.8
432,29,auto,1427,327,1920,1035,1621,626,1738,702,0.581,321.3,False,,,,,
433,33,car,58,391,796,802,132,663,262,700,0.732,334.2,False,,,,,
433,29,auto,1427,326,1920,1035,1622,628,1740,700,0.696,334.2,False,,,,,
433,32,motorcycle,858,477,1091,839,904,576,983,614,0.641,334.2,False,,,,,
434,33,car,2,393,771,836,33,685,166,723,0.750,320.1,False,,,,,
434,29,auto,1429,326,1919,1037,1625,628,1738,699,0.661,320.1,False,,,,,
434,32,motorcycle,839,482,1084,860,887,585,970,623,0.600,320.1,False,,,,,
435,33,car,0,392,734,867,0,708,62,755,0.631,321.5,False,,,,,
435,32,motorcycle,819,477,1072,884,862,593,949,639,0.592,321.5,False,,,,,
435,29,auto,1427,328,1919,1038,1627,631,1741,700,0.504,321.5,False,,,,,
436,32,motorcycle,792,487,1066,903,840,603,933,648,0.656,319.0,False,,,,,
436,29,auto,1423,326,1920,1038,1628,630,1739,697,0.588,319.0,False,,,,,
437,32,motorcycle,767,491,1058,937,817,611,913,663,0.621,322.7,False,,,,,
437,29,auto,1425,328,1920,1038,1630,629,1739,697,0.461,322.7,False,,,,,
438,32,motorcycle,740,496,1048,962,790,632,885,678,0.639,320.6,False,,,,,
438,29,auto,1430,328,1920,1039,1634,631,1742,698,0.377,320.6,False,,,,,
439,32,motorcycle,700,500,1041,995,760,646,857,693,0.580,320.0,False,,,,,
440,32,motorcycle,664,502,1028,1031,720,654,827,713,0.587,320.5,False,,,,,
440,29,auto,1435,330,1920,1037,1636,631,1743,697,0.352,320.5,False,,,,,
441,29,auto,1438,328,1920,1038,1636,628,1755,701,0.549,320.4,False,,,,,
441,32,motorcycle,569,502,990,1078,642,696,749,761,0.412,320.4,False,,,,,
442,32,motorcycle,508,535,959,1080,582,721,698,792,0.522,321.5,False,,,,,
442,29,auto,1438,328,1920,1038,1638,627,1757,704,0.470,321.5,False,,,,,
443,32,motorcycle,439,540,934,1078,522,748,645,822,0.681,322.3,False,,,,,
444,32,motorcycle,348,552,900,1078,439,783,573,861,0.519,323.4,False,,,,,
445,32,motorcycle,236,580,872,1078,339,821,484,908,0.410,323.0,False,,,,,
445,29,auto,1444,326,1920,1038,1638,627,1761,704,0.363,323.0,False,,,,,
446,29,auto,1445,328,1919,1040,1640,627,1762,703,0.478,323.2,False,,,,,
446,32,motorcycle,120,600,825,1079,206,873,382,966,0.462,323.2,False,,,,,
447,29,auto,1446,328,1919,1040,1639,628,1761,704,0.528,325.7,False,,,,,
449,29,auto,1445,327,1919,1040,1643,630,1756,702,0.448,331.9,False,,,,,
450,29,auto,1447,328,1920,1039,1643,628,1757,701,0.292,322.8,False,,,,,
450,34,auto,1447,328,1920,1039,1839,729,1919,775,0.270,322.8,True,LPG,0.988,,rejected,131.6
451,29,auto,1444,325,1919,1040,1642,627,1758,704,0.271,319.7,False,,,,,
453,29,auto,1445,329,1920,1040,1642,627,1759,705,0.329,334.5,False,,,,,
458,35,auto,1444,327,1920,1040,1639,628,1757,704,0.273,227.4,True,TN03D9766,0.978,TN03D9766,accepted,225.1
459,35,auto,1442,328,1919,1040,1639,626,1761,707,0.391,215.8,False,,,,,
461,35,auto,1445,327,1920,1040,1638,626,1760,710,0.378,221.7,False,,,,,
462,35,auto,1444,327,1920,1040,1637,625,1761,712,0.345,200.9,False,,,,,
464,35,auto,1446,326,1920,1040,1639,626,1760,708,0.319,227.9,False,,,,,
465,35,auto,1445,327,1920,1040,1639,627,1760,707,0.392,234.9,False,,,,,
466,35,auto,1444,328,1919,1040,1639,627,1761,707,0.259,326.7,False,,,,,
467,35,auto,1444,327,1920,1040,1639,627,1760,706,0.406,296.6,False,,,,,
468,35,auto,1444,326,1920,1039,1640,628,1759,705,0.456,508.3,False,,,,,
468,35,auto,1444,326,1920,1039,1633,624,1766,757,0.259,508.3,False,,,,,
469,35,auto,1445,323,1920,1039,1639,628,1756,706,0.499,332.7,False,,,,,
469,35,auto,1445,323,1920,1039,1632,625,1761,757,0.317,332.7,False,,,,,
470,35,auto,1446,326,1920,1040,1639,628,1755,706,0.406,334.6,False,,,,,
471,35,auto,1445,327,1920,1040,1638,626,1758,711,0.485,516.9,False,,,,,
471,35,auto,1445,327,1920,1040,1629,620,1764,757,0.298,516.9,False,,,,,
472,35,auto,1443,328,1920,1040,1639,627,1759,708,0.314,377.0,False,,,,,
473,35,auto,1445,327,1920,1041,1637,626,1759,711,0.457,342.0,False,,,,,
473,35,auto,1445,327,1920,1041,1628,619,1765,757,0.300,342.0,False,,,,,
474,35,auto,1444,327,1920,1041,1637,627,1758,711,0.317,341.7,False,,,,,
475,35,auto,1444,326,1920,1039,1635,628,1756,708,0.290,333.4,False,,,,,
476,35,auto,1446,327,1920,1040,1636,627,1757,711,0.353,327.4,False,,,,,
477,35,auto,1444,327,1920,1040,1636,628,1756,709,0.372,334.4,False,,,,,
478,35,auto,1445,327,1920,1039,1626,623,1761,756,0.497,329.7,False,,,,,
478,35,auto,1445,327,1920,1039,1637,626,1757,729,0.367,329.7,False,,,,,
478,35,auto,1445,327,1920,1039,1598,605,1766,758,0.258,329.7,False,,,,,
479,35,auto,1443,327,1920,1039,1638,629,1758,709,0.453,328.7,False,,,,,
479,35,auto,1443,327,1920,1039,1630,624,1764,758,0.322,328.7,False,,,,,
480,35,auto,1442,323,1919,1039,1637,628,1753,702,0.435,329.4,False,,,,,
481,35,auto,1443,327,1919,1039,1628,624,1762,756,0.252,332.0,False,,,,,
482,36,car,1046,398,1208,514,1084,470,1124,488,0.408,330.7,True,,,,no_text,65.0
482,35,auto,1445,328,1920,1039,1635,627,1757,710,0.370,330.7,False,,,,,
483,35,auto,1445,323,1919,1038,1641,625,1754,699,0.572,245.2,False,,,,,
483,36,car,1040,396,1206,515,1077,469,1120,487,0.512,245.2,True,,,,no_text,61.0
484,35,auto,1444,323,1919,1039,1642,626,1752,698,0.553,225.0,False,,,,,
484,36,car,1033,397,1201,518,1071,474,1114,489,0.276,225.0,True,,,,no_text,145.4
485,35,auto,1444,322,1919,1038,1640,624,1754,699,0.595,219.1,False,,,,,
485,36,car,1022,396,1196,519,1061,471,1108,487,0.524,219.1,True,,,,no_text,71.8
486,35,auto,1444,322,1919,1037,1642,624,1755,699,0.593,234.7,False,,,,,
486,36,car,1013,397,1191,522,1052,477,1096,492,0.322,234.7,True,,,,no_text,166.9
487,35,auto,1443,324,1919,1038,1641,626,1753,700,0.563,382.7,False,,,,,
487,36,car,1004,398,1186,525,1045,478,1092,497,0.360,382.7,True,,,,no_text,67.5
488,36,car,994,396,1182,527,1038,478,1087,496,0.594,321.0,True,,,,no_text,88.7
488,35,auto,1444,323,1919,1037,1641,625,1755,699,0.544,321.0,False,,,,,
489,35,auto,1442,323,1919,1037,1639,624,1758,703,0.620,435.4,False,,,,,
489,36,car,987,397,1179,531,1028,479,1076,502,0.482,435.4,True,,,,no_text,57.4
490,35,auto,1442,322,1919,1035,1637,623,1763,709,0.551,266.4,False,,,,,
490,36,car,976,394,1174,533,1019,479,1072,502,0.481,266.4,True,,,,no_text,143.1
491,36,car,964,393,1171,535,1007,483,1059,504,0.615,419.8,True,,,,no_text,221.9
492,36,car,956,395,1166,540,996,489,1051,507,0.628,307.2,True,,,,no_text,162.6
492,35,auto,1446,321,1919,1036,1641,623,1763,705,0.427,307.2,False,,,,,
493,36,car,942,394,1161,543,988,490,1047,507,0.627,252.4,True,,,,no_text,175.7
493,35,auto,1449,319,1919,1036,1645,625,1761,699,0.285,252.4,False,,,,,
494,36,car,932,394,1158,547,976,493,1034,511,0.668,345.2,True,,,,no_text,159.5
494,35,auto,1450,317,1919,1038,1646,625,1764,700,0.318,345.2,False,,,,,
495,36,car,915,396,1152,553,965,495,1021,514,0.636,255.1,True,,,,no_text,187.3
495,35,auto,1448,317,1919,1038,1648,624,1766,701,0.438,255.1,False,,,,,
496,36,car,905,394,1146,555,950,498,1009,519,0.668,267.4,True,,,,no_text,173.5
496,35,auto,1448,317,1919,1036,1648,619,1770,703,0.267,267.4,False,,,,,
497,36,car,890,395,1138,559,937,501,999,523,0.628,244.7,True,TEGTNTOKRS,0.608,,rejected,390.7
497,35,auto,1450,316,1919,1035,1651,622,1768,703,0.574,244.7,False,,,,,
498,36,car,875,395,1133,562,922,505,983,528,0.654,423.0,False,,,,,
498,35,auto,1451,316,1919,1034,1653,625,1769,700,0.479,423.0,False,,,,,
499,36,car,858,392,1126,568,906,508,970,531,0.699,335.7,False,,,,,
499,35,auto,1451,317,1919,1035,1656,626,1768,699,0.409,335.7,False,,,,,
500,36,car,840,392,1116,573,892,510,957,534,0.748,339.3,False,,,,,
500,35,auto,1453,317,1919,1035,1657,627,1766,697,0.370,339.3,False,,,,,
501,36,car,820,391,1109,579,872,516,938,537,0.704,339.4,False,,,,,
501,35,auto,1456,316,1919,1034,1659,627,1769,695,0.333,339.4,False,,,,,
502,36,car,797,392,1099,586,851,520,916,544,0.763,364.9,False,,,,,
502,37,auto,1457,315,1919,1034,1842,628,1919,774,0.265,364.9,True,,,,no_text,63.7
503,36,car,773,392,1091,594,829,526,901,552,0.661,332.8,False,,,,,
503,35,auto,1460,316,1919,1034,1659,624,1773,700,0.279,332.8,False,,,,,
504,36,car,721,390,1068,609,780,535,858,564,0.757,354.7,False,,,,,
505,36,car,661,392,1041,628,719,553,802,580,0.695,352.6,False,,,,,
506,36,car,623,392,1028,641,684,558,771,588,0.709,359.5,False,,,,,
507,36,car,581,392,1012,655,639,568,735,599,0.641,330.7,False,,,,,
507,38,auto,1461,315,1918,1032,1657,626,1772,698,0.324,330.7,True,TN03D9766,0.955,TN03D9766,accepted,169.9
508,36,car,536,392,996,668,599,578,695,610,0.722,341.7,False,,,,,
508,38,auto,1461,315,1919,1033,1657,626,1772,696,0.339,341.7,False,,,,,
508,39,auto,1461,315,1919,1033,1844,631,1919,774,0.306,341.7,True,,,,no_text,25.7
509,36,car,488,391,980,685,552,591,651,622,0.703,335.2,False,,,,,
509,38,auto,1461,316,1919,1034,1659,625,1771,700,0.417,335.2,False,,,,,
510,36,car,435,392,960,702,496,602,604,636,0.716,364.9,False,,,,,
511,36,car,381,393,939,721,436,613,545,651,0.620,350.0,False,,,,,
512,36,car,310,390,918,741,368,632,483,668,0.752,510.4,False,,,,,
513,36,car,230,392,890,763,286,649,410,690,0.747,334.3,False,,,,,
514,36,car,139,391,866,792,193,668,321,712,0.801,330.1,False,,,,,
515,36,car,39,389,836,823,85,693,219,738,0.770,361.0,False,,,,,
516,36,car,0,391,805,853,0,721,100,773,0.764,344.6,False,,,,,
516,40,auto,1462,317,1919,1031,1657,625,1772,696,0.316,344.6,True,TN03D9766,0.969,TN03D9766,accepted,178.5
517,40,auto,1465,318,1919,1032,1658,620,1779,708,0.353,338.4,False,,,,,
518,40,auto,1464,318,1919,1033,1659,624,1774,700,0.337,582.2,False,,,,,
519,40,auto,1463,317,1919,1033,1656,624,1773,699,0.440,375.2,False,,,,,
519,41,auto,1463,317,1919,1033,1844,632,1919,775,0.296,375.2,True,,,,no_text,26.1
520,41,auto,1462,318,1919,1033,1847,631,1919,766,0.504,338.3,True,,,,no_text,26.0
520,40,auto,1462,318,1919,1033,1657,624,1771,702,0.437,338.3,False,,,,,
521,41,auto,1462,317,1919,1033,1844,631,1919,770,0.403,366.2,True,,,,no_text,26.4
521,40,auto,1462,317,1919,1033,1656,623,1771,702,0.402,366.2,False,,,,,
522,40,auto,1463,319,1919,1034,1660,624,1775,703,0.374,343.7,False,,,,,
523,40,auto,1462,318,1919,1033,1657,622,1774,700,0.533,346.1,False,,,,,
524,40,auto,1461,319,1919,1034,1662,622,1777,699,0.293,355.7,False,,,,,
525,40,auto,1459,321,1919,1036,1658,625,1777,710,0.465,336.3,False,,,,,
526,40,auto,1460,318,1919,1034,1657,624,1771,702,0.377,339.2,False,,,,,
526,42,auto,1460,318,1919,1034,1844,631,1919,768,0.316,339.2,True,,,,no_text,106.0
527,40,auto,1459,318,1919,1035,1657,623,1773,702,0.402,341.7,False,,,,,
527,42,auto,1459,318,1919,1035,1843,631,1920,770,0.255,341.7,True,,,,no_text,27.9
528,40,auto,1459,317,1919,1036,1658,623,1773,703,0.427,360.2,False,,,,,
529,40,auto,1456,317,1919,1036,1658,623,1772,702,0.323,375.6,False,,,,,
529,42,auto,1456,317,1919,1036,1845,629,1919,766,0.282,375.6,True,,,,no_text,107.7
530,40,auto,1458,317,1919,1035,1658,624,1773,700,0.387,338.9,False,,,,,
531,40,auto,1458,318,1919,1035,1659,626,1772,702,0.450,341.8,False,,,,,
531,42,auto,1458,318,1919,1035,1846,630,1919,767,0.291,341.8,True,,,,no_text,26.0
532,40,auto,1458,319,1919,1035,1659,627,1772,701,0.421,524.6,False,,,,,
532,42,auto,1458,319,1919,1035,1846,631,1919,767,0.297,524.6,True,,,,no_text,67.2
533,40,auto,1459,317,1919,1033,1657,625,1772,699,0.371,343.3,False,,,,,
534,40,auto,1457,316,1919,1035,1657,620,1778,711,0.488,375.6,False,,,,,
535,40,auto,1460,319,1919,1035,1659,624,1774,702,0.466,344.7,False,,,,,
536,40,auto,1460,319,1919,1034,1658,623,1777,708,0.490,354.3,False,,,,,
537,40,auto,1459,317,1919,1035,1657,621,1777,705,0.506,378.1,False,,,,,
538,40,auto,1459,316,1919,1034,1657,620,1780,708,0.435,349.1,False,,,,,
539,40,auto,1460,318,1919,1034,1657,621,1779,705,0.506,364.6,False,,,,,
540,40,auto,1460,317,1919,1033,1659,627,1772,696,0.307,350.3,False,,,,,
541,40,auto,1459,317,1919,1032,1657,624,1775,700,0.336,331.5,False,,,,,
542,40,auto,1458,317,1919,1033,1657,620,1779,710,0.500,330.8,False,,,,,
543,40,auto,1460,317,1919,1036,1663,624,1779,704,0.498,328.2,False,,,,,
544,40,auto,1460,319,1919,1034,1660,625,1773,700,0.501,333.5,False,,,,,
545,40,auto,1461,318,1919,1033,1662,624,1776,698,0.520,328.5,False,,,,,
546,40,auto,1460,319,1919,1035,1657,619,1780,711,0.515,314.7,False,,,,,
547,40,auto,1460,319,1919,1033,1657,623,1773,699,0.420,316.0,False,,,,,
548,40,auto,1459,318,1919,1034,1656,623,1772,699,0.379,332.2,False,,,,,
548,43,auto,1459,318,1919,1034,1843,632,1919,775,0.275,332.2,True,,,,no_text,35.2
549,40,auto,1459,318,1919,1035,1657,622,1775,704,0.474,347.8,False,,,,,
550,40,auto,1461,317,1919,1035,1656,620,1778,714,0.538,339.9,False,,,,,
551,40,auto,1460,318,1919,1034,1658,623,1772,702,0.412,331.9,False,,,,,
552,40,auto,1459,317,1918,1035,1656,624,1770,703,0.497,343.2,False,,,,,
552,44,auto,1459,317,1918,1035,1844,632,1919,769,0.355,343.2,True,,,,no_text,39.7
553,40,auto,1457,319,1919,1035,1655,625,1773,712,0.487,345.0,False,,,,,
554,40,auto,1456,318,1919,1035,1656,627,1769,700,0.462,318.4,False,,,,,
555,40,auto,1459,319,1919,1036,1655,625,1772,705,0.604,319.7,False,,,,,
556,40,auto,1457,318,1919,1035,1655,625,1774,709,0.626,332.8,False,,,,,
557,40,auto,1456,318,1919,1035,1655,625,1773,708,0.652,338.9,False,,,,,
558,40,auto,1456,320,1919,1036,1655,623,1774,702,0.646,335.4,False,,,,,
559,40,auto,1456,320,1919,1038,1655,624,1773,702,0.624,337.9,False,,,,,
560,40,auto,1457,317,1919,1037,1654,622,1775,710,0.609,338.1,False,,,,,
560,40,auto,1457,317,1919,1037,1647,619,1779,753,0.295,338.1,False,,,,,
561,40,auto,1458,317,1919,1037,1655,625,1774,711,0.640,332.0,False,,,,,
561,40,auto,1458,317,1919,1037,1648,621,1778,752,0.317,332.0,False,,,,,
562,40,auto,1456,319,1919,1037,1655,622,1776,710,0.616,321.0,False,,,,,
562,40,auto,1456,319,1919,1037,1650,619,1780,754,0.263,321.0,False,,,,,
563,40,auto,1456,317,1919,1037,1654,622,1774,710,0.671,332.4,False,,,,,
563,45,auto,1456,317,1919,1037,1847,635,1920,764,0.409,332.4,True,,,,no_text,37.2
563,40,auto,1456,317,1919,1037,1648,618,1778,755,0.355,332.4,False,,,,,
564,40,auto,1449,322,1919,1039,1652,621,1773,709,0.636,338.7,False,,,,,
564,40,auto,1449,322,1919,1039,1646,618,1778,757,0.411,338.7,False,,,,,
565,40,auto,1456,321,1919,1038,1654,619,1777,714,0.668,339.5,False,,,,,
565,40,auto,1456,321,1919,1038,1645,618,1780,756,0.454,339.5,False,,,,,
565,45,auto,1456,321,1919,1038,1849,634,1920,765,0.334,339.5,True,,,,no_text,137.6
566,40,auto,1456,318,1919,1038,1655,618,1777,714,0.699,349.5,False,,,,,
566,45,auto,1456,318,1919,1038,1848,634,1920,764,0.487,349.5,True,,,,no_text,134.7
566,40,auto,1456,318,1919,1038,1646,618,1780,756,0.442,349.5,False,,,,,
567,40,auto,1453,321,1919,1038,1656,620,1776,707,0.661,349.1,False,,,,,
567,40,auto,1453,321,1919,1038,1648,618,1779,756,0.400,349.1,False,,,,,
567,45,auto,1453,321,1919,1038,1848,634,1920,764,0.342,349.1,True,20,0.667,,rejected,133.6
568,40,auto,1454,321,1919,1039,1654,620,1777,713,0.674,344.8,False,,,,,
568,40,auto,1454,321,1919,1039,1646,618,1779,757,0.466,344.8,False,,,,,
568,45,auto,1454,321,1919,1039,1848,634,1920,772,0.325,344.8,False,,,,,
569,40,auto,1455,321,1919,1038,1656,618,1776,718,0.662,350.4,False,,,,,
569,40,auto,1455,321,1919,1038,1647,617,1780,757,0.481,350.4,False,,,,,
569,45,auto,1455,321,1919,1038,1856,633,1920,759,0.415,350.4,False,,,,,
570,40,auto,1461,326,1920,1037,1657,625,1776,712,0.634,348.2,False,,,,,
570,40,auto,1461,326,1920,1037,1652,621,1780,757,0.449,348.2,False,,,,,
571,40,auto,1462,325,1920,1038,1656,624,1775,713,0.643,344.8,False,,,,,
571,40,auto,1462,325,1920,1038,1652,620,1780,757,0.445,344.8,False,,,,,
571,45,auto,1462,325,1920,1038,1847,637,1920,772,0.286,344.8,False,,,,,
572,40,auto,1455,326,1920,1039,1657,624,1777,715,0.566,334.7,False,,,,,
572,40,auto,1455,326,1920,1039,1650,621,1781,758,0.431,334.7,False,,,,,
573,40,auto,1451,321,1919,1038,1655,624,1772,708,0.650,357.8,False,,,,,
573,40,auto,1451,321,1919,1038,1651,619,1778,757,0.332,357.8,False,,,,,
573,45,auto,1451,321,1919,1038,1859,636,1920,758,0.296,357.8,False,,,,,
574,40,auto,1446,322,1919,1040,1652,622,1775,721,0.540,350.6,False,,,,,
574,40,auto,1446,322,1919,1040,1646,619,1779,757,0.473,350.6,False,,,,,
574,45,auto,1446,322,1919,1040,1857,637,1920,762,0.329,350.6,False,,,,,
575,40,auto,1447,322,1919,1040,1653,621,1774,719,0.521,347.7,False,,,,,
575,40,auto,1447,322,1919,1040,1646,618,1778,757,0.428,347.7,False,,,,,
575,45,auto,1447,322,1919,1040,1846,637,1920,776,0.265,347.7,False,,,,,
576,40,auto,1450,319,1919,1039,1654,623,1773,709,0.521,344.0,False,,,,,
576,45,auto,1450,319,1919,1039,1858,634,1920,755,0.468,344.0,False,,,,,
577,40,auto,1453,319,1919,1039,1655,623,1773,712,0.629,339.6,False,,,,,
577,40,auto,1453,319,1919,1039,1649,618,1778,757,0.365,339.6,False,,,,,
578,40,auto,1448,325,1920,1038,1651,623,1777,745,0.418,345.5,False,,,,,
578,45,auto,1448,325,1920,1038,1858,637,1920,761,0.352,345.5,False,,,,,
578,40,auto,1448,325,1920,1038,1654,627,1774,711,0.311,345.5,False,,,,,
579,40,auto,1453,323,1919,1039,1655,623,1778,716,0.664,349.6,False,,,,,
579,40,auto,1453,323,1919,1039,1649,620,1780,757,0.514,349.6,False,,,,,
579,45,auto,1453,323,1919,1039,1846,637,1920,772,0.313,349.6,False,,,,,
580,40,auto,1454,326,1920,1037,1655,623,1776,718,0.673,346.0,False,,,,,
580,40,auto,1454,326,1920,1037,1649,620,1779,756,0.537,346.0,False,,,,,
580,45,auto,1454,326,1920,1037,1846,638,1920,774,0.275,346.0,False,,,,,
581,40,auto,1451,325,1920,1038,1655,627,1774,708,0.486,345.7,False,,,,,
581,45,auto,1451,325,1920,1038,1858,638,1920,757,0.275,345.7,False,,,,,
582,40,auto,1451,323,1919,1038,1656,624,1777,707,0.674,344.8,False,,,,,
582,40,auto,1451,323,1919,1038,1651,621,1780,758,0.458,344.8,False,,,,,
582,45,auto,1451,323,1919,1038,1847,637,1920,773,0.331,344.8,False,,,,,
583,40,auto,1454,324,1920,1038,1656,628,1770,702,0.545,348.8,False,,,,,
583,40,auto,1454,324,1920,1038,1653,620,1778,757,0.253,348.8,False,,,,,
584,40,auto,1453,323,1919,1040,1651,624,1773,720,0.482,347.4,False,,,,,
584,45,auto,1453,323,1919,1040,1849,637,1919,768,0.479,347.4,False,,,,,
584,40,auto,1453,323,1919,1040,1645,619,1778,758,0.407,347.4,False,,,,,
585,40,auto,1457,323,1919,1039,1657,624,1774,710,0.635,350.1,False,,,,,
585,40,auto,1457,323,1919,1039,1652,619,1779,758,0.512,350.1,False,,,,,
586,40,auto,1459,326,1920,1037,1655,627,1771,705,0.565,345.6,False,,,,,
586,40,auto,1459,326,1920,1037,1653,619,1779,757,0.389,345.6,False,,,,,
587,40,auto,1456,320,1919,1038,1653,624,1772,712,0.625,348.0,False,,,,,
587,40,auto,1456,320,1919,1038,1648,618,1778,757,0.374,348.0,False,,,,,
587,45,auto,1456,320,1919,1038,1845,637,1920,773,0.258,348.0,False,,,,,
588,40,auto,1450,323,1919,1040,1648,623,1773,709,0.411,348.6,False,,,,,
588,45,auto,1450,323,1919,1040,1844,678,1920,771,0.355,348.6,False,,,,,
588,45,auto,1450,323,1919,1040,1847,636,1920,772,0.343,348.6,False,,,,,
589,40,auto,1452,322,1919,1041,1651,626,1773,718,0.511,352.3,False,,,,,
589,40,auto,1452,322,1919,1041,1644,621,1778,760,0.444,352.3,False,,,,,
590,40,auto,1455,323,1919,1040,1650,624,1774,714,0.502,349.7,False,,,,,
590,40,auto,1455,323,1919,1040,1643,620,1778,760,0.309,349.7,False,,,,,
590,45,auto,1455,323,1919,1040,1844,666,1920,774,0.255,349.7,False,,,,,
591,40,auto,1447,324,1919,1040,1647,623,1768,704,0.538,342.8,False,,,,,
592,40,auto,1446,327,1919,1041,1648,625,1764,703,0.491,346.5,False,,,,,
593,40,auto,1442,324,1919,1041,1647,623,1769,706,0.501,349.7,False,,,,,
594,40,auto,1451,328,1920,1041,1644,624,1775,752,0.633,345.2,False,,,,,
594,46,auto,1451,328,1920,1041,1840,693,1919,780,0.297,345.2,True,2020PG,0.832,,rejected,194.2
595,40,auto,1447,329,1919,1043,1648,629,1765,709,0.395,345.8,False,,,,,
596,40,auto,1442,331,1920,1043,1645,631,1761,707,0.270,351.6,False,,,,,
597,40,auto,1433,332,1919,1043,1637,636,1750,711,0.357,354.6,False,,,,,
598,40,auto,1429,332,1920,1042,1632,634,1746,709,0.339,346.1,False,,,,,
599,40,auto,1431,330,1919,1044,1636,636,1745,707,0.310,348.1,False,,,,,
600,40,auto,1434,333,1920,1042,1630,629,1764,756,0.500,347.1,False,,,,,
602,40,auto,1436,331,1919,1043,1630,631,1763,754,0.464,347.2,False,,,,,
606,47,auto,1418,336,1919,1047,1627,638,1738,717,0.307,350.7,True,TN03D9766,0.968,TN03D9766,accepted,202.9
608,47,auto,1421,336,1919,1044,1619,631,1738,726,0.526,343.0,False,,,,,
609,47,auto,1419,336,1919,1042,1616,635,1736,724,0.537,327.0,False,,,,,
610,47,auto,1418,332,1919,1041,1619,631,1737,720,0.406,341.7,False,,,,,
611,47,auto,1422,332,1920,1042,1619,630,1737,721,0.506,347.3,False,,,,,
612,47,auto,1421,335,1920,1041,1619,633,1737,723,0.615,343.7,False,,,,,
613,47,auto,1418,331,1919,1041,1616,632,1737,738,0.545,353.9,False,,,,,
614,47,auto,1421,335,1920,1040,1615,631,1740,744,0.619,353.3,False,,,,,
614,47,auto,1421,335,1920,1040,1600,621,1748,759,0.343,353.3,False,,,,,
615,47,auto,1416,333,1920,1038,1608,627,1737,756,0.597,346.8,False,,,,,
616,47,auto,1416,331,1920,1039,1603,627,1735,756,0.657,349.9,False,,,,,
617,47,auto,1416,333,1920,1039,1604,627,1734,754,0.657,346.7,False,,,,,
618,47,auto,1413,334,1920,1041,1613,632,1734,714,0.561,343.6,False,,,,,
618,47,auto,1413,334,1920,1041,1607,626,1736,742,0.410,343.6,False,,,,,
619,47,auto,1414,332,1920,1040,1610,631,1731,719,0.594,348.0,False,,,,,
619,47,auto,1414,332,1920,1040,1603,626,1733,750,0.572,348.0,False,,,,,
620,47,auto,1412,335,1920,1042,1611,632,1722,712,0.575,346.9,False,,,,,
621,47,auto,1405,334,1919,1042,1605,632,1722,715,0.573,353.4,False,,,,,
622,47,auto,1409,335,1920,1043,1606,635,1719,714,0.506,352.6,False,,,,,
623,47,auto,1408,336,1920,1044,1608,637,1713,711,0.376,349.7,False,,,,,
624,47,auto,1410,334,1920,1042,1610,633,1720,711,0.559,338.5,False,,,,,
625,47,auto,1412,336,1920,1044,1610,635,1726,717,0.552,338.9,False,,,,,
626,47,auto,1410,334,1920,1039,1610,632,1721,709,0.498,339.5,False,,,,,
627,47,auto,1413,337,1920,1042,1611,634,1720,712,0.580,338.0,False,,,,,
628,47,auto,1413,335,1920,1043,1610,633,1724,716,0.534,341.2,False,,,,,
629,47,auto,1413,337,1920,1045,1609,632,1731,731,0.485,348.0,False,,,,,
630,47,auto,1408,336,1920,1044,1611,637,1720,715,0.519,346.6,False,,,,,
631,47,auto,1413,338,1920,1044,1611,632,1733,728,0.467,344.6,False,,,,,
632,47,auto,1411,337,1920,1045,1614,635,1729,725,0.317,348.5,False,,,,,
633,47,auto,1411,337,1920,1045,1611,634,1723,715,0.566,350.2,False,,,,,
634,47,auto,1409,338,1920,1049,1609,643,1720,718,0.461,349.8,False,,,,,
636,47,auto,1413,337,1920,1047,1613,635,1731,728,0.288,350.4,False,,,,,
637,47,auto,1409,337,1920,1047,1610,638,1726,717,0.399,349.2,False,,,,,
638,47,auto,1409,339,1920,1047,1611,639,1723,715,0.366,353.1,False,,,,,
639,47,auto,1410,338,1920,1045,1610,636,1728,720,0.296,342.5,False,,,,,
640,47,auto,1413,337,1920,1045,1610,630,1733,735,0.367,341.6,False,,,,,
642,47,auto,1413,339,1920,1045,1613,636,1731,732,0.293,348.8,False,,,,,
644,47,auto,1414,340,1920,1052,1612,645,1722,722,0.467,344.6,False,,,,,
645,47,auto,1414,339,1920,1049,1616,639,1725,722,0.289,353.6,False,,,,,
646,47,auto,1412,341,1920,1052,1611,642,1724,731,0.414,356.0,False,,,,,
647,47,auto,1413,343,1920,1056,1612,650,1717,720,0.278,348.0,False,,,,,
649,47,auto,1412,341,1920,1053,1612,650,1715,717,0.343,348.6,False,,,,,
652,47,auto,1413,341,1920,1052,1611,642,1722,727,0.298,351.2,False,,,,,
656,48,auto,1415,342,1920,1052,1613,649,1719,719,0.285,345.3,True,TN03D9766,0.988,TN03D9766,accepted,274.8
658,48,auto,1415,341,1920,1054,1616,642,1726,725,0.544,345.8,False,,,,,
659,48,auto,1415,342,1920,1054,1616,642,1727,724,0.435,346.4,False,,,,,
660,48,auto,1414,341,1920,1055,1616,641,1726,722,0.481,347.4,False,,,,,
662,48,auto,1415,342,1920,1056,1615,640,1726,723,0.494,352.7,False,,,,,
663,48,auto,1415,341,1920,1056,1616,642,1726,724,0.524,331.9,False,,,,,
664,48,auto,1414,342,1920,1056,1613,642,1730,725,0.467,340.2,False,,,,,
666,48,auto,1413,341,1920,1056,1616,643,1725,726,0.293,343.7,False,,,,,
667,48,auto,1416,342,1920,1057,1616,641,1731,727,0.512,332.7,False,,,,,
668,48,auto,1415,341,1920,1056,1616,641,1733,727,0.540,339.9,False,,,,,
669,48,auto,1415,341,1920,1053,1616,639,1733,729,0.504,346.2,False,,,,,
670,48,auto,1416,343,1920,1058,1614,644,1723,727,0.421,347.7,False,,,,,
671,48,auto,1413,342,1920,1055,1613,645,1721,725,0.312,341.8,False,,,,,
672,48,auto,1412,344,1920,1061,1615,648,1720,728,0.662,344.9,False,,,,,
673,48,auto,1411,344,1920,1061,1615,648,1722,729,0.569,344.3,False,,,,,
674,48,auto,1413,345,1920,1062,1616,647,1726,728,0.712,344.4,False,,,,,
675,48,auto,1415,345,1920,1061,1617,649,1727,729,0.638,343.8,False,,,,,
676,48,auto,1415,344,1920,1061,1616,647,1728,732,0.667,345.1,False,,,,,
677,48,auto,1416,344,1920,1064,1615,645,1729,734,0.705,349.9,False,,,,,
678,48,auto,1411,347,1920,1063,1615,650,1720,729,0.560,348.9,False,,,,,
679,48,auto,1408,348,1920,1066,1613,648,1728,737,0.624,335.7,False,,,,,
680,48,auto,1408,347,1920,1064,1615,645,1729,737,0.650,332.9,False,,,,,
681,48,auto,1408,348,1920,1065,1610,651,1726,738,0.651,328.0,False,,,,,
682,48,auto,1414,348,1920,1065,1615,646,1732,745,0.605,337.4,False,,,,,
683,48,auto,1415,345,1920,1064,1617,650,1727,729,0.661,328.5,False,,,,,
684,48,auto,1411,348,1920,1067,1615,645,1731,743,0.688,329.8,False,,,,,
685,48,auto,1411,349,1920,1066,1616,645,1735,746,0.696,331.4,False,,,,,
686,48,auto,1412,345,1920,1063,1615,644,1730,733,0.672,332.0,False,,,,,
687,48,auto,1416,345,1920,1062,1615,647,1728,731,0.645,331.7,False,,,,,
688,48,auto,1412,341,1920,1058,1616,644,1725,725,0.452,333.1,False,,,,,
689,48,auto,1417,341,1920,1052,1615,641,1732,735,0.511,331.2,False,,,,,
690,48,auto,1412,335,1920,1047,1616,637,1725,722,0.392,331.1,False,,,,,
691,48,auto,1406,336,1920,1045,1613,634,1731,723,0.488,332.1,False,,,,,
692,48,auto,1406,336,1920,1046,1609,633,1726,726,0.525,329.3,False,,,,,
693,48,auto,1410,332,1920,1041,1612,630,1735,721,0.526,330.7,False,,,,,
693,48,auto,1410,332,1920,1041,1608,623,1738,749,0.482,330.7,False,,,,,
694,48,auto,1415,328,1920,1039,1610,628,1739,719,0.600,329.4,False,,,,,
694,48,auto,1415,328,1920,1039,1608,622,1743,759,0.293,329.4,False,,,,,
695,48,auto,1416,326,1920,1039,1610,627,1736,715,0.564,330.6,False,,,,,
696,48,auto,1414,327,1920,1039,1608,627,1731,715,0.647,330.5,False,,,,,
696,48,auto,1414,327,1920,1039,1603,620,1734,753,0.415,330.5,False,,,,,
697,48,auto,1415,324,1920,1037,1613,623,1736,720,0.582,330.4,False,,,,,
697,48,auto,1415,324,1920,1037,1610,620,1742,754,0.368,330.4,False,,,,,
699,48,auto,1416,325,1920,1039,1609,625,1736,723,0.613,326.6,False,,,,,
699,48,auto,1416,325,1920,1039,1605,621,1741,756,0.449,326.6,False,,,,,
700,48,auto,1417,328,1920,1038,1611,626,1733,725,0.600,318.4,False,,,,,
700,48,auto,1417,328,1920,1038,1604,621,1737,758,0.427,318.4,False,,,,,
701,48,auto,1407,323,1920,1036,1607,624,1724,704,0.617,326.0,False,,,,,
702,48,auto,1407,325,1920,1038,1605,628,1728,717,0.465,327.9,False,,,,,
703,48,auto,1408,324,1920,1037,1605,626,1732,737,0.495,328.4,False,,,,,
703,48,auto,1408,324,1920,1037,1595,612,1742,754,0.290,328.4,False,,,,,
704,48,auto,1406,325,1920,1038,1597,620,1733,756,0.347,331.7,False,,,,,
704,48,auto,1406,325,1920,1038,1608,624,1734,720,0.307,331.7,False,,,,,
705,48,auto,1408,323,1920,1038,1605,626,1725,710,0.648,327.7,False,,,,,
706,48,auto,1411,326,1920,1039,1607,625,1726,710,0.560,328.9,False,,,,,
707,48,auto,1415,327,1920,1039,1607,627,1732,716,0.541,329.1,False,,,,,
707,48,auto,1415,327,1920,1039,1603,619,1735,756,0.268,329.1,False,,,,,
708,48,auto,1408,326,1920,1038,1607,626,1728,716,0.522,330.7,False,,,,,
708,48,auto,1408,326,1920,1038,1599,622,1731,756,0.375,330.7,False,,,,,
709,48,auto,1412,327,1920,1039,1607,627,1723,706,0.578,324.8,False,,,,,
710,48,auto,1405,326,1920,1039,1606,627,1726,710,0.642,324.3,False,,,,,
710,48,auto,1405,326,1920,1039,1600,620,1731,750,0.269,324.3,False,,,,,
711,48,auto,1412,327,1920,1039,1606,626,1727,710,0.645,323.9,False,,,,,
711,48,auto,1412,327,1920,1039,1601,619,1732,752,0.270,323.9,False,,,,,
712,48,auto,1412,327,1920,1038,1605,627,1728,714,0.580,322.5,False,,,,,
712,48,auto,1412,327,1920,1038,1600,620,1732,755,0.259,322.5,False,,,,,
713,48,auto,1407,326,1920,1038,1606,627,1726,712,0.556,322.6,False,,,,,
714,48,auto,1413,326,1920,1037,1606,627,1727,711,0.677,329.3,False,,,,,
714,48,auto,1413,326,1920,1037,1601,622,1730,753,0.322,329.3,False,,,,,
715,48,auto,1413,327,1920,1037,1608,627,1726,709,0.690,332.8,False,,,,,
715,48,auto,1413,327,1920,1037,1603,622,1730,754,0.318,332.8,False,,,,,
716,48,auto,1413,325,1920,1037,1606,626,1729,719,0.659,332.7,False,,,,,
716,48,auto,1413,325,1920,1037,1601,621,1731,755,0.400,332.7,False,,,,,
717,48,auto,1414,323,1920,1037,1608,625,1725,708,0.635,331.9,False,,,,,
718,48,auto,1414,324,1920,1038,1607,628,1727,711,0.681,331.7,False,,,,,
718,48,auto,1414,324,1920,1038,1602,623,1730,755,0.320,331.7,False,,,,,
719,48,auto,1411,323,1920,1037,1608,625,1723,704,0.624,334.5,False,,,,,
720,48,auto,1414,324,1920,1036,1608,625,1725,707,0.632,336.5,False,,,,,
721,48,auto,1415,324,1920,1036,1609,626,1723,704,0.587,328.0,False,,,,,
722,48,auto,1414,325,1920,1035,1606,625,1729,719,0.449,341.3,False,,,,,
723,48,auto,1415,323,1920,1036,1609,625,1724,709,0.576,344.0,False,,,,,
724,48,auto,1416,325,1920,1036,1609,626,1724,705,0.606,342.1,False,,,,,
725,48,auto,1415,324,1920,1035,1610,625,1733,708,0.462,342.7,False,,,,,
725,48,auto,1415,324,1920,1035,1599,622,1732,751,0.254,342.7,False,,,,,
726,48,auto,1412,324,1920,1035,1609,627,1725,703,0.465,342.9,False,,,,,
727,48,auto,1415,324,1920,1035,1610,623,1726,702,0.550,336.3,False,,,,,
728,48,auto,1415,323,1920,1035,1610,626,1723,705,0.521,338.8,False,,,,,
729,48,auto,1413,323,1920,1034,1611,623,1729,699,0.542,342.9,False,,,,,
730,48,auto,1413,323,1920,1035,1609,625,1723,699,0.552,341.5,False,,,,,
731,48,auto,1414,322,1920,1034,1610,625,1722,699,0.494,339.5,False,,,,,
732,48,auto,1414,321,1920,1034,1610,625,1722,699,0.429,338.3,False,,,,,
733,48,auto,1414,322,1920,1034,1610,628,1722,698,0.411,339.5,False,,,,,
734,48,auto,1414,319,1920,1031,1610,626,1720,693,0.462,343.3,False,,,,,
736,48,auto,1415,321,1920,1031,1610,625,1722,694,0.502,345.2,False,,,,,
737,48,auto,1415,321,1920,1032,1611,625,1721,695,0.414,331.4,False,,,,,
738,48,auto,1416,323,1920,1034,1611,625,1722,699,0.376,337.2,False,,,,,
739,48,auto,1415,323,1920,1033,1611,625,1723,698,0.290,324.3,False,,,,,
741,48,auto,1414,321,1920,1032,1611,627,1719,696,0.335,333.4,False,,,,,
742,48,auto,1415,319,1920,1031,1611,626,1717,694,0.589,318.8,False,,,,,
743,48,auto,1414,320,1920,1032,1611,627,1716,695,0.538,345.8,False,,,,,
744,48,auto,1415,323,1920,1032,1611,627,1722,697,0.284,338.9,False,,,,,
745,48,auto,1415,321,1920,1033,1611,625,1724,696,0.538,338.5,False,,,,,
747,48,auto,1413,319,1920,1031,1610,627,1717,695,0.309,341.9,False,,,,,
748,48,auto,1415,321,1920,1031,1610,626,1719,695,0.415,334.9,False,,,,,
749,48,auto,1415,321,1920,1031,1610,626,1716,693,0.529,335.4,False,,,,,
750,48,auto,1414,321,1920,1031,1611,626,1719,695,0.458,332.9,False,,,,,
751,48,auto,1416,320,1920,1031,1611,627,1717,691,0.481,334.2,False,,,,,
752,48,auto,1417,322,1920,1032,1611,626,1721,694,0.456,422.3,False,,,,,
753,48,auto,1415,320,1920,1031,1609,626,1719,696,0.366,362.7,False,,,,,
754,48,auto,1416,319,1920,1031,1610,626,1716,693,0.538,332.4,False,,,,,
755,48,auto,1415,320,1920,1031,1608,626,1721,701,0.339,335.1,False,,,,,
756,48,auto,1415,322,1920,1032,1608,626,1719,700,0.337,332.3,False,,,,,
757,48,auto,1415,320,1920,1031,1609,626,1720,699,0.358,331.3,False,,,,,
758,48,auto,1416,321,1920,1032,1610,627,1719,697,0.264,329.3,False,,,,,
760,48,auto,1415,320,1920,1031,1611,627,1718,693,0.438,331.4,False,,,,,
761,48,auto,1415,320,1920,1029,1609,626,1717,694,0.396,317.1,False,,,,,
762,48,auto,1416,320,1920,1032,1611,627,1720,694,0.325,330.6,False,,,,,
763,48,auto,1420,323,1920,1034,1611,626,1722,698,0.328,331.5,False,,,,,
764,48,auto,1419,321,1920,1032,1611,628,1720,695,0.367,330.5,False,,,,,
765,48,auto,1419,321,1920,1033,1611,627,1721,695,0.462,329.9,False,,,,,
766,48,auto,1418,323,1920,1033,1610,627,1723,697,0.269,331.2,False,,,,,
767,48,auto,1419,323,1920,1033,1611,628,1721,697,0.252,329.3,False,,,,,
769,48,auto,1419,319,1920,1029,1613,624,1723,692,0.357,332.1,False,,,,,
770,48,auto,1419,320,1920,1030,1613,625,1722,693,0.431,320.3,False,,,,,
771,48,auto,1420,319,1920,1028,1614,625,1720,692,0.329,331.0,False,,,,,
772,48,auto,1420,320,1920,1029,1614,623,1724,692,0.486,331.3,False,,,,,
773,48,auto,1420,317,1920,1027,1612,620,1721,687,0.366,331.4,False,,,,,
773,49,auto,1420,317,1920,1027,1689,803,1809,868,0.293,331.4,True,,,,no_text,49.5
774,48,auto,1419,317,1920,1028,1613,619,1722,688,0.401,332.6,False,,,,,
775,48,auto,1422,315,1920,1024,1612,615,1728,693,0.549,332.5,False,,,,,
776,48,auto,1421,315,1920,1022,1613,613,1723,692,0.509,331.8,False,,,,,
777,48,auto,1420,313,1919,1022,1615,614,1723,695,0.489,331.4,False,,,,,
778,48,auto,1422,315,1920,1021,1616,613,1722,690,0.553,330.1,False,,,,,
779,48,auto,1422,314,1920,1022,1616,613,1724,695,0.525,330.4,False,,,,,
780,48,auto,1421,312,1919,1022,1614,613,1721,690,0.541,332.5,False,,,,,
781,48,auto,1423,311,1919,1018,1613,608,1731,696,0.705,331.9,False,,,,,
782,48,auto,1423,311,1919,1018,1615,608,1728,690,0.607,330.1,False,,,,,
783,48,auto,1421,307,1919,1018,1614,613,1727,686,0.596,327.9,False,,,,,
784,48,auto,1423,306,1918,1017,1617,608,1729,686,0.676,323.4,False,,,,,
785,48,auto,1425,305,1919,1015,1614,606,1732,709,0.735,323.7,False,,,,,
786,48,auto,1425,304,1919,1014,1614,606,1731,707,0.702,326.0,False,,,,,
787,48,auto,1426,307,1919,1014,1615,607,1731,701,0.726,324.1,False,,,,,
788,48,auto,1425,306,1917,1015,1613,605,1734,716,0.682,321.7,False,,,,,
789,48,auto,1426,306,1917,1017,1614,611,1732,700,0.644,324.9,False,,,,,
790,48,auto,1425,306,1918,1017,1617,612,1729,689,0.481,323.2,False,,,,,
791,48,auto,1425,304,1918,1015,1618,610,1730,684,0.641,322.8,False,,,,,
791,50,motorcycle,990,419,1137,647,1009,455,1094,494,0.255,322.8,True,,,,no_text,53.5
792,48,auto,1425,304,1917,1015,1618,610,1730,685,0.623,331.0,False,,,,,
792,50,motorcycle,983,415,1130,657,1011,446,1068,477,0.310,331.0,True,,,,no_text,49.3
793,48,auto,1426,305,1918,1016,1621,611,1733,685,0.423,332.6,False,,,,,
793,50,motorcycle,968,418,1118,665,997,469,1067,500,0.255,332.6,True,,,,no_text,54.3
794,48,auto,1429,304,1918,1015,1623,611,1734,687,0.537,330.3,False,,,,,
794,50,motorcycle,956,424,1117,677,976,465,1061,505,0.261,330.3,True,,,,no_text,53.2
795,48,auto,1429,301,1918,1012,1625,607,1731,684,0.482,331.4,False,,,,,
795,50,motorcycle,942,415,1111,687,973,471,1045,502,0.325,331.4,True,,,,no_text,57.0
795,50,motorcycle,942,415,1111,687,968,465,1053,505,0.309,331.4,True,,,,no_text,53.8
796,48,auto,1432,298,1917,1010,1627,605,1731,678,0.710,330.3,False,,,,,
796,50,motorcycle,910,335,1094,711,930,486,1020,518,0.522,330.3,True,,,,no_text,63.6
796,50,motorcycle,910,335,1094,711,928,595,987,625,0.279,330.3,True,,,,no_text,51.6
796,50,motorcycle,910,335,1094,711,930,603,988,631,0.266,330.3,True,,,,no_text,55.8
797,48,auto,1433,298,1916,1010,1629,604,1736,683,0.506,326.4,False,,,,,
797,50,motorcycle,890,411,1083,727,910,490,1003,522,0.444,326.4,True,,,,no_text,143.8
798,48,auto,1433,296,1917,1010,1631,603,1738,701,0.453,326.8,False,,,,,
798,50,motorcycle,778,433,1032,815,815,519,911,557,0.340,326.8,True,,,,no_text,138.2
799,50,motorcycle,742,435,1018,840,778,532,885,566,0.631,331.8,True,238858,0.740,,rejected,147.3
799,48,auto,1432,297,1918,1011,1636,605,1736,676,0.313,331.8,False,,,,,
800,50,motorcycle,704,448,997,876,741,544,850,578,0.611,329.2,False,,,,,
800,48,auto,1432,297,1918,1011,1636,605,1737,674,0.349,329.2,False,,,,,
800,51,motorcycle,1061,395,1221,637,1104,534,1156,569,0.270,329.2,True,,,,no_text,45.2
801,50,motorcycle,667,438,981,908,713,555,817,596,0.614,335.0,False,,,,,
801,48,auto,1434,297,1918,1011,1636,605,1739,676,0.488,335.0,False,,,,,
801,51,motorcycle,1055,390,1221,644,1093,540,1150,575,0.325,335.0,True,,,,no_text,45.8
801,51,truck,1048,265,1250,474,1098,459,1168,486,0.264,335.0,True,,,,no_text,60.5
802,51,motorcycle,1029,390,1208,666,1057,471,1137,502,0.489,332.1,True,,,,no_text,59.5
802,50,motorcycle,561,461,926,996,609,584,723,627,0.440,332.1,False,,,,,
802,48,auto,1435,297,1918,1008,1633,603,1737,669,0.436,332.1,False,,,,,
803,50,auto,180,279,670,749,544,603,671,650,0.538,326.2,False,,,,,
803,48,auto,1435,299,1919,1012,1634,604,1738,672,0.452,326.2,False,,,,,
803,51,motorcycle,1015,393,1203,676,1045,475,1132,511,0.401,326.2,True,,,,no_text,61.5
804,51,motorcycle,1002,390,1198,688,1030,480,1121,513,0.503,330.6,True,,,,no_text,63.0
804,50,auto,86,277,628,772,477,630,604,672,0.454,330.6,False,,,,,
804,48,auto,1438,295,1918,1009,1636,602,1740,672,0.346,330.6,False,,,,,
805,51,motorcycle,963,395,1178,717,999,484,1088,523,0.683,331.9,True,,,,no_text,55.7
805,51,motorcycle,963,395,1178,717,1006,589,1067,628,0.459,331.9,True,,,,no_text,45.1
805,48,auto,1439,299,1919,1013,1636,603,1739,670,0.409,331.9,False,,,,,
806,51,motorcycle,945,391,1168,736,981,490,1079,523,0.648,337.0,True,,,,no_text,65.5
806,48,auto,1437,296,1918,1008,1635,603,1739,671,0.418,337.0,False,,,,,
806,51,motorcycle,945,391,1168,736,990,592,1048,637,0.274,337.0,True,,,,no_text,41.4
807,51,motorcycle,917,395,1156,749,961,497,1056,533,0.622,331.4,True,,,,no_text,60.1
807,48,auto,1437,298,1919,1011,1635,604,1739,669,0.351,331.4,False,,,,,
807,51,motorcycle,917,395,1156,749,979,572,1038,605,0.316,331.4,True,,,,no_text,48.9
808,51,motorcycle,904,403,1142,769,934,506,1033,541,0.652,333.3,True,,,,no_text,64.0
808,48,auto,1441,299,1919,1011,1637,603,1740,669,0.388,333.3,False,,,,,
809,51,motorcycle,844,429,1113,824,881,515,986,555,0.502,329.6,True,,,,no_text,60.3
809,48,auto,1437,295,1919,1007,1636,603,1738,664,0.483,329.6,False,,,,,
810,51,motorcycle,818,418,1100,850,854,533,959,573,0.715,328.3,True,,,,no_text,244.4
810,48,auto,1441,296,1919,1007,1635,598,1739,666,0.506,328.3,False,,,,,
811,51,motorcycle,768,437,1077,884,817,538,930,581,0.720,331.6,True,,,,no_text,60.4
811,48,auto,1440,295,1918,1007,1637,598,1740,670,0.639,331.6,False,,,,,
811,52,auto,1440,295,1918,1007,1708,775,1840,846,0.256,331.6,True,,,,no_text,49.6
812,51,motorcycle,723,437,1060,922,771,556,889,600,0.716,330.6,True,,,,no_text,233.7
812,48,auto,1439,292,1918,1004,1636,598,1739,668,0.494,330.6,False,,,,,
813,51,motorcycle,671,447,1031,967,716,573,848,620,0.589,325.4,True,,,,no_text,216.2
813,48,auto,1439,293,1918,1003,1635,598,1738,671,0.451,325.4,False,,,,,
813,52,auto,1439,293,1918,1003,1704,771,1839,846,0.324,325.4,True,,,,no_text,50.0
814,48,auto,1445,292,1918,1004,1639,599,1742,667,0.629,330.1,False,,,,,
814,53,bus,920,226,1201,501,992,446,1057,471,0.566,330.1,True,DA4115,0.551,,rejected,139.7
814,51,motorcycle,535,493,980,1074,605,625,743,664,0.561,330.1,True,,,,no_text,273.9
814,51,motorcycle,535,493,980,1074,593,611,742,662,0.454,330.1,True,,,,no_text,144.7
814,52,auto,1445,292,1918,1004,1719,776,1839,846,0.262,330.1,True,,,,no_text,46.7
815,53,bus,924,222,1198,505,978,447,1052,473,0.586,333.1,False,,,,,
815,51,motorcycle,450,488,952,1078,514,642,672,699,0.435,333.1,True,,,,no_text,224.8
815,52,auto,1444,290,1918,1004,1722,779,1839,845,0.368,333.1,True,,,,no_text,50.5
815,48,auto,1444,290,1918,1004,1639,597,1744,668,0.367,333.1,False,,,,,
816,53,bus,886,218,1195,513,962,451,1036,478,0.619,335.5,False,,,,,
816,48,auto,1442,291,1918,1004,1641,597,1748,666,0.536,335.5,False,,,,,
816,52,auto,1442,291,1918,1004,1739,794,1841,845,0.273,335.5,True,,,,no_text,51.4
817,48,auto,1445,291,1918,1004,1640,597,1749,672,0.626,331.8,False,,,,,
817,53,bus,872,217,1189,518,956,453,1026,482,0.527,331.8,False,,,,,
818,53,bus,848,211,1178,523,938,458,1008,484,0.630,331.2,False,,,,,
818,48,auto,1445,290,1918,1003,1642,594,1756,679,0.417,331.2,False,,,,,
819,53,bus,840,205,1176,525,925,461,1002,487,0.698,335.3,False,,,,,
819,48,auto,1448,294,1919,1005,1645,596,1754,676,0.501,335.3,False,,,,,
820,53,bus,820,201,1171,528,906,461,990,490,0.652,254.5,False,,,,,
820,48,auto,1448,293,1919,1006,1646,596,1754,672,0.371,254.5,False,,,,,
821,53,bus,807,197,1163,532,898,463,979,490,0.661,224.7,False,,,,,
822,53,bus,776,189,1154,546,873,470,947,501,0.644,231.3,False,,,,,
822,54,auto,1452,293,1919,1003,1831,686,1919,758,0.391,231.3,True,LPG,0.990,,rejected,232.1
823,53,bus,760,182,1154,548,856,470,932,502,0.564,227.9,False,,,,,
823,54,auto,1451,292,1919,1004,1832,689,1919,754,0.376,227.9,False,,,,,
823,48,auto,1451,292,1919,1004,1647,592,1757,679,0.322,227.9,False,,,,,
824,53,bus,741,180,1149,551,843,476,915,505,0.503,229.0,False,,,,,
824,48,auto,1452,292,1919,1003,1648,593,1757,673,0.355,229.0,False,,,,,
824,54,auto,1452,292,1919,1003,1833,691,1919,753,0.258,229.0,False,,,,,
825,53,bus,713,173,1143,554,825,479,902,509,0.679,229.4,False,,,,,
825,48,auto,1452,292,1919,1003,1648,593,1754,665,0.455,229.4,False,,,,,
826,53,bus,668,158,1123,567,784,487,870,519,0.612,227.0,False,,,,,
826,48,auto,1451,289,1920,1003,1644,590,1756,670,0.406,227.0,False,,,,,
827,53,bus,652,156,1117,572,764,493,847,524,0.734,225.6,False,,,,,
827,48,auto,1451,289,1920,1003,1645,590,1756,666,0.538,225.6,False,,,,,
828,53,bus,625,151,1110,578,742,498,823,530,0.663,226.0,False,,,,,
828,48,auto,1451,290,1919,1002,1647,592,1755,663,0.614,226.0,False,,,,,
829,53,bus,599,148,1100,589,715,501,805,537,0.721,228.4,False,,,,,
829,53,bus,599,148,1100,589,717,447,806,491,0.635,228.4,False,,,,,
829,48,auto,1452,290,1919,1003,1646,591,1758,675,0.590,228.4,False,,,,,
830,53,bus,562,140,1095,592,688,505,784,540,0.716,229.2,False,,,,,
830,48,auto,1449,289,1919,1001,1650,590,1759,670,0.526,229.2,False,,,,,
830,53,bus,562,140,1095,592,686,448,779,495,0.302,229.2,False,,,,,
831,53,bus,528,129,1089,599,662,511,759,546,0.762,226.9,False,,,,,
831,48,auto,1449,287,1919,1002,1648,588,1762,687,0.513,226.9,False,,,,,
831,53,bus,528,129,1089,599,651,447,755,498,0.276,226.9,False,,,,,
832,53,bus,500,123,1082,611,629,517,728,554,0.715,228.0,False,,,,,
832,48,auto,1450,288,1919,1004,1646,590,1755,664,0.459,228.0,False,,,,,
833,53,bus,462,116,1067,615,598,524,700,561,0.687,227.3,False,,,,,
833,48,auto,1449,287,1920,1003,1646,592,1755,665,0.469,227.3,False,,,,,
834,53,bus,384,98,1042,639,519,537,631,580,0.569,228.0,False,,,,,
834,48,auto,1448,287,1919,1004,1646,592,1754,664,0.499,228.0,False,,,,,
834,48,auto,1448,287,1919,1004,1646,590,1759,692,0.370,228.0,False,,,,,
835,53,bus,328,85,1033,652,475,544,592,591,0.685,226.2,False,,,,,
835,48,auto,1448,286,1919,1005,1645,594,1751,662,0.437,226.2,False,,,,,
836,48,auto,1449,287,1919,1003,1644,591,1758,679,0.600,229.2,False,,,,,
836,53,bus,284,78,1019,663,429,553,556,602,0.589,229.2,False,,,,,
837,53,bus,237,70,1007,676,381,567,507,612,0.637,340.9,False,,,,,
837,48,auto,1450,287,1920,1003,1645,592,1753,665,0.524,340.9,False,,,,,
838,53,bus,164,59,995,692,326,577,459,624,0.627,341.1,False,,,,,
838,48,auto,1450,288,1919,1003,1643,591,1756,682,0.550,341.1,False,,,,,
839,48,auto,1450,288,1919,1004,1644,592,1757,678,0.601,339.4,False,,,,,
839,53,bus,87,35,981,711,249,588,397,640,0.493,339.4,False,,,,,
839,55,auto,1450,288,1919,1004,1835,692,1919,753,0.275,339.4,True,LPG,0.961,,rejected,136.9
840,53,bus,21,19,963,729,183,599,333,654,0.615,344.5,False,,,,,
840,48,auto,1448,287,1919,1002,1645,590,1755,666,0.499,344.5,False,,,,,
840,48,auto,1448,287,1919,1002,1647,588,1760,695,0.418,344.5,False,,,,,
840,55,auto,1448,287,1919,1002,1714,764,1841,839,0.271,344.5,False,,,,,
841,53,bus,0,0,939,773,4,631,174,703,0.629,354.0,False,,,,,
841,48,auto,1449,287,1919,1002,1646,591,1755,663,0.444,354.0,False,,,,,
842,53,bus,0,0,907,805,0,653,80,730,0.545,351.5,False,,,,,
842,48,auto,1447,284,1918,998,1649,588,1760,670,0.501,351.5,False,,,,,
842,55,auto,1447,284,1918,998,1714,764,1841,839,0.284,351.5,False,,,,,
843,48,auto,1448,287,1919,1000,1644,588,1759,669,0.375,350.8,False,,,,,
843,55,auto,1448,287,1919,1000,1717,764,1843,839,0.305,350.8,False,,,,,
844,48,auto,1445,288,1919,1002,1647,593,1751,661,0.430,343.2,False,,,,,
845,48,auto,1447,287,1919,1001,1640,590,1757,678,0.456,346.2,False,,,,,
846,48,auto,1448,289,1920,1003,1649,594,1753,660,0.366,339.2,False,,,,,
846,56,auto,1448,289,1920,1003,1831,690,1919,754,0.286,339.2,True,LPG,0.977,,rejected,139.1
847,48,auto,1447,287,1919,1000,1645,590,1754,664,0.523,340.3,False,,,,,
848,48,auto,1449,288,1919,1001,1652,587,1766,670,0.430,341.1,False,,,,,
848,57,car,1270,338,1421,465,1314,421,1357,438,0.317,341.1,True,,,,no_text,157.1
849,48,auto,1448,287,1919,1000,1647,587,1759,658,0.487,346.4,False,,,,,
849,58,bus,1013,305,1231,527,1087,449,1135,479,0.352,346.4,True,,,,no_text,51.4
850,48,auto,1447,285,1919,1000,1646,588,1758,658,0.344,343.8,False,,,,,
850,58,bus,1013,305,1225,531,1079,452,1128,485,0.254,343.8,True,,,,no_text,54.1
851,48,auto,1446,285,1920,1000,1646,588,1757,658,0.360,353.1,False,,,,,
851,58,bus,1012,303,1222,536,1066,456,1118,486,0.350,353.1,True,,,,no_text,58.5
851,58,bus,1012,303,1222,536,1068,451,1117,479,0.315,353.1,True,,,,no_text,61.1
852,58,bus,989,300,1212,547,1044,463,1099,492,0.303,340.7,True,,,,no_text,58.5
852,48,auto,1446,285,1920,1000,1646,589,1759,661,0.297,340.7,False,,,,,
853,48,auto,1447,284,1920,1000,1649,586,1764,661,0.490,347.2,False,,,,,
854,48,auto,1440,284,1920,1000,1649,586,1762,660,0.590,389.3,False,,,,,
855,48,auto,1445,284,1920,997,1647,588,1756,652,0.433,374.6,False,,,,,
856,48,auto,1447,283,1920,997,1647,587,1758,655,0.517,354.9,False,,,,,
857,48,auto,1444,283,1920,998,1645,587,1760,657,0.389,358.7,False,,,,,
857,59,car,1243,338,1411,473,1288,424,1333,441,0.263,358.7,True,,,,no_text,169.4
858,48,auto,1445,285,1920,997,1646,587,1757,653,0.467,364.5,False,,,,,
858,59,car,1239,336,1409,474,1286,422,1331,439,0.284,364.5,True,,,,no_text,150.9
859,48,auto,1446,282,1920,997,1645,586,1758,654,0.546,244.4,False,,,,,
860,48,auto,1445,285,1920,998,1645,588,1758,654,0.447,267.9,False,,,,,
861,48,auto,1448,286,1920,997,1646,587,1757,653,0.454,554.9,False,,,,,
862,48,auto,1447,284,1920,998,1644,587,1757,655,0.615,413.3,False,,,,,
863,48,auto,1447,287,1920,999,1644,587,1759,657,0.495,405.7,False,,,,,
864,48,auto,1447,286,1920,998,1646,588,1758,654,0.515,384.7,False,,,,,
865,48,auto,1446,286,1920,998,1645,587,1757,654,0.603,360.6,False,,,,,
866,48,auto,1447,284,1920,997,1644,585,1757,655,0.628,381.1,False,,,,,
866,60,car,1209,332,1396,486,1262,430,1311,448,0.377,381.1,True,,,,no_text,212.2
867,48,auto,1446,286,1920,999,1647,589,1759,656,0.569,397.3,False,,,,,
868,48,auto,1447,286,1920,999,1645,588,1759,655,0.534,361.7,False,,,,,
869,48,auto,1447,284,1920,997,1644,586,1759,653,0.553,635.6,False,,,,,
870,48,auto,1450,286,1920,998,1646,588,1757,653,0.518,378.7,False,,,,,
870,61,car,1193,327,1392,493,1244,435,1303,456,0.488,378.7,True,,,,no_text,165.8
871,48,auto,1449,284,1920,997,1645,587,1758,653,0.465,417.7,False,,,,,
871,61,car,1189,327,1392,494,1243,437,1301,456,0.369,417.7,True,,,,no_text,198.3
872,48,auto,1449,283,1920,997,1645,587,1758,654,0.512,374.1,False,,,,,
872,61,car,1185,325,1388,496,1238,437,1299,457,0.487,374.1,True,,,,no_text,181.2
873,61,car,1180,323,1386,498,1234,439,1294,459,0.562,384.5,True,,,,no_text,188.3
873,48,auto,1445,284,1920,999,1647,588,1756,653,0.473,384.5,False,,,,,
873,62,auto,1445,284,1920,999,1830,613,1920,743,0.291,384.5,True,2020,0.987,,rejected,193.3
874,48,auto,1444,283,1920,998,1644,585,1759,656,0.577,454.4,False,,,,,
874,61,car,1161,324,1382,505,1217,439,1282,462,0.468,454.4,True,T2Z78104,0.518,,rejected,190.8
874,48,auto,1444,283,1920,998,1638,583,1763,708,0.373,454.4,False,,,,,
875,61,car,1156,321,1378,510,1218,442,1279,463,0.562,351.7,False,,,,,
875,48,auto,1442,283,1920,1000,1645,589,1757,655,0.355,351.7,False,,,,,
875,62,auto,1442,283,1920,1000,1828,611,1920,744,0.291,351.7,False,,,,,
876,61,car,1146,319,1377,513,1208,444,1272,466,0.587,390.3,False,,,,,
876,48,auto,1441,282,1920,999,1648,587,1762,663,0.315,390.3,False,,,,,
876,62,auto,1441,282,1920,999,1828,610,1920,744,0.267,390.3,False,,,,,
877,61,car,1142,320,1376,515,1205,444,1269,466,0.543,367.2,False,,,,,
877,48,auto,1447,284,1920,998,1645,587,1757,654,0.500,367.2,False,,,,,
878,61,car,1135,320,1375,518,1200,446,1267,467,0.618,370.4,False,,,,,
878,48,auto,1446,283,1920,999,1643,587,1756,653,0.376,370.4,False,,,,,
879,61,car,1131,320,1372,522,1192,447,1261,472,0.672,355.8,False,,,,,
879,63,auto,347,265,780,686,400,424,461,465,0.531,355.8,True,,,,no_text,50.9
879,48,auto,1445,284,1920,999,1636,586,1763,706,0.393,355.8,False,,,,,
880,61,car,1125,319,1370,525,1184,448,1260,475,0.670,372.7,False,,,,,
880,48,auto,1443,283,1920,1000,1637,587,1762,702,0.465,372.7,False,,,,,
880,48,auto,1443,283,1920,1000,1639,588,1758,664,0.342,372.7,False,,,,,
881,61,car,1112,316,1368,529,1179,455,1249,481,0.569,620.1,False,,,,,
881,48,auto,1445,284,1919,998,1642,587,1758,663,0.344,620.1,False,,,,,
881,48,auto,1445,284,1919,998,1638,584,1762,702,0.339,620.1,False,,,,,
881,64,auto,157,251,698,748,217,437,292,484,0.257,620.1,True,,,,no_text,57.5
882,61,car,1108,317,1365,532,1171,457,1243,482,0.674,371.1,False,,,,,
882,64,auto,77,243,667,769,151,440,222,490,0.412,371.1,True,,,,no_text,48.8
882,48,auto,1444,283,1919,998,1637,581,1760,693,0.387,371.1,False,,,,,
882,48,auto,1444,283,1919,998,1641,586,1759,668,0.380,371.1,False,,,,,
883,61,car,1099,316,1364,537,1165,458,1238,485,0.721,377.5,False,,,,,
883,64,auto,2,235,638,803,67,448,140,500,0.426,377.5,True,,,,no_text,56.3
883,48,auto,1446,285,1919,999,1639,584,1763,705,0.387,377.5,False,,,,,
883,48,auto,1446,285,1919,999,1642,587,1758,665,0.341,377.5,False,,,,,
883,64,auto,2,235,638,803,36,447,139,502,0.277,377.5,True,,,,no_text,68.4
884,61,car,1091,313,1361,540,1157,460,1234,490,0.656,285.6,False,,,,,
884,48,auto,1445,287,1919,997,1640,587,1757,669,0.302,285.6,False,,,,,
884,48,auto,1445,287,1919,997,1634,584,1759,702,0.291,285.6,False,,,,,
884,64,auto,0,232,599,825,0,463,45,505,0.283,285.6,True,,,,no_text,59.4
885,61,car,1082,316,1358,544,1150,466,1228,492,0.641,384.5,False,,,,,
885,48,auto,1447,287,1919,998,1633,586,1761,703,0.544,384.5,False,,,,,
885,48,auto,1447,287,1919,998,1634,587,1756,670,0.438,384.5,False,,,,,
886,61,car,1077,313,1353,545,1144,467,1222,493,0.647,308.2,False,,,,,
886,48,auto,1447,287,1919,997,1633,581,1761,704,0.462,308.2,False,,,,,
886,48,auto,1447,287,1919,997,1634,582,1756,666,0.282,308.2,False,,,,,
887,61,car,1067,314,1351,550,1139,471,1218,498,0.696,376.5,False,,,,,
888,61,car,1060,314,1350,555,1129,472,1211,502,0.694,397.3,False,,,,,
889,61,car,1052,310,1348,556,1121,473,1206,501,0.701,321.1,False,,,,,
889,48,auto,1451,285,1919,996,1638,584,1759,657,0.534,321.1,False,,,,,
889,48,auto,1451,285,1919,996,1635,580,1762,697,0.325,321.1,False,,,,,
890,61,car,1029,310,1341,569,1106,478,1189,506,0.652,351.2,False,,,,,
890,48,auto,1447,288,1919,996,1639,587,1755,660,0.358,351.2,False,,,,,
890,48,auto,1447,288,1919,996,1635,584,1760,695,0.326,351.2,False,,,,,
891,61,car,1017,311,1338,571,1095,480,1182,508,0.643,357.5,False,,,,,
891,65,motorcycle,694,405,888,665,720,500,790,532,0.362,357.5,True,,,,no_text,45.5
891,48,auto,1447,287,1919,996,1637,587,1752,655,0.306,357.5,False,,,,,
892,61,car,1009,309,1337,577,1088,481,1175,513,0.661,371.7,False,,,,,
892,65,motorcycle,675,402,880,678,700,504,768,537,0.420,371.7,True,,,,no_text,48.1
892,48,auto,1452,286,1919,997,1639,584,1753,662,0.372,371.7,False,,,,,
892,48,auto,1452,286,1919,997,1633,579,1757,701,0.369,371.7,False,,,,,
893,61,car,1001,311,1333,581,1079,485,1169,516,0.757,369.7,False,,,,,
893,48,auto,1450,287,1919,996,1641,587,1755,657,0.437,369.7,False,,,,,
893,48,auto,1450,287,1919,996,1639,584,1759,681,0.275,369.7,False,,,,,
894,61,car,988,308,1329,586,1069,487,1160,519,0.730,350.7,False,,,,,
894,48,auto,1452,287,1919,996,1639,585,1759,656,0.490,350.7,False,,,,,
894,65,motorcycle,605,401,843,714,645,460,701,499,0.362,350.7,True,,,,no_text,81.8
894,48,auto,1452,287,1919,996,1636,580,1763,703,0.329,350.7,False,,,,,
895,61,car,972,307,1324,593,1056,493,1152,524,0.677,512.3,False,,,,,
895,48,auto,1449,285,1919,994,1633,584,1760,703,0.411,512.3,False,,,,,
895,48,auto,1449,285,1919,994,1639,587,1753,661,0.351,512.3,False,,,,,
895,65,motorcycle,560,414,814,734,603,460,666,498,0.294,512.3,True,,,,no_text,105.4
896,61,car,960,309,1319,599,1043,498,1139,527,0.695,340.3,False,,,,,
896,48,auto,1450,287,1919,995,1632,587,1758,700,0.629,340.3,False,,,,,
896,65,motorcycle,516,417,787,759,560,483,624,523,0.484,340.3,True,,,,no_text,37.8
896,48,auto,1450,287,1919,995,1635,588,1754,667,0.466,340.3,False,,,,,
897,61,car,945,307,1317,606,1032,501,1129,532,0.674,364.7,False,,,,,
897,48,auto,1451,285,1919,995,1631,586,1761,705,0.470,364.7,False,,,,,
898,61,car,917,307,1309,623,1006,514,1109,546,0.757,339.7,False,,,,,
898,48,auto,1452,286,1919,995,1637,584,1761,704,0.273,339.7,False,,,,,
899,61,car,903,306,1306,631,991,521,1095,553,0.732,337.8,False,,,,,
899,48,auto,1451,285,1920,996,1637,588,1761,695,0.396,337.8,False,,,,,
899,48,auto,1451,285,1920,996,1638,590,1755,662,0.326,337.8,False,,,,,
900,61,car,883,303,1300,638,975,525,1087,562,0.769,342.2,False,,,,,
900,48,auto,1450,286,1919,995,1641,586,1752,657,0.299,342.2,False,,,,,
901,61,car,866,304,1296,644,960,532,1070,569,0.782,340.9,False,,,,,
901,48,auto,1452,284,1919,993,1641,587,1754,659,0.295,340.9,False,,,,,
901,48,auto,1452,284,1919,993,1638,584,1760,694,0.254,340.9,False,,,,,
902,61,car,843,304,1292,656,944,542,1055,577,0.706,337.1,False,,,,,
902,48,auto,1453,286,1919,993,1636,586,1760,699,0.428,337.1,False,,,,,
902,48,auto,1453,286,1919,993,1639,589,1756,669,0.257,337.1,False,,,,,
903,61,car,823,303,1288,665,922,548,1041,584,0.762,335.2,False,,,,,
903,48,auto,1452,285,1919,993,1637,586,1759,696,0.283,335.2,False,,,,,
903,48,auto,1452,285,1919,993,1643,588,1758,669,0.267,335.2,False,,,,,
904,61,car,800,299,1285,672,904,553,1025,592,0.796,344.9,False,,,,,
904,48,auto,1452,284,1919,993,1641,586,1755,655,0.433,344.9,False,,,,,
905,61,car,775,300,1278,685,880,564,1006,600,0.723,338.1,False,,,,,
905,48,auto,1452,287,1919,994,1642,588,1759,665,0.431,338.1,False,,,,,
905,48,auto,1452,287,1919,994,1637,586,1760,695,0.385,338.1,False,,,,,
906,61,car,751,299,1272,699,858,572,987,612,0.771,337.7,False,,,,,
906,48,auto,1453,286,1919,994,1646,590,1759,666,0.379,337.7,False,,,,,
907,61,car,723,299,1268,713,831,582,965,620,0.777,335.6,False,,,,,
907,48,auto,1453,287,1919,994,1641,587,1758,670,0.427,335.6,False,,,,,
908,61,car,692,298,1261,725,805,589,945,628,0.719,312.7,False,,,,,
908,48,auto,1453,286,1919,994,1646,589,1758,660,0.350,312.7,False,,,,,
908,48,auto,1453,286,1919,994,1641,587,1760,691,0.268,312.7,False,,,,,
909,61,car,655,298,1250,740,775,598,921,641,0.807,354.2,False,,,,,
909,48,auto,1453,285,1919,993,1637,587,1760,702,0.606,354.2,False,,,,,
909,48,auto,1453,285,1919,993,1640,588,1755,665,0.397,354.2,False,,,,,
910,61,car,619,297,1244,758,739,606,890,651,0.776,347.9,False,,,,,
910,48,auto,1454,287,1919,994,1641,585,1762,704,0.470,347.9,False,,,,,
910,48,auto,1454,287,1919,994,1647,588,1761,675,0.399,347.9,False,,,,,
911,61,car,576,295,1236,779,708,621,862,663,0.762,291.6,False,,,,,
911,48,auto,1454,287,1919,993,1634,586,1761,708,0.656,291.6,False,,,,,
912,61,car,534,291,1227,801,662,632,827,680,0.745,367.5,False,,,,,
912,48,auto,1452,286,1918,993,1636,588,1760,700,0.633,367.5,False,,,,,
912,48,auto,1452,286,1918,993,1638,589,1756,665,0.465,367.5,False,,,,,
913,61,car,484,288,1218,828,619,649,790,696,0.755,280.3,False,,,,,
913,48,auto,1453,287,1918,993,1634,587,1761,706,0.731,280.3,False,,,,,
914,61,car,428,284,1213,851,572,667,751,717,0.740,222.0,False,,,,,
914,48,auto,1453,285,1919,993,1640,588,1761,704,0.560,222.0,False,,,,,
914,48,auto,1453,285,1919,993,1641,589,1756,671,0.338,222.0,False,,,,,
914,66,auto,1453,285,1919,993,1824,600,1919,742,0.295,222.0,True,,,,no_text,31.9
915,61,car,362,280,1204,885,513,686,705,743,0.765,220.4,False,,,,,
915,48,auto,1453,286,1919,994,1644,587,1753,655,0.599,220.4,False,,,,,
915,48,auto,1453,286,1919,994,1642,584,1756,683,0.404,220.4,False,,,,,
916,61,car,295,276,1198,910,447,714,649,773,0.751,218.4,False,,,,,
916,48,auto,1453,284,1919,993,1645,586,1757,663,0.485,218.4,False,,,,,
916,48,auto,1453,284,1919,993,1641,583,1756,693,0.399,218.4,False,,,,,
917,61,car,217,272,1186,952,373,739,586,812,0.772,301.8,False,,,,,
917,48,auto,1453,283,1919,993,1639,587,1760,703,0.545,301.8,False,,,,,
917,48,auto,1453,283,1919,993,1640,589,1755,665,0.335,301.8,False,,,,,
918,61,car,129,267,1174,990,289,774,515,853,0.706,333.3,False,,,,,
918,48,auto,1452,282,1919,993,1640,586,1761,702,0.516,333.3,False,,,,,
918,48,auto,1452,282,1919,993,1644,588,1760,673,0.479,333.3,False,,,,,
919,61,car,30,261,1161,1047,189,810,433,902,0.747,280.6,False,,,,,
919,48,auto,1451,282,1919,993,1641,586,1760,700,0.512,280.6,False,,,,,
919,48,auto,1451,282,1919,993,1640,587,1756,662,0.360,280.6,False,,,,,
920,61,car,1,256,1153,1076,63,853,332,958,0.726,392.6,False,,,,,
920,48,auto,1451,282,1919,993,1646,589,1759,666,0.498,392.6,False,,,,,
920,48,auto,1451,282,1919,993,1643,586,1760,697,0.434,392.6,False,,,,,
921,61,car,0,251,1140,1080,0,914,201,1034,0.810,354.0,False,,,,,
921,48,auto,1450,282,1919,993,1640,588,1760,702,0.600,354.0,False,,,,,
921,48,auto,1450,282,1919,993,1639,589,1755,672,0.347,354.0,False,,,,,
922,48,auto,1451,282,1919,994,1637,587,1761,705,0.663,336.2,False,,,,,
923,48,auto,1450,283,1919,994,1641,588,1759,693,0.524,241.0,False,,,,,
923,48,auto,1450,283,1919,994,1641,590,1755,662,0.426,241.0,False,,,,,
924,48,auto,1449,279,1920,994,1637,588,1758,698,0.529,226.2,False,,,,,
924,48,auto,1449,279,1920,994,1637,590,1753,665,0.362,226.2,False,,,,,
925,48,auto,1449,279,1919,994,1638,588,1758,693,0.487,280.2,False,,,,,
925,48,auto,1449,279,1919,994,1640,589,1755,663,0.388,280.2,False,,,,,
926,48,auto,1450,279,1919,993,1641,586,1759,674,0.574,358.7,False,,,,,
927,48,auto,1451,282,1919,993,1637,587,1761,702,0.644,337.8,False,,,,,
927,48,auto,1451,282,1919,993,1638,587,1756,666,0.484,337.8,False,,,,,
928,48,auto,1449,281,1919,993,1637,587,1761,700,0.576,344.8,False,,,,,
928,48,auto,1449,281,1919,993,1638,587,1757,663,0.450,344.8,False,,,,,
929,48,auto,1447,282,1920,993,1641,590,1749,656,0.291,341.1,False,,,,,
930,48,auto,1451,285,1919,994,1641,586,1760,671,0.538,340.1,False,,,,,
931,48,auto,1450,280,1920,994,1641,584,1762,703,0.458,227.1,False,,,,,
931,48,auto,1450,280,1920,994,1643,587,1758,667,0.326,227.1,False,,,,,
932,67,car,729,319,1054,545,777,467,856,510,0.601,228.9,True,12339333,0.810,,rejected,140.0
932,48,auto,1450,281,1919,994,1637,582,1761,705,0.366,228.9,False,,,,,
933,67,car,680,319,1042,551,755,468,840,510,0.698,230.4,False,,,,,
934,67,car,673,319,1035,558,737,472,820,511,0.679,231.0,False,,,,,
934,48,auto,1450,283,1919,994,1636,585,1761,702,0.474,231.0,False,,,,,
934,48,auto,1450,283,1919,994,1637,587,1757,665,0.303,231.0,False,,,,,
935,67,car,635,316,1015,571,701,481,783,520,0.623,225.8,False,,,,,
935,48,auto,1450,281,1919,994,1637,583,1761,706,0.394,225.8,False,,,,,
936,67,car,616,317,1006,577,681,485,762,522,0.585,233.7,False,,,,,
936,48,auto,1451,281,1919,994,1636,585,1762,707,0.510,233.7,False,,,,,
936,68,car,1197,340,1319,455,1210,396,1257,410,0.277,233.7,True,JOOU,0.690,,rejected,218.3
936,48,auto,1451,281,1919,994,1640,588,1757,676,0.252,233.7,False,,,,,
937,67,car,592,316,998,584,656,491,743,530,0.604,232.1,False,,,,,
937,48,auto,1450,280,1920,994,1641,586,1763,704,0.431,232.1,False,,,,,
937,48,auto,1450,280,1920,994,1643,588,1759,668,0.372,232.1,False,,,,,
938,67,car,568,315,987,591,633,496,720,531,0.626,341.9,False,,,,,
938,48,auto,1452,282,1920,995,1640,586,1763,701,0.511,341.9,False,,,,,
938,48,auto,1452,282,1920,995,1642,588,1759,671,0.463,341.9,False,,,,,
938,68,car,1190,341,1319,459,1211,403,1261,417,0.343,341.9,False,,,,,
938,68,motorcycle,1089,388,1197,548,1109,410,1161,445,0.269,341.9,False,,,,,
939,67,car,539,313,977,599,606,500,697,544,0.505,341.0,False,,,,,
939,48,auto,1452,284,1919,995,1641,584,1762,705,0.436,341.0,False,,,,,
939,48,auto,1452,284,1919,995,1643,587,1758,667,0.309,341.0,False,,,,,
939,68,motorcycle,1083,389,1192,550,1093,417,1140,450,0.261,341.0,False,,,,,
940,67,car,512,310,964,610,583,506,672,551,0.594,345.5,False,,,,,
940,48,auto,1450,283,1919,996,1637,586,1764,708,0.575,345.5,False,,,,,
941,67,car,482,308,955,618,548,510,645,553,0.540,352.8,False,,,,,
941,48,auto,1450,285,1919,997,1638,585,1763,709,0.450,352.8,False,,,,,
941,48,auto,1450,285,1919,997,1647,586,1762,679,0.383,352.8,False,,,,,
942,67,car,411,311,927,635,479,525,583,569,0.631,350.2,False,,,,,
942,69,auto,1452,287,1919,1000,1712,763,1847,837,0.392,350.2,True,,,,no_text,58.1
942,48,auto,1452,287,1919,1000,1638,587,1762,706,0.324,350.2,False,,,,,
942,48,auto,1452,287,1919,1000,1645,589,1761,676,0.266,350.2,False,,,,,
943,67,car,374,307,909,644,443,531,546,573,0.682,352.0,False,,,,,
943,48,auto,1451,286,1919,999,1639,587,1763,704,0.512,352.0,False,,,,,
943,48,auto,1451,286,1919,999,1641,589,1759,666,0.310,352.0,False,,,,,
944,67,car,323,306,894,659,402,539,506,581,0.602,341.4,False,,,,,
944,48,auto,1450,285,1919,999,1638,585,1762,703,0.375,341.4,False,,,,,
944,48,auto,1450,285,1919,999,1641,588,1759,672,0.324,341.4,False,,,,,
945,67,car,285,304,881,669,356,543,467,588,0.609,335.4,False,,,,,
945,48,auto,1450,286,1920,999,1636,588,1764,709,0.576,335.4,False,,,,,
945,70,motorcycle,1018,387,1154,590,1035,440,1091,464,0.309,335.4,True,,,,no_text,67.6
946,67,car,233,304,863,681,310,555,424,596,0.686,345.5,False,,,,,
946,48,auto,1455,286,1920,998,1650,590,1762,667,0.487,345.5,False,,,,,
946,48,auto,1455,286,1920,998,1646,589,1764,704,0.475,345.5,False,,,,,
947,67,car,182,303,841,696,256,563,372,604,0.707,342.4,False,,,,,
947,48,auto,1452,286,1920,998,1644,589,1763,707,0.427,342.4,False,,,,,
947,48,auto,1452,286,1920,998,1650,590,1761,673,0.416,342.4,False,,,,,
947,71,auto,1452,286,1920,998,1829,610,1920,741,0.377,342.4,True,,,,no_text,51.1
948,67,car,67,299,802,726,131,586,258,628,0.708,353.4,False,,,,,
948,48,auto,1451,285,1920,997,1651,589,1762,666,0.413,353.4,False,,,,,
948,70,motorcycle,972,401,1110,617,992,461,1053,491,0.393,353.4,True,,,,no_text,62.9
948,48,auto,1451,285,1920,997,1647,588,1764,704,0.368,353.4,False,,,,,
949,67,car,0,294,781,744,54,596,192,647,0.752,352.3,False,,,,,
949,48,auto,1447,286,1919,997,1638,584,1763,707,0.450,352.3,False,,,,,
950,67,car,0,296,756,764,0,612,116,667,0.779,327.0,False,,,,,
951,48,auto,1447,287,1919,998,1637,589,1762,707,0.420,318.2,False,,,,,
951,70,motorcycle,915,408,1072,653,932,484,1006,509,0.383,318.2,True,TGEM,0.525,,rejected,131.6
952,48,auto,1449,286,1920,998,1638,588,1763,710,0.467,322.1,False,,,,,
952,72,auto,1449,286,1920,998,1826,600,1920,742,0.376,322.1,True,,,,no_text,28.7
952,48,auto,1449,286,1920,998,1641,589,1757,675,0.276,322.1,False,,,,,
953,48,auto,1451,286,1919,998,1647,590,1756,658,0.511,346.6,False,,,,,
953,48,auto,1451,286,1919,998,1648,588,1761,685,0.369,346.6,False,,,,,
953,70,motorcycle,880,417,1048,675,902,493,973,520,0.282,346.6,False,,,,,
954,70,motorcycle,862,412,1041,687,886,463,942,499,0.410,344.3,False,,,,,
954,73,car,1103,330,1287,485,1149,442,1208,460,0.357,344.3,True,,,,no_text,164.6
954,48,auto,1449,286,1920,996,1650,588,1763,666,0.357,344.3,False,,,,,
954,48,auto,1449,286,1920,996,1645,586,1764,704,0.302,344.3,False,,,,,
955,48,auto,1446,286,1920,999,1646,589,1762,670,0.472,336.3,False,,,,,
955,70,motorcycle,837,413,1023,699,859,506,937,535,0.472,336.3,False,,,,,
955,48,auto,1446,286,1920,999,1639,587,1762,701,0.450,336.3,False,,,,,
955,73,car,1095,331,1283,488,1145,443,1200,462,0.328,336.3,True,,,,no_text,161.7
956,48,auto,1446,287,1919,997,1635,585,1763,706,0.514,471.8,False,,,,,
956,70,motorcycle,811,419,1007,712,839,509,913,537,0.476,471.8,False,,,,,
956,70,motorcycle,811,419,1007,712,834,513,912,541,0.408,471.8,False,,,,,
956,48,auto,1446,287,1919,997,1641,587,1759,677,0.370,471.8,False,,,,,
957,70,motorcycle,783,424,991,726,816,516,893,547,0.606,332.7,False,,,,,
957,73,car,1084,330,1277,490,1130,445,1194,463,0.447,332.7,True,,,,no_text,60.6
957,48,auto,1449,286,1919,997,1635,585,1763,709,0.395,332.7,False,,,,,
958,73,car,1070,331,1273,497,1115,447,1176,467,0.632,339.2,True,,,,no_text,140.1
958,70,motorcycle,713,426,952,763,756,532,842,565,0.535,339.2,False,,,,,
958,48,auto,1449,288,1919,999,1630,585,1759,708,0.534,339.2,False,,,,,
958,48,auto,1449,288,1919,999,1639,588,1755,678,0.392,339.2,False,,,,,
959,48,auto,1446,287,1919,999,1632,587,1760,707,0.671,344.6,False,,,,,
959,70,motorcycle,683,428,941,780,721,542,811,571,0.643,344.6,False,,,,,
959,73,car,1065,330,1270,497,1116,447,1180,469,0.609,344.6,True,1083574,0.547,,rejected,126.4
959,48,auto,1446,287,1919,999,1639,589,1756,681,0.305,344.6,False,,,,,
960,70,motorcycle,646,434,916,803,691,550,784,582,0.684,329.1,False,,,,,
960,73,car,1061,328,1267,503,1107,448,1171,470,0.610,329.1,False,,,,,
960,48,auto,1448,287,1919,999,1643,588,1763,680,0.576,329.1,False,,,,,
961,70,motorcycle,606,443,896,825,647,561,749,596,0.612,326.0,False,,,,,
961,73,car,1056,328,1268,503,1104,449,1167,472,0.482,326.0,False,,,,,
961,48,auto,1447,285,1919,998,1647,586,1762,673,0.291,326.0,False,,,,,
961,48,auto,1447,285,1919,998,1638,584,1763,706,0.278,326.0,False,,,,,
962,48,auto,1444,287,1919,999,1635,587,1763,706,0.578,324.0,False,,,,,
962,70,motorcycle,447,450,811,920,497,598,619,640,0.505,324.0,False,,,,,
962,73,car,1030,328,1258,511,1083,455,1153,481,0.463,324.0,False,,,,,
963,48,auto,1444,285,1919,998,1632,586,1761,708,0.606,327.6,False,,,,,
963,73,car,1020,329,1253,513,1069,458,1149,481,0.559,327.6,False,,,,,
963,70,motorcycle,369,462,778,963,429,617,560,659,0.382,327.6,False,,,,,
963,48,auto,1444,285,1919,998,1636,588,1755,678,0.356,327.6,False,,,,,
964,70,motorcycle,290,463,737,1003,360,638,499,678,0.621,323.8,False,,,,,
964,48,auto,1444,287,1919,999,1634,586,1762,707,0.611,323.8,False,,,,,
964,73,car,1013,330,1250,517,1067,460,1147,484,0.604,323.8,False,,,,,
965,48,auto,1445,287,1920,998,1633,587,1763,707,0.608,325.8,False,,,,,
965,73,car,1009,330,1247,520,1054,462,1135,487,0.595,325.8,False,,,,,
965,70,motorcycle,197,477,699,1047,282,659,422,701,0.518,325.8,False,,,,,
965,74,auto,1445,287,1920,998,1822,601,1920,743,0.277,325.8,True,,,,no_text,38.3
966,73,car,1003,329,1244,523,1048,463,1131,488,0.596,326.7,False,,,,,
966,70,motorcycle,86,483,652,1075,184,684,334,730,0.525,326.7,False,,,,,
966,48,auto,1447,286,1919,997,1641,585,1756,659,0.477,326.7,False,,,,,
966,48,auto,1447,286,1919,997,1637,582,1759,702,0.440,326.7,False,,,,,
967,70,motorcycle,0,479,597,1078,67,713,229,760,0.543,323.2,False,,,,,
967,48,auto,1448,285,1919,997,1635,583,1763,703,0.472,323.2,False,,,,,
967,73,car,995,329,1242,525,1046,468,1124,490,0.448,323.2,False,,,,,
967,48,auto,1448,285,1919,997,1640,587,1758,666,0.445,323.2,False,,,,,
968,73,car,985,327,1239,529,1043,470,1122,492,0.546,324.9,False,,,,,
968,70,motorcycle,0,484,550,1078,0,749,114,803,0.506,324.9,False,,,,,
968,48,auto,1449,285,1919,997,1636,585,1762,702,0.388,324.9,False,,,,,
968,48,auto,1449,285,1919,997,1641,588,1757,663,0.369,324.9,False,,,,,
969,48,auto,1448,288,1919,998,1633,583,1760,691,0.649,321.7,False,,,,,
969,73,car,976,331,1232,532,1028,472,1104,496,0.605,321.7,False,,,,,
970,48,auto,1447,286,1919,998,1644,587,1762,685,0.601,326.1,False,,,,,
970,73,car,967,328,1228,534,1020,473,1101,499,0.589,326.1,False,,,,,
970,48,auto,1447,286,1919,998,1616,588,1763,710,0.332,326.1,False,,,,,
971,48,auto,1446,287,1919,998,1631,587,1761,708,0.657,321.9,False,,,,,
971,73,car,960,329,1222,539,1011,476,1097,502,0.489,321.9,False,,,,,
971,48,auto,1446,287,1919,998,1638,588,1756,681,0.377,321.9,False,,,,,
972,48,auto,1447,286,1919,998,1633,584,1761,707,0.526,324.7,False,,,,,
972,73,car,947,328,1220,541,996,478,1082,503,0.516,324.7,False,,,,,
972,48,auto,1447,286,1919,998,1640,586,1754,665,0.387,324.7,False,,,,,
972,75,auto,1447,286,1919,998,1823,599,1919,739,0.253,324.7,True,LPO,0.756,,rejected,161.6
973,73,car,936,328,1215,545,993,480,1078,507,0.673,324.7,False,,,,,
973,48,auto,1447,285,1919,998,1643,586,1762,681,0.524,324.7,False,,,,,
974,73,car,928,331,1211,553,984,484,1068,512,0.693,320.2,False,,,,,
974,48,auto,1449,289,1919,998,1640,587,1759,678,0.431,320.2,False,,,,,
975,73,car,915,328,1206,555,974,487,1056,513,0.709,325.8,False,,,,,
975,48,auto,1448,286,1919,998,1633,586,1762,708,0.588,325.8,False,,,,,
975,48,auto,1448,286,1919,998,1637,586,1757,673,0.462,325.8,False,,,,,
976,73,car,904,328,1202,560,959,489,1047,517,0.685,324.3,False,,,,,
976,48,auto,1446,286,1919,997,1628,586,1762,708,0.674,324.3,False,,,,,
977,73,car,874,328,1190,568,943,497,1029,525,0.754,322.5,False,,,,,
977,48,auto,1446,285,1919,997,1629,587,1762,708,0.668,322.5,False,,,,,
978,73,car,866,329,1186,573,925,501,1012,528,0.693,323.3,False,,,,,
978,48,auto,1448,286,1919,998,1631,586,1760,708,0.651,323.3,False,,,,,
978,48,auto,1448,286,1919,998,1637,587,1755,669,0.471,323.3,False,,,,,
979,73,car,852,328,1181,581,910,504,1000,536,0.745,326.0,False,,,,,
979,48,auto,1450,286,1920,998,1634,586,1761,705,0.621,326.0,False,,,,,
980,73,car,837,329,1174,588,899,509,991,541,0.749,320.9,False,,,,,
980,48,auto,1450,287,1919,998,1633,587,1759,705,0.601,320.9,False,,,,,
981,73,car,804,327,1162,597,867,517,962,548,0.682,324.5,False,,,,,
981,48,auto,1450,286,1919,997,1633,586,1761,705,0.664,324.5,False,,,,,
981,48,auto,1450,286,1919,997,1637,587,1756,669,0.534,324.5,False,,,,,
982,73,car,784,325,1153,605,853,521,949,552,0.735,324.1,False,,,,,
982,48,auto,1448,285,1919,997,1641,588,1753,660,0.419,324.1,False,,,,,
982,48,auto,1448,285,1919,997,1636,586,1755,690,0.341,324.1,False,,,,,
983,73,car,766,325,1147,613,839,527,935,562,0.744,322.9,False,,,,,
983,48,auto,1451,286,1919,998,1630,586,1762,708,0.709,322.9,False,,,,,
984,73,car,749,324,1142,620,819,531,917,565,0.768,324.3,False,,,,,
984,48,auto,1451,286,1919,997,1631,585,1761,708,0.669,324.3,False,,,,,
984,48,auto,1451,286,1919,997,1636,586,1755,679,0.490,324.3,False,,,,,
985,73,car,722,324,1132,625,800,537,905,573,0.786,323.2,False,,,,,
985,48,auto,1451,286,1919,997,1635,586,1759,699,0.586,323.2,False,,,,,
985,48,auto,1451,286,1919,997,1639,588,1756,666,0.461,323.2,False,,,,,
986,73,car,704,324,1124,635,779,543,883,577,0.740,324.3,False,,,,,
986,48,auto,1451,286,1919,997,1631,587,1760,706,0.692,324.3,False,,,,,
987,73,car,676,324,1120,645,755,550,863,590,0.801,323.3,False,,,,,
987,48,auto,1452,287,1919,998,1632,584,1759,705,0.458,323.3,False,,,,,
988,73,car,655,322,1109,654,731,555,841,595,0.799,323.8,False,,,,,
988,48,auto,1451,285,1919,996,1631,584,1761,708,0.651,323.8,False,,,,,
988,48,auto,1451,285,1919,996,1636,585,1756,672,0.504,323.8,False,,,,,
989,73,car,624,320,1102,665,706,565,818,602,0.770,322.1,False,,,,,
989,48,auto,1449,284,1919,996,1633,588,1758,705,0.603,322.1,False,,,,,
989,48,auto,1449,284,1919,996,1636,589,1752,673,0.344,322.1,False,,,,,
990,73,car,567,319,1084,688,644,583,770,624,0.746,322.2,False,,,,,
990,48,auto,1448,285,1919,997,1627,586,1761,709,0.716,322.2,False,,,,,
991,48,auto,1450,284,1919,996,1627,585,1762,708,0.660,326.1,False,,,,,
991,73,car,528,315,1074,705,613,591,741,634,0.648,326.1,False,,,,,
992,73,car,493,315,1061,723,576,602,712,645,0.718,321.5,False,,,,,
992,48,auto,1450,284,1919,997,1630,585,1760,706,0.616,321.5,False,,,,,
992,48,auto,1450,284,1919,997,1634,586,1755,672,0.497,321.5,False,,,,,
993,73,car,454,311,1051,732,540,612,678,657,0.714,323.2,False,,,,,
993,48,auto,1449,284,1919,996,1629,585,1762,708,0.663,323.2,False,,,,,
994,73,car,412,311,1035,748,496,622,641,671,0.712,329.8,False,,,,,
994,48,auto,1451,285,1919,996,1628,584,1762,709,0.669,329.8,False,,,,,
995,73,car,365,309,1022,767,449,637,595,685,0.737,325.5,False,,,,,
995,48,auto,1449,285,1919,996,1630,585,1762,708,0.661,325.5,False,,,,,
996,73,car,309,307,1008,788,399,652,551,701,0.627,322.7,False,,,,,
996,48,auto,1448,284,1919,997,1632,586,1760,707,0.589,322.7,False,,,,,
996,48,auto,1448,284,1919,997,1635,587,1756,675,0.393,322.7,False,,,,,
997,73,car,252,305,993,815,338,668,501,724,0.737,337.6,False,,,,,
997,48,auto,1449,285,1919,997,1630,585,1760,707,0.611,337.6,False,,,,,
998,73,car,186,302,979,839,273,687,441,744,0.736,332.2,False,,,,,
998,48,auto,1448,285,1919,997,1628,585,1759,707,0.632,332.2,False,,,,,
999,73,car,120,301,961,862,201,706,377,770,0.753,326.5,False,,,,,
999,48,auto,1451,285,1919,997,1628,585,1761,708,0.654,326.5,False,,,,,
1000,73,car,33,298,941,898,117,732,300,797,0.744,322.1,False,,,,,
1000,48,auto,1450,286,1919,998,1636,584,1758,683,0.559,322.1,False,,,,,
1000,76,auto,1450,286,1919,998,1825,624,1919,744,0.267,322.1,True,,,,no_text,38.7
1001,73,car,2,294,923,937,20,754,215,829,0.802,324.0,False,,,,,
1001,48,auto,1448,285,1919,997,1635,586,1759,692,0.612,324.0,False,,,,,
1002,48,auto,1448,285,1919,997,1636,585,1759,696,0.591,322.7,False,,,,,
1003,48,auto,1448,286,1919,998,1636,584,1761,689,0.473,322.0,False,,,,,
1004,48,auto,1448,285,1919,999,1640,588,1759,675,0.413,322.2,False,,,,,
1005,48,auto,1448,285,1919,998,1637,585,1760,689,0.450,324.8,False,,,,,
1006,48,auto,1448,285,1919,998,1632,585,1762,708,0.602,322.6,False,,,,,
1007,77,auto,1451,286,1920,998,1825,605,1919,744,0.335,321.5,True,,,,no_text,37.1
1008,77,auto,1453,287,1919,998,1824,600,1919,744,0.311,329.3,True,,,,no_text,28.5
1010,78,auto,1451,286,1919,998,1635,586,1762,707,0.340,333.1,True,TN03D9766,0.986,TN03D9766,accepted,370.1
1010,79,car,1069,342,1212,456,1103,414,1142,433,0.331,333.1,True,,,,no_text,47.1
1011,78,auto,1453,286,1920,998,1636,585,1764,709,0.435,340.2,False,,,,,
1011,77,auto,1453,286,1920,998,1824,609,1919,745,0.275,340.2,True,,,,no_text,38.5
1011,79,car,1066,343,1209,456,1103,414,1141,433,0.272,340.2,True,,,,no_text,47.9
1012,78,auto,1455,287,1919,998,1644,587,1759,663,0.531,328.6,False,,,,,
1012,79,car,1062,344,1207,457,1097,416,1136,433,0.370,328.6,True,,,,no_text,47.1
1013,78,auto,1451,285,1920,997,1645,589,1757,662,0.440,338.0,False,,,,,
1013,78,auto,1451,285,1920,997,1645,587,1763,696,0.377,338.0,False,,,,,
1013,79,car,1057,344,1204,458,1095,414,1131,432,0.280,338.0,True,,,,no_text,46.0
1014,78,auto,1448,285,1919,997,1640,584,1764,709,0.407,338.6,False,,,,,
1014,78,auto,1448,285,1919,997,1641,586,1759,670,0.347,338.6,False,,,,,
1014,79,car,1052,342,1200,458,1088,415,1124,432,0.275,338.6,True,,,,no_text,46.6
1014,77,auto,1448,285,1919,997,1828,607,1920,742,0.252,338.6,True,,,,no_text,29.6
1015,78,auto,1446,286,1920,998,1635,585,1765,710,0.527,343.2,False,,,,,
1015,77,auto,1446,286,1920,998,1824,602,1919,743,0.261,343.2,True,,,,no_text,30.1
1016,79,car,1043,346,1194,462,1078,417,1114,432,0.379,343.1,True,,,,no_text,50.9
1016,78,auto,1451,287,1920,998,1637,584,1763,708,0.372,343.1,False,,,,,
1016,77,auto,1451,287,1920,998,1826,610,1919,743,0.337,343.1,True,,,,no_text,30.9
1016,78,auto,1451,287,1920,998,1642,588,1758,669,0.275,343.1,False,,,,,
1017,78,auto,1451,286,1919,998,1645,589,1757,661,0.462,341.1,False,,,,,
1017,79,car,1036,346,1191,463,1075,419,1114,433,0.397,341.1,True,,,,no_text,55.2
1017,78,auto,1451,286,1919,998,1645,587,1763,691,0.333,341.1,False,,,,,
1018,78,auto,1449,285,1920,997,1649,588,1764,675,0.551,338.9,False,,,,,
1019,78,auto,1449,285,1920,997,1648,588,1763,677,0.503,339.4,False,,,,,
1020,78,auto,1451,286,1920,998,1644,588,1759,660,0.521,335.8,False,,,,,
1020,78,auto,1451,286,1920,998,1644,585,1763,692,0.400,335.8,False,,,,,
1021,80,car,1009,341,1178,469,1048,421,1091,439,0.409,343.6,True,,,,no_text,51.0
1021,78,auto,1452,284,1920,997,1650,587,1763,670,0.340,343.6,False,,,,,
1021,78,auto,1452,284,1920,997,1644,585,1764,705,0.295,343.6,False,,,,,
1022,80,car,1003,344,1173,473,1043,425,1088,442,0.570,337.7,True,,,,no_text,140.9
1022,78,auto,1452,288,1920,998,1644,589,1758,664,0.394,337.7,False,,,,,
1022,78,auto,1452,288,1920,998,1640,585,1763,708,0.385,337.7,False,,,,,
1023,80,car,996,346,1170,474,1036,425,1083,442,0.642,341.0,True,,,,no_text,136.7
1023,78,auto,1452,286,1919,998,1645,589,1757,662,0.509,341.0,False,,,,,
1023,78,auto,1452,286,1919,998,1644,587,1761,696,0.371,341.0,False,,,,,
1024,80,car,988,344,1168,476,1027,425,1073,443,0.631,334.9,True,,,,no_text,49.9
1024,78,auto,1449,285,1920,996,1651,589,1761,665,0.484,334.9,False,,,,,
1024,78,auto,1449,285,1920,996,1648,588,1762,697,0.396,334.9,False,,,,,
1025,80,car,979,344,1162,479,1020,430,1067,446,0.685,335.5,True,,,,no_text,184.6
1025,78,auto,1452,284,1920,998,1649,588,1764,672,0.601,335.5,False,,,,,
1025,78,auto,1452,284,1920,998,1642,587,1765,705,0.514,335.5,False,,,,,
1026,80,car,969,345,1158,479,1011,430,1058,448,0.566,334.2,True,,,,no_text,51.4
1026,78,auto,1449,286,1920,998,1645,589,1758,661,0.448,334.2,False,,,,,
1026,78,auto,1449,286,1920,998,1644,587,1762,692,0.252,334.2,False,,,,,
1027,80,car,964,341,1152,481,1008,430,1052,449,0.520,331.9,True,,,,no_text,48.4
1027,78,auto,1448,284,1919,996,1644,585,1759,661,0.486,331.9,False,,,,,
1027,78,auto,1448,284,1919,996,1642,584,1763,691,0.288,331.9,False,,,,,
1028,80,car,958,342,1147,482,999,431,1046,450,0.508,214.7,True,,,,no_text,39.3
1028,78,auto,1451,284,1919,998,1649,586,1763,670,0.394,214.7,False,,,,,
1028,78,auto,1451,284,1919,998,1645,585,1764,701,0.380,214.7,False,,,,,
1029,78,auto,1451,283,1919,998,1642,585,1766,707,0.473,210.9,False,,,,,
1029,80,car,951,342,1145,485,992,431,1041,451,0.412,210.9,True,,,,no_text,110.4
1029,78,auto,1451,283,1919,998,1644,587,1762,672,0.325,210.9,False,,,,,
1029,80,car,951,342,1145,485,994,436,1042,456,0.302,210.9,True,,,,no_text,112.0
1030,80,car,940,346,1142,488,985,437,1036,456,0.565,215.5,True,,,,no_text,112.7
1030,78,auto,1451,285,1919,997,1645,589,1758,662,0.558,215.5,False,,,,,
1030,78,auto,1451,285,1919,997,1645,587,1762,690,0.457,215.5,False,,,,,
1031,80,car,931,344,1137,490,976,435,1023,456,0.546,221.3,True,,,,no_text,108.5
1031,78,auto,1449,283,1919,996,1646,587,1759,662,0.281,221.3,False,,,,,
1032,80,car,923,345,1131,492,968,438,1021,457,0.657,214.5,True,,,,no_text,116.0
1032,78,auto,1451,283,1920,997,1649,589,1762,668,0.459,214.5,False,,,,,
1033,80,car,914,344,1124,495,960,443,1014,461,0.545,219.6,True,,,,no_text,116.4
1033,78,auto,1450,284,1919,996,1649,585,1765,678,0.517,219.6,False,,,,,
1034,80,car,909,344,1121,498,952,441,1006,460,0.663,222.6,True,,,,no_text,115.7
1034,78,auto,1450,284,1920,997,1649,588,1763,672,0.474,222.6,False,,,,,
1034,78,auto,1450,284,1920,997,1643,587,1764,702,0.406,222.6,False,,,,,
1035,80,car,896,345,1119,501,943,443,1001,464,0.676,214.3,True,,,,no_text,116.0
1035,78,auto,1449,285,1920,997,1648,588,1761,667,0.585,214.3,False,,,,,
1035,78,auto,1449,285,1920,997,1643,587,1762,696,0.471,214.3,False,,,,,
1036,80,car,891,344,1113,502,933,443,993,463,0.691,217.2,True,,,,no_text,122.2
1036,78,auto,1452,284,1920,996,1649,588,1763,671,0.530,217.2,False,,,,,
1037,80,car,877,344,1109,504,923,445,983,464,0.683,223.2,True,,,,no_text,119.7
1037,78,auto,1450,284,1920,996,1649,588,1763,671,0.481,223.2,False,,,,,
1037,78,auto,1450,284,1920,996,1645,587,1764,702,0.424,223.2,False,,,,,
1038,80,car,869,342,1103,508,916,447,973,467,0.696,217.6,True,,,,no_text,124.2
1038,78,auto,1451,284,1919,996,1649,588,1763,674,0.507,217.6,False,,,,,
1039,80,car,860,343,1096,510,907,449,964,468,0.725,215.7,True,,,,no_text,119.4
1039,78,auto,1453,285,1920,996,1647,587,1762,675,0.528,215.7,False,,,,,
1039,78,auto,1453,285,1920,996,1641,586,1763,704,0.479,215.7,False,,,,,
1040,80,car,848,341,1091,514,893,452,952,471,0.706,220.7,True,,,,no_text,117.9
1040,78,auto,1453,287,1920,996,1637,586,1763,708,0.456,220.7,False,,,,,
1040,78,auto,1453,287,1920,996,1642,589,1757,672,0.333,220.7,False,,,,,
1040,81,auto,1453,287,1920,996,1827,610,1920,742,0.276,220.7,True,,,,no_text,26.5
1041,80,car,835,342,1085,517,886,455,945,475,0.669,229.5,True,N,0.754,,rejected,142.1
1041,78,auto,1453,287,1920,996,1638,586,1762,707,0.378,229.5,False,,,,,
1041,78,auto,1453,287,1920,996,1647,588,1760,680,0.337,229.5,False,,,,,
1041,81,auto,1453,287,1920,996,1826,611,1920,743,0.277,229.5,True,,,,no_text,114.1
1042,80,car,823,345,1079,520,873,455,934,478,0.576,235.4,False,,,,,
1042,78,auto,1453,287,1920,997,1644,588,1757,664,0.475,235.4,False,,,,,
1042,78,auto,1453,287,1920,997,1642,585,1762,695,0.371,235.4,False,,,,,
1043,80,car,811,343,1074,522,863,457,926,480,0.644,218.5,False,,,,,
1043,78,auto,1454,285,1920,996,1645,586,1760,658,0.406,218.5,False,,,,,
1044,80,car,796,340,1068,526,848,457,914,482,0.689,242.8,False,,,,,
1044,78,auto,1453,284,1920,996,1645,586,1758,659,0.403,242.8,False,,,,,
1044,78,auto,1453,284,1920,996,1646,584,1764,700,0.288,242.8,False,,,,,
1045,80,car,781,338,1062,530,837,460,902,484,0.714,232.3,False,,,,,
1045,78,auto,1452,285,1920,995,1650,586,1762,669,0.403,232.3,False,,,,,
1045,78,auto,1452,285,1920,995,1644,584,1763,705,0.315,232.3,False,,,,,
1046,80,car,771,338,1057,534,823,464,892,489,0.697,229.5,False,,,,,
1046,78,auto,1453,286,1920,995,1650,589,1761,664,0.498,229.5,False,,,,,
1046,78,auto,1453,286,1920,995,1646,588,1763,695,0.433,229.5,False,,,,,
1047,80,car,757,341,1050,539,808,468,880,492,0.723,225.7,False,,,,,
1047,78,auto,1455,287,1920,995,1646,589,1755,657,0.524,225.7,False,,,,,
1047,78,auto,1455,287,1920,995,1647,588,1761,688,0.399,225.7,False,,,,,
1048,80,car,738,338,1043,543,793,470,863,493,0.656,229.9,False,,,,,
1048,78,auto,1454,285,1920,995,1644,587,1764,705,0.488,229.9,False,,,,,
1048,78,auto,1454,285,1920,995,1649,588,1763,675,0.472,229.9,False,,,,,
1049,80,car,723,337,1033,547,777,472,851,496,0.683,240.7,False,,,,,
1049,78,auto,1453,286,1920,995,1638,586,1764,709,0.531,240.7,False,,,,,
1049,78,auto,1453,286,1920,995,1641,587,1758,673,0.326,240.7,False,,,,,
1050,80,car,705,337,1025,551,762,476,834,499,0.733,226.2,False,,,,,
1050,78,auto,1455,285,1920,995,1644,586,1756,655,0.340,226.2,False,,,,,
1050,82,auto,1455,285,1920,995,1830,604,1920,738,0.296,226.2,True,,,,no_text,26.4
1051,80,car,684,339,1018,557,744,480,816,504,0.578,216.8,False,,,,,
1051,78,auto,1453,286,1919,996,1638,585,1764,709,0.507,216.8,False,,,,,
1052,80,car,670,340,1010,563,727,483,802,509,0.732,215.3,False,,,,,
1052,78,auto,1455,287,1919,996,1650,587,1764,668,0.465,215.3,False,,,,,
1053,80,car,650,338,1002,567,710,486,785,510,0.736,221.3,False,,,,,
1053,78,auto,1457,286,1919,996,1645,585,1760,658,0.561,221.3,False,,,,,
1053,78,auto,1457,286,1919,996,1644,583,1762,689,0.370,221.3,False,,,,,
1054,80,car,627,339,990,573,686,492,767,517,0.734,217.3,False,,,,,
1054,78,auto,1457,288,1919,996,1641,587,1764,708,0.594,217.3,False,,,,,
1054,78,auto,1457,288,1919,996,1642,588,1758,674,0.418,217.3,False,,,,,
1055,80,car,581,340,972,586,642,501,724,528,0.753,225.6,False,,,,,
1055,78,auto,1457,289,1920,995,1645,587,1758,658,0.519,225.6,False,,,,,
1055,78,auto,1457,289,1920,995,1646,586,1763,700,0.368,225.6,False,,,,,
1055,83,auto,1457,289,1920,995,1827,606,1920,741,0.254,225.6,True,,,,no_text,90.5
1056,80,car,554,337,961,592,618,505,704,533,0.713,232.0,False,,,,,
1056,78,auto,1457,288,1919,995,1650,587,1763,664,0.563,232.0,False,,,,,
1056,78,auto,1457,288,1919,995,1648,586,1764,695,0.441,232.0,False,,,,,
1057,80,car,502,336,940,611,563,517,656,545,0.708,233.6,False,,,,,
1057,78,auto,1457,289,1920,996,1646,587,1759,674,0.401,233.6,False,,,,,
1057,78,auto,1457,289,1920,996,1638,585,1761,705,0.396,233.6,False,,,,,
1057,83,auto,1457,289,1920,996,1828,611,1920,742,0.292,233.6,True,,,,no_text,38.2
1058,80,car,469,335,925,619,534,520,624,550,0.762,339.0,False,,,,,
1058,78,auto,1457,289,1920,996,1649,588,1762,666,0.524,339.0,False,,,,,
1058,78,auto,1457,289,1920,996,1645,586,1763,699,0.440,339.0,False,,,,,
1058,83,auto,1457,289,1920,996,1826,603,1920,743,0.309,339.0,True,,,,no_text,27.8
1059,80,car,434,334,914,626,503,527,595,555,0.731,342.7,False,,,,,
1059,78,auto,1458,289,1920,996,1646,588,1758,659,0.616,342.7,False,,,,,
1059,78,auto,1458,289,1920,996,1647,586,1763,691,0.417,342.7,False,,,,,
1060,80,car,403,335,898,637,469,533,566,563,0.718,340.7,False,,,,,
1060,78,auto,1458,290,1919,997,1648,587,1761,665,0.644,340.7,False,,,,,
1061,80,car,364,334,884,649,430,542,531,572,0.747,334.6,False,,,,,
1061,78,auto,1457,290,1919,999,1649,586,1762,669,0.547,334.6,False,,,,,
1062,80,car,322,330,873,660,390,547,495,579,0.704,332.0,False,,,,,
1062,78,auto,1457,291,1919,999,1648,587,1762,667,0.602,332.0,False,,,,,
1063,80,car,230,331,836,683,298,563,408,598,0.781,334.9,False,,,,,
1063,78,auto,1457,289,1920,998,1643,587,1757,664,0.562,334.9,False,,,,,
1063,78,auto,1457,289,1920,998,1640,583,1762,700,0.419,334.9,False,,,,,
1063,84,auto,1457,289,1920,998,1828,605,1920,742,0.318,334.9,True,,,,no_text,27.9
1064,80,car,172,331,816,700,244,575,362,610,0.781,334.5,False,,,,,
1064,78,auto,1457,292,1919,999,1645,587,1757,665,0.651,334.5,False,,,,,
1065,80,car,48,329,776,729,121,594,250,633,0.816,227.4,False,,,,,
1065,78,auto,1456,289,1919,998,1645,588,1759,665,0.595,227.4,False,,,,,
1065,78,auto,1456,289,1919,998,1644,585,1762,694,0.428,227.4,False,,,,,
1066,80,car,0,331,754,747,51,609,185,649,0.796,230.1,False,,,,,
1066,78,auto,1457,291,1919,999,1645,587,1758,666,0.629,230.1,False,,,,,
1067,80,car,0,331,731,764,0,625,112,665,0.779,227.9,False,,,,,
1067,78,auto,1457,290,1919,998,1648,585,1761,675,0.602,227.9,False,,,,,
1068,80,car,0,326,702,790,0,640,30,685,0.683,231.2,False,,,,,
1068,78,auto,1457,291,1920,999,1648,584,1762,676,0.604,231.2,False,,,,,
1069,78,auto,1457,291,1920,999,1648,588,1761,673,0.616,228.6,False,,,,,
1070,78,auto,1456,290,1920,998,1649,589,1762,671,0.614,225.6,False,,,,,
1071,78,auto,1457,290,1920,999,1648,590,1761,679,0.648,299.1,False,,,,,
1071,85,auto,1457,290,1920,999,1832,622,1920,751,0.296,299.1,True,,,,no_text,36.9
1071,78,auto,1457,290,1920,999,1621,592,1763,707,0.261,299.1,False,,,,,
1072,78,auto,1456,290,1920,999,1640,590,1760,688,0.632,268.3,False,,,,,
1072,78,auto,1456,290,1920,999,1618,591,1764,707,0.291,268.3,False,,,,,
1073,78,auto,1456,290,1920,1000,1640,592,1757,685,0.643,221.2,False,,,,,
1073,85,auto,1456,290,1920,1000,1831,631,1920,750,0.264,221.2,True,2020,0.594,,rejected,123.3
1073,78,auto,1456,290,1920,1000,1621,593,1760,706,0.251,221.2,False,,,,,
1074,78,auto,1458,290,1920,999,1647,588,1762,679,0.688,227.0,False,,,,,
1074,85,auto,1458,290,1920,999,1830,610,1920,749,0.301,227.0,False,,,,,
1074,78,auto,1458,290,1920,999,1619,591,1763,706,0.258,227.0,False,,,,,
1075,78,auto,1456,288,1920,1000,1639,590,1760,692,0.662,223.2,False,,,,,
1076,78,auto,1455,289,1920,1000,1641,590,1761,687,0.581,225.7,False,,,,,
1077,78,auto,1455,289,1919,1000,1644,590,1763,703,0.544,224.5,False,,,,,
1078,78,auto,1454,289,1920,1001,1648,589,1762,684,0.542,225.3,False,,,,,
1078,86,auto,1454,289,1920,1001,1831,613,1920,750,0.255,225.3,True,,,,no_text,37.1
1079,78,auto,1454,288,1919,1002,1650,590,1759,671,0.457,230.2,False,,,,,
1080,78,auto,1452,288,1919,1002,1644,589,1756,667,0.447,336.5,False,,,,,
1081,78,auto,1450,290,1919,1000,1640,587,1764,705,0.487,338.1,False,,,,,
1082,78,auto,1452,289,1919,1001,1638,591,1759,694,0.567,319.3,False,,,,,
1083,78,auto,1451,289,1919,1001,1643,588,1763,703,0.546,329.8,False,,,,,
1084,78,auto,1451,290,1919,1001,1644,590,1761,700,0.452,329.2,False,,,,,
1085,78,auto,1452,289,1919,1000,1648,588,1763,677,0.494,329.0,False,,,,,
1086,78,auto,1452,289,1919,1001,1644,590,1757,666,0.361,226.5,False,,,,,
1087,78,auto,1449,290,1919,1001,1643,589,1755,665,0.452,224.8,False,,,,,
1088,78,auto,1449,289,1919,999,1641,587,1763,700,0.500,223.2,False,,,,,
1089,78,auto,1450,289,1919,1000,1644,590,1755,667,0.505,227.9,False,,,,,
1090,78,auto,1448,289,1919,1000,1646,592,1755,662,0.487,230.7,False,,,,,
1090,87,auto,1448,289,1919,1000,1833,651,1920,752,0.266,230.7,True,,,,no_text,51.9
1091,78,auto,1447,288,1920,999,1651,588,1764,684,0.446,237.0,False,,,,,
1092,78,auto,1449,289,1919,1000,1647,590,1759,668,0.544,228.2,False,,,,,
1093,78,auto,1448,290,1919,1001,1645,589,1761,682,0.626,229.4,False,,,,,
1094,78,auto,1446,290,1919,1001,1648,591,1758,667,0.611,324.7,False,,,,,
1095,78,auto,1447,289,1920,1001,1647,590,1757,664,0.525,347.1,False,,,,,
1096,78,auto,1448,290,1920,1002,1649,593,1756,665,0.435,335.5,False,,,,,
1096,88,auto,1448,290,1920,1002,1833,686,1919,753,0.275,335.5,True,LPG,0.964,,rejected,114.5
1097,78,auto,1436,292,1920,1002,1648,592,1757,666,0.498,334.9,False,,,,,
1098,78,auto,1441,290,1920,1002,1651,591,1757,664,0.406,331.7,False,,,,,
1099,78,auto,1435,290,1920,1003,1652,591,1758,663,0.397,336.4,False,,,,,
1100,78,auto,1434,292,1920,1003,1652,591,1759,667,0.316,330.2,False,,,,,
1101,78,auto,1436,291,1920,1004,1652,592,1758,664,0.290,331.8,False,,,,,
1101,89,auto,1436,291,1920,1004,1831,691,1919,753,0.256,331.8,True,LPG,0.989,,rejected,114.8
1102,78,auto,1446,291,1920,1003,1646,592,1760,684,0.542,331.1,False,,,,,
1102,89,auto,1446,291,1920,1003,1835,686,1919,754,0.296,331.1,False,,,,,
1103,78,auto,1448,290,1920,1004,1648,592,1761,687,0.562,337.6,False,,,,,
1104,78,auto,1450,291,1920,1004,1649,595,1759,677,0.423,331.0,False,,,,,
1104,89,auto,1450,291,1920,1004,1830,679,1919,754,0.253,331.0,False,,,,,
1105,78,auto,1446,287,1919,1000,1649,593,1755,662,0.523,332.4,False,,,,,
1106,89,auto,1449,288,1919,1004,1830,691,1919,755,0.412,336.9,False,,,,,
1106,78,auto,1449,288,1919,1004,1651,590,1759,669,0.361,336.9,False,,,,,
1106,89,auto,1449,288,1919,1004,1830,633,1920,758,0.273,336.9,False,,,,,
1107,78,auto,1451,290,1920,1004,1648,594,1759,685,0.503,331.7,False,,,,,
1108,78,auto,1450,287,1920,1002,1648,592,1756,663,0.457,335.7,False,,,,,
1109,78,auto,1454,291,1920,1002,1652,591,1761,666,0.491,338.2,False,,,,,
1109,89,auto,1454,291,1920,1002,1831,687,1919,755,0.282,338.2,False,,,,,
1110,78,auto,1453,287,1919,1002,1649,593,1753,660,0.485,333.5,False,,,,,
1110,89,auto,1453,287,1919,1002,1833,689,1919,754,0.280,333.5,False,,,,,
1111,89,auto,1453,290,1920,1003,1830,686,1919,756,0.429,335.7,False,,,,,
1111,78,auto,1453,290,1920,1003,1645,595,1757,674,0.321,335.7,False,,,,,
1111,89,auto,1453,290,1920,1003,1830,631,1920,760,0.272,335.7,False,,,,,
1112,89,auto,1451,290,1920,1003,1830,684,1919,754,0.269,333.4,False,,,,,
1113,78,auto,1449,288,1920,1002,1641,591,1758,682,0.386,334.2,False,,,,,
1115,78,auto,1449,288,1920,1002,1646,593,1753,664,0.266,329.8,False,,,,,
1116,78,auto,1448,290,1919,1001,1637,590,1759,699,0.482,328.4,False,,,,,
1117,78,auto,1446,287,1919,1001,1644,591,1758,680,0.609,337.0,False,,,,,
1118,78,auto,1449,290,1920,1001,1640,591,1758,688,0.566,334.3,False,,,,,
1119,78,auto,1451,287,1919,1001,1642,590,1758,678,0.591,338.0,False,,,,,
1120,78,auto,1450,290,1920,1003,1647,593,1756,675,0.556,335.5,False,,,,,
1120,90,auto,1450,290,1920,1003,1832,688,1919,754,0.317,335.5,True,,,,no_text,35.8
1120,90,auto,1450,290,1920,1003,1828,616,1920,757,0.290,335.5,True,5402,0.965,,rejected,166.8
1121,78,auto,1452,288,1920,1002,1646,593,1752,663,0.341,332.5,False,,,,,
1123,78,auto,1449,294,1920,1002,1642,590,1754,683,0.573,337.1,False,,,,,
1124,78,auto,1449,288,1919,1001,1640,590,1751,673,0.425,334.0,False,,,,,
1124,91,car,1112,348,1245,454,1147,412,1179,432,0.274,334.0,True,,,,no_text,40.5
1125,78,auto,1448,292,1920,1003,1644,593,1751,670,0.597,339.2,False,,,,,
1126,78,auto,1449,290,1919,1005,1643,595,1751,674,0.641,337.5,False,,,,,
1126,91,car,1107,377,1243,449,1135,411,1170,432,0.315,337.5,True,,,,no_text,40.7
1126,92,auto,1449,290,1919,1005,1826,608,1919,754,0.269,337.5,True,,,,no_text,112.0
1126,92,auto,1449,290,1919,1005,1828,681,1919,749,0.253,337.5,True,,,,no_text,36.0
1127,78,auto,1448,292,1920,1001,1637,594,1747,666,0.596,338.7,False,,,,,
1127,91,car,1101,349,1240,456,1135,413,1170,432,0.348,338.7,True,,,,no_text,43.7
1128,78,auto,1446,292,1920,1002,1638,595,1742,664,0.575,331.8,False,,,,,
1128,91,car,1094,349,1237,456,1129,413,1163,432,0.318,331.8,True,,,,no_text,41.2
1129,78,auto,1446,292,1920,1002,1638,596,1741,662,0.608,334.4,False,,,,,
1129,91,car,1090,350,1232,458,1123,414,1161,432,0.420,334.4,True,,,,no_text,44.6
1129,92,auto,1446,292,1920,1002,1716,778,1840,844,0.293,334.4,True,,,,no_text,42.0
1130,78,auto,1447,292,1919,1001,1639,594,1742,660,0.515,334.4,False,,,,,
1130,91,car,1084,348,1230,458,1119,414,1157,432,0.457,334.4,True,,,,no_text,45.2
1131,78,auto,1446,293,1919,1001,1638,595,1741,663,0.529,333.1,False,,,,,
1132,78,auto,1447,293,1919,999,1637,593,1743,663,0.589,333.1,False,,,,,
1132,91,car,1076,347,1223,459,1114,415,1148,432,0.476,333.1,True,,,,no_text,43.5
1133,78,auto,1446,293,1920,1000,1637,594,1744,666,0.580,331.8,False,,,,,
1133,91,car,1070,348,1223,463,1107,417,1146,432,0.404,331.8,True,,,,no_text,129.0
1133,93,auto,1446,293,1920,1000,1705,767,1833,841,0.258,331.8,True,,,,no_text,39.5
1134,78,auto,1441,292,1919,999,1635,592,1739,663,0.656,329.7,False,,,,,
1134,91,car,1063,347,1219,463,1100,417,1141,432,0.416,329.7,True,,,,no_text,50.4
1134,93,auto,1441,292,1919,999,1699,766,1831,840,0.403,329.7,True,,,,no_text,40.3
1135,78,auto,1436,289,1919,1001,1631,592,1738,669,0.640,334.3,False,,,,,
1135,91,car,1056,346,1215,463,1098,420,1136,434,0.322,334.3,True,,,,no_text,129.0
1135,93,auto,1436,289,1919,1001,1699,768,1828,839,0.316,334.3,True,,,,no_text,41.1
1136,78,auto,1436,292,1919,1000,1631,595,1737,659,0.588,331.9,False,,,,,
1136,91,car,1052,347,1213,467,1092,419,1131,433,0.352,331.9,True,,,,no_text,51.3
1137,78,auto,1433,291,1919,1001,1629,595,1735,661,0.707,334.9,False,,,,,
1137,91,car,1046,349,1208,466,1084,420,1126,436,0.277,334.9,True,,,,no_text,50.2
1138,78,auto,1432,291,1919,1001,1628,595,1735,660,0.725,332.7,False,,,,,
1138,91,car,1039,347,1205,470,1078,421,1118,440,0.422,332.7,True,,,,no_text,44.9
1139,78,auto,1432,292,1919,999,1627,595,1736,661,0.739,332.8,False,,,,,
1139,91,car,1033,347,1200,472,1073,424,1111,440,0.360,332.8,True,,,,no_text,47.7
1140,78,auto,1432,293,1919,1000,1623,593,1733,668,0.776,333.3,False,,,,,
1140,91,car,1010,348,1186,477,1048,427,1092,445,0.534,333.3,True,,,,no_text,48.6
1141,78,auto,1433,294,1919,1000,1623,593,1733,671,0.755,338.1,False,,,,,
1141,91,car,1003,347,1183,478,1045,429,1089,446,0.536,338.1,True,,,,no_text,135.8
1142,78,auto,1430,293,1919,1000,1621,592,1732,673,0.719,341.1,False,,,,,
1142,91,car,996,346,1179,480,1036,429,1075,447,0.579,341.1,True,,,,no_text,45.5
1143,78,auto,1430,294,1919,1000,1618,591,1733,681,0.739,332.0,False,,,,,
1143,91,car,987,347,1174,482,1030,431,1072,449,0.546,332.0,True,,,,no_text,47.8
1144,78,auto,1431,293,1919,1000,1620,593,1734,674,0.740,330.8,False,,,,,
1144,91,car,981,347,1172,485,1023,431,1070,450,0.510,330.8,True,,,,no_text,127.9
1145,78,auto,1433,293,1919,1001,1624,594,1731,670,0.714,333.0,False,,,,,
1145,91,car,975,347,1170,487,1018,431,1066,452,0.433,333.0,True,,,,no_text,47.5
1145,91,car,975,347,1170,487,1019,434,1070,456,0.257,333.0,True,,,,no_text,126.9
1146,78,auto,1432,293,1919,1001,1619,592,1734,681,0.759,333.1,False,,,,,
1146,91,car,970,347,1166,486,1012,431,1062,452,0.482,333.1,True,,,,no_text,49.4
1147,78,auto,1434,293,1919,1000,1623,594,1734,670,0.750,334.2,False,,,,,
1147,91,car,965,347,1163,489,1004,437,1056,456,0.451,334.2,True,,,,no_text,130.3
1147,91,car,965,347,1163,489,1009,431,1057,454,0.270,334.2,True,,,,no_text,45.0
1148,78,auto,1434,292,1919,1001,1623,595,1734,671,0.745,332.6,False,,,,,
1148,91,car,956,348,1158,492,999,438,1052,456,0.584,332.6,True,,,,no_text,56.9
1149,78,auto,1433,292,1919,1001,1622,594,1734,672,0.755,332.8,False,,,,,
1149,91,car,946,349,1155,493,990,440,1044,458,0.454,332.8,True,,,,no_text,132.7
1150,78,auto,1431,291,1919,1001,1622,592,1732,670,0.716,331.2,False,,,,,
1150,91,car,940,347,1152,494,986,439,1037,459,0.516,331.2,True,,,,no_text,50.1
1151,78,auto,1433,292,1919,1000,1622,593,1732,669,0.764,334.1,False,,,,,
1151,91,car,932,347,1148,498,981,441,1031,460,0.489,334.1,True,,,,no_text,131.0
1152,78,auto,1435,292,1919,1000,1621,592,1734,672,0.753,333.9,False,,,,,
1152,91,car,923,347,1144,502,966,444,1021,463,0.522,333.9,True,,,,no_text,55.0
1153,78,auto,1436,293,1919,1000,1622,593,1734,670,0.746,335.2,False,,,,,
1153,91,car,914,347,1139,504,962,444,1013,464,0.496,335.2,True,,,,no_text,128.5
1154,78,auto,1434,293,1919,1001,1621,591,1734,673,0.744,334.5,False,,,,,
1154,91,car,903,345,1133,506,952,446,1010,467,0.534,334.5,True,,,,no_text,129.9
1155,78,auto,1433,292,1919,1001,1620,592,1732,675,0.747,339.6,False,,,,,
1155,91,car,894,346,1129,510,937,447,999,469,0.532,339.6,True,,,,no_text,57.3
1156,78,auto,1437,292,1919,1000,1624,594,1734,669,0.746,312.0,False,,,,,
1156,91,car,885,347,1125,514,934,452,995,473,0.621,312.0,True,,,,no_text,132.5
1157,91,car,822,345,1097,528,875,460,942,484,0.749,338.5,True,DTN03CS1012,0.688,TN03CS1012,accepted,130.6
1157,78,auto,1432,292,1919,1001,1616,589,1735,680,0.724,338.5,False,,,,,
1157,94,auto,1432,292,1919,1001,1702,772,1819,841,0.260,338.5,True,,,,no_text,43.3
1158,91,car,809,342,1089,530,865,462,935,485,0.688,336.0,False,,,,,
1158,78,auto,1429,289,1919,1000,1623,591,1733,676,0.595,336.0,False,,,,,
1158,95,car,1152,332,1309,481,1198,428,1240,442,0.291,336.0,True,,,,no_text,49.8
1159,91,car,795,346,1083,536,852,467,921,490,0.706,320.0,False,,,,,
1159,78,auto,1430,291,1919,1001,1618,590,1732,680,0.684,320.0,False,,,,,
1160,91,car,780,344,1078,541,836,467,909,493,0.700,318.8,False,,,,,
1160,78,auto,1430,291,1919,1001,1620,592,1733,674,0.657,318.8,False,,,,,
1161,91,car,767,344,1070,546,823,472,900,498,0.718,318.3,False,,,,,
1161,78,auto,1431,291,1919,1002,1619,592,1733,677,0.677,318.3,False,,,,,
1161,95,car,1138,336,1306,490,1187,437,1237,456,0.439,318.3,True,,,,no_text,123.0
1162,78,auto,1429,291,1919,1002,1621,593,1732,674,0.707,327.0,False,,,,,
1162,91,car,749,342,1060,551,809,475,884,501,0.706,327.0,False,,,,,
1162,95,car,1134,335,1305,493,1187,440,1234,456,0.414,327.0,True,,,,no_text,128.8
1163,91,car,733,344,1054,556,796,482,870,506,0.723,323.9,False,,,,,
1163,78,auto,1431,295,1919,1002,1619,594,1732,678,0.682,323.9,False,,,,,
1163,95,car,1130,336,1303,497,1182,443,1232,459,0.464,323.9,True,,,,no_text,127.7
1164,91,car,717,340,1046,561,777,483,852,508,0.729,321.9,False,,,,,
1164,78,auto,1432,292,1919,1001,1622,593,1731,670,0.578,321.9,False,,,,,
1164,95,car,1126,334,1302,498,1176,443,1229,460,0.529,321.9,True,,,,no_text,129.4
1165,91,car,696,343,1037,569,761,490,842,513,0.706,324.1,False,,,,,
1165,78,auto,1432,292,1919,1001,1618,592,1734,680,0.676,324.1,False,,,,,
1165,95,car,1123,335,1300,502,1170,445,1222,461,0.401,324.1,True,SOSTSTON,0.550,,rejected,130.4
1166,78,auto,1431,291,1919,1001,1619,592,1734,677,0.727,320.7,False,,,,,
1166,91,car,675,341,1032,573,740,493,825,518,0.698,320.7,False,,,,,
1166,95,car,1118,333,1300,504,1168,445,1219,463,0.431,320.7,False,,,,,
1167,91,car,658,339,1024,581,718,496,807,524,0.740,320.9,False,,,,,
1167,78,auto,1430,292,1919,1001,1619,591,1734,679,0.738,320.9,False,,,,,
1167,95,car,1112,332,1298,506,1165,446,1215,464,0.465,320.9,False,,,,,
1168,78,auto,1430,292,1919,1001,1620,593,1733,675,0.710,327.6,False,,,,,
1168,91,car,632,340,1015,589,699,501,785,529,0.694,327.6,False,,,,,
1168,95,car,1109,331,1296,511,1163,447,1214,466,0.558,327.6,False,,,,,
1169,78,auto,1431,291,1919,1000,1618,592,1734,678,0.740,333.1,False,,,,,
1169,91,car,583,338,997,602,653,511,743,539,0.695,333.1,False,,,,,
1169,95,car,1096,330,1294,517,1154,447,1210,467,0.372,333.1,False,,,,,
1170,78,auto,1431,292,1919,1001,1618,591,1735,681,0.727,331.8,False,,,,,
1170,91,car,562,336,986,612,626,516,722,547,0.688,331.8,False,,,,,
1170,95,car,1090,330,1293,519,1144,450,1204,471,0.600,331.8,False,,,,,
1171,78,auto,1430,294,1919,1001,1618,590,1734,677,0.706,331.8,False,,,,,
1171,95,car,1109,333,1302,494,1141,453,1203,473,0.586,331.8,False,,,,,
1171,91,car,524,332,976,621,600,519,695,553,0.568,331.8,False,,,,,
1172,78,auto,1432,293,1919,1001,1619,594,1733,676,0.700,351.8,False,,,,,
1172,91,car,501,336,965,629,573,528,669,563,0.628,351.8,False,,,,,
1172,95,car,1076,329,1290,529,1134,460,1198,480,0.421,351.8,False,,,,,
1173,78,auto,1432,293,1918,1000,1618,592,1734,679,0.721,331.7,False,,,,,
1173,91,car,467,333,952,638,540,534,640,568,0.703,331.7,False,,,,,
1173,95,car,1067,326,1287,532,1129,459,1195,481,0.628,331.7,False,,,,,
1174,78,auto,1431,293,1919,1000,1620,593,1734,674,0.703,335.8,False,,,,,
1174,95,car,1061,326,1284,536,1121,461,1190,484,0.676,335.8,False,,,,,
1174,91,car,427,333,940,651,503,543,609,577,0.646,335.8,False,,,,,
1175,91,car,356,332,914,673,427,561,539,596,0.696,335.8,False,,,,,
1175,78,auto,1432,293,1919,1000,1620,594,1732,673,0.687,335.8,False,,,,,
1175,95,car,1044,326,1281,545,1108,468,1179,490,0.602,335.8,False,,,,,
1176,78,auto,1433,295,1918,1000,1619,594,1732,673,0.696,336.0,False,,,,,
1176,91,car,303,332,895,688,380,566,495,604,0.673,336.0,False,,,,,
1176,95,car,1037,328,1280,552,1101,470,1174,494,0.651,336.0,False,,,,,
1177,91,car,258,326,880,705,331,577,450,615,0.752,334.2,False,,,,,
1177,78,auto,1432,293,1919,1001,1621,592,1734,672,0.736,334.2,False,,,,,
1177,95,car,1029,324,1276,556,1093,471,1168,495,0.690,334.2,False,,,,,
1178,91,car,79,325,824,753,155,615,289,654,0.779,334.9,False,,,,,
1178,78,auto,1433,290,1918,998,1624,594,1732,668,0.725,334.9,False,,,,,
1178,95,car,1000,322,1270,571,1071,483,1149,508,0.689,334.9,False,,,,,
1178,95,car,1000,322,1270,571,1008,448,1048,477,0.333,334.9,False,,,,,
1179,91,car,2,323,800,772,78,630,220,672,0.750,332.1,False,,,,,
1179,78,auto,1434,293,1919,1000,1623,594,1733,671,0.729,332.1,False,,,,,
1179,95,car,985,322,1269,580,1059,485,1140,513,0.651,332.1,False,,,,,
1180,91,car,0,320,776,800,0,645,144,695,0.762,334.4,False,,,,,
1180,78,auto,1433,294,1919,1000,1621,594,1733,674,0.731,334.4,False,,,,,
1180,95,car,975,320,1264,588,1049,491,1132,516,0.657,334.4,False,,,,,
1181,78,auto,1435,293,1919,1000,1623,594,1732,668,0.761,333.0,False,,,,,
1181,95,car,964,321,1261,594,1038,496,1125,523,0.734,333.0,False,,,,,
1181,91,car,0,319,749,833,0,668,53,723,0.613,333.0,False,,,,,
1182,78,auto,1435,292,1919,999,1624,595,1734,670,0.727,336.1,False,,,,,
1182,95,car,949,321,1258,602,1026,498,1115,529,0.703,336.1,False,,,,,
1183,78,auto,1436,289,1920,997,1624,594,1733,671,0.729,335.6,False,,,,,
1183,95,car,932,321,1254,612,1012,503,1105,534,0.683,335.6,False,,,,,
1184,78,auto,1433,292,1919,1000,1622,593,1732,668,0.759,335.0,False,,,,,
1184,95,car,916,319,1251,621,999,508,1096,539,0.703,335.0,False,,,,,
1184,96,auto,1433,292,1919,1000,1721,786,1820,840,0.279,335.0,True,,,,no_text,41.5
1185,95,car,884,320,1243,643,966,525,1070,556,0.733,332.9,False,,,,,
1185,78,auto,1435,293,1919,1000,1621,594,1732,670,0.713,332.9,False,,,,,
1186,95,car,864,319,1238,654,952,533,1057,566,0.773,331.0,False,,,,,
1186,78,auto,1436,294,1919,999,1624,596,1731,668,0.712,331.0,False,,,,,
1187,95,car,842,317,1234,666,930,543,1042,575,0.760,331.8,False,,,,,
1187,78,auto,1437,291,1919,998,1624,594,1733,671,0.699,331.8,False,,,,,
1188,95,car,816,313,1226,677,910,551,1027,584,0.783,331.2,False,,,,,
1188,78,auto,1438,291,1919,998,1624,594,1733,664,0.776,331.2,False,,,,,
1188,97,auto,1438,291,1919,998,1702,775,1821,840,0.268,331.2,True,,,,no_text,41.9
1189,78,auto,1437,292,1919,998,1624,593,1731,667,0.775,331.9,False,,,,,
1189,95,car,788,310,1225,693,885,562,1006,599,0.742,331.9,False,,,,,
1190,95,car,758,312,1217,712,860,575,988,610,0.768,330.5,False,,,,,
1190,78,auto,1437,293,1919,999,1625,594,1732,672,0.686,330.5,False,,,,,
1191,78,auto,1438,291,1919,999,1624,593,1732,665,0.756,332.1,False,,,,,
1191,95,car,722,309,1210,729,829,584,964,622,0.745,332.1,False,,,,,
1192,78,auto,1439,290,1919,997,1623,591,1733,671,0.793,334.1,False,,,,,
1192,95,car,644,306,1197,774,760,611,909,652,0.744,334.1,False,,,,,
1192,98,auto,1439,290,1919,997,1701,771,1822,840,0.459,334.1,True,,,,no_text,41.0
1193,78,auto,1440,290,1919,998,1624,593,1733,662,0.782,335.4,False,,,,,
1193,95,car,591,303,1191,801,728,625,879,672,0.726,335.4,False,,,,,
1193,98,auto,1440,290,1919,998,1702,768,1822,841,0.394,335.4,True,,,,no_text,39.2
1194,78,auto,1439,290,1919,998,1622,591,1732,669,0.777,333.1,False,,,,,
1194,95,car,540,301,1179,831,671,645,837,690,0.730,333.1,False,,,,,
1194,98,auto,1439,290,1919,998,1699,771,1823,840,0.425,333.1,True,,,,no_text,41.8
1195,95,car,478,298,1167,861,613,666,795,715,0.728,332.8,False,,,,,
1195,78,auto,1438,291,1919,996,1622,590,1733,675,0.724,332.8,False,,,,,
1196,78,auto,1439,290,1916,997,1623,593,1733,674,0.702,333.5,False,,,,,
1196,95,car,318,291,1143,947,468,725,682,792,0.658,333.5,False,,,,,
1197,78,auto,1437,288,1918,998,1624,594,1733,673,0.720,324.7,False,,,,,
1197,95,car,218,283,1130,1002,377,765,608,838,0.672,324.7,False,,,,,
1198,78,auto,1438,288,1919,998,1621,592,1733,674,0.745,387.6,False,,,,,
1198,95,car,102,277,1118,1065,259,809,513,898,0.553,387.6,False,,,,,
1199,78,auto,1439,290,1919,999,1620,591,1733,674,0.743,244.0,False,,,,,
1199,95,car,0,267,1109,1078,106,870,393,976,0.701,244.0,False,,,,,
1199,99,auto,1439,290,1919,999,1712,775,1818,840,0.270,244.0,True,,,,no_text,32.8
1200,78,auto,1438,287,1919,998,1624,593,1731,664,0.725,216.5,False,,,,,
1201,78,auto,1437,289,1918,999,1623,594,1733,670,0.715,334.0,False,,,,,
1202,78,auto,1436,290,1917,998,1622,594,1733,671,0.689,330.3,False,,,,,
1203,78,auto,1437,290,1918,999,1621,594,1732,672,0.741,331.0,False,,,,,
1204,78,auto,1434,288,1919,999,1620,592,1733,676,0.673,329.8,False,,,,,
1205,78,auto,1435,288,1919,999,1620,593,1733,675,0.700,332.0,False,,,,,
1206,78,auto,1433,290,1918,998,1618,592,1734,675,0.734,334.9,False,,,,,
1207,78,auto,1434,287,1918,997,1617,589,1734,684,0.685,333.2,False,,,,,
1207,78,auto,1434,287,1918,997,1607,584,1745,703,0.254,333.2,False,,,,,
1208,78,auto,1432,290,1918,998,1619,593,1734,674,0.646,331.7,False,,,,,
1208,100,auto,1432,290,1918,998,1691,765,1819,843,0.254,331.7,True,,,,no_text,39.1
1209,78,auto,1436,286,1920,998,1620,592,1733,672,0.671,334.5,False,,,,,
1209,100,auto,1436,286,1920,998,1691,769,1816,840,0.301,334.5,True,,,,no_text,40.9
1210,78,auto,1431,289,1918,999,1619,593,1734,675,0.628,331.0,False,,,,,
1211,78,auto,1434,287,1918,998,1620,591,1734,673,0.633,330.5,False,,,,,
1212,78,auto,1433,290,1917,999,1620,592,1734,675,0.585,331.2,False,,,,,
1212,100,auto,1433,290,1917,999,1698,778,1820,844,0.255,331.2,True,,,,no_text,41.8
1213,78,auto,1433,289,1918,999,1619,593,1732,674,0.674,331.5,False,,,,,
1214,78,auto,1433,291,1919,999,1619,593,1733,672,0.698,333.2,False,,,,,
1215,78,auto,1435,291,1919,999,1620,592,1733,673,0.624,332.7,False,,,,,
1216,78,auto,1434,292,1919,1000,1618,592,1733,677,0.675,330.8,False,,,,,
1217,78,auto,1432,291,1918,1000,1619,593,1732,676,0.699,331.6,False,,,,,
1218,78,auto,1433,293,1919,1002,1619,593,1733,676,0.711,330.4,False,,,,,
1219,78,auto,1429,293,1919,1003,1617,593,1730,680,0.727,331.3,False,,,,,
1220,78,auto,1431,291,1919,1000,1621,595,1731,673,0.576,331.9,False,,,,,
1221,78,auto,1431,294,1919,1003,1620,593,1733,678,0.584,330.6,False,,,,,
1221,101,auto,1431,294,1919,1003,1706,785,1819,844,0.272,330.6,True,,,,no_text,42.5
1222,78,auto,1432,291,1919,1001,1622,596,1732,673,0.582,333.8,False,,,,,
1223,78,auto,1430,290,1918,1001,1622,596,1730,672,0.489,332.2,False,,,,,
1224,78,auto,1431,290,1917,1001,1621,594,1733,680,0.625,330.2,False,,,,,
1225,78,auto,1430,288,1919,1001,1620,595,1731,670,0.696,332.1,False,,,,,
1226,78,auto,1429,291,1918,1001,1622,596,1731,670,0.694,331.0,False,,,,,
1226,102,car,1236,353,1376,465,1273,417,1310,434,0.278,331.0,True,,,,no_text,44.9
1227,78,auto,1430,291,1918,1001,1620,594,1732,676,0.679,333.2,False,,,,,
1228,78,auto,1430,291,1918,1000,1621,595,1731,672,0.665,329.9,False,,,,,
1229,78,auto,1430,290,1918,1000,1619,594,1732,672,0.691,331.6,False,,,,,
1230,78,auto,1424,289,1918,1000,1619,594,1731,672,0.673,335.1,False,,,,,
1231,78,auto,1418,291,1918,1001,1621,595,1732,671,0.562,335.3,False,,,,,
1231,103,car,1143,341,1279,443,1254,425,1293,439,0.273,335.3,True,,,,no_text,131.1
1232,78,auto,1431,288,1915,1003,1618,592,1732,673,0.723,332.4,False,,,,,
1233,78,auto,1429,289,1914,1004,1618,595,1731,671,0.715,333.0,False,,,,,
1233,103,car,1194,350,1353,477,1231,425,1273,442,0.266,333.0,True,,,,no_text,48.0
1233,103,car,1194,350,1353,477,1233,421,1275,439,0.252,333.0,True,,,,no_text,47.8
1234,78,auto,1430,291,1914,1003,1620,595,1733,670,0.669,333.9,False,,,,,
1234,104,motorcycle,1314,412,1486,679,1393,480,1441,516,0.304,333.9,True,,,,no_text,36.6
1234,103,car,1191,351,1352,479,1226,428,1269,443,0.260,333.9,True,,,,no_text,133.4
1235,78,auto,1431,290,1915,1005,1621,596,1731,668,0.645,332.6,False,,,,,
1235,104,motorcycle,1303,415,1477,682,1378,483,1433,520,0.377,332.6,True,,,,no_text,38.0
1235,103,car,1183,351,1350,479,1224,429,1268,444,0.361,332.6,True,,,,no_text,134.6
1236,78,auto,1427,289,1916,1003,1617,594,1731,671,0.782,332.2,False,,,,,
1236,103,car,1177,351,1346,479,1218,426,1265,441,0.260,332.2,True,MA,0.577,,rejected,134.8
1237,78,auto,1424,292,1917,1004,1618,596,1730,671,0.746,331.0,False,,,,,
1237,103,car,1176,349,1347,482,1215,429,1264,445,0.414,331.0,False,,,,,
1238,78,auto,1429,290,1915,1005,1621,596,1729,668,0.700,335.4,False,,,,,
1238,103,car,1172,349,1345,484,1213,430,1256,447,0.443,335.4,False,,,,,
1238,104,motorcycle,1260,407,1480,690,1342,481,1391,518,0.349,335.4,True,,,,no_text,35.7
1239,78,auto,1425,291,1916,1002,1616,594,1731,673,0.774,336.8,False,,,,,
1240,78,auto,1423,292,1917,1003,1616,594,1728,674,0.753,332.2,False,,,,,
1240,103,car,1163,347,1335,482,1202,430,1247,449,0.270,332.2,False,,,,,
1241,78,auto,1424,294,1917,1003,1615,595,1729,673,0.735,333.2,False,,,,,
1241,103,car,1159,347,1341,483,1197,430,1248,448,0.320,333.2,False,,,,,
1242,78,auto,1428,291,1917,1003,1616,595,1727,668,0.749,333.1,False,,,,,
1242,103,car,1090,338,1221,456,1196,431,1246,451,0.269,333.1,False,,,,,
1243,78,auto,1425,294,1918,1002,1613,593,1730,674,0.755,331.8,False,,,,,
1243,103,car,1147,347,1327,485,1191,431,1242,450,0.435,331.8,False,,,,,
1243,78,auto,1425,294,1918,1002,1610,594,1742,702,0.264,331.8,False,,,,,
1244,78,auto,1425,295,1919,1002,1615,595,1726,666,0.763,332.6,False,,,,,
1244,103,car,1141,344,1316,488,1190,431,1238,449,0.409,332.6,False,,,,,
1245,78,auto,1423,293,1918,1002,1613,593,1728,672,0.752,332.7,False,,,,,
1245,103,car,1135,343,1310,488,1185,431,1236,451,0.267,332.7,False,,,,,
1246,78,auto,1428,294,1918,1002,1615,595,1724,667,0.752,331.3,False,,,,,
1246,103,motorcycle,1154,408,1465,698,1237,482,1297,522,0.284,331.3,False,,,,,
1247,78,auto,1428,293,1917,1002,1611,593,1725,673,0.762,331.9,False,,,,,
1247,103,car,1064,336,1203,458,1172,436,1223,456,0.292,331.9,False,,,,,
1248,78,auto,1429,293,1917,1002,1613,595,1722,668,0.750,332.0,False,,,,,
1249,78,auto,1427,294,1917,1003,1614,596,1722,667,0.772,334.7,False,,,,,
1249,103,motorcycle,1093,403,1456,711,1183,481,1248,518,0.338,334.7,False,,,,,
1250,78,auto,1430,293,1919,1002,1612,594,1725,669,0.771,335.1,False,,,,,
1251,78,auto,1432,292,1917,1003,1615,597,1720,664,0.753,334.0,False,,,,,
1251,105,auto,1432,292,1917,1003,1714,788,1813,844,0.272,334.0,True,,,,no_text,41.0
1252,78,auto,1429,293,1919,1002,1615,595,1720,664,0.730,334.1,False,,,,,
1253,78,auto,1428,292,1919,1003,1615,597,1718,663,0.736,331.6,False,,,,,
1253,106,motorcycle,1043,408,1429,725,1127,491,1183,522,0.270,331.6,True,,,,no_text,41.4
1254,78,auto,1429,293,1919,1003,1617,598,1718,661,0.766,335.3,False,,,,,
1254,105,auto,1429,293,1919,1003,1712,788,1813,844,0.280,335.3,True,,,,no_text,41.2
1254,106,car,1074,343,1278,515,1105,492,1160,524,0.252,335.3,True,,,,no_text,40.2
1255,78,auto,1429,293,1919,1002,1616,596,1720,662,0.739,335.3,False,,,,,
1256,78,auto,1429,293,1919,1002,1616,596,1722,665,0.747,331.9,False,,,,,
1256,106,motorcycle,981,404,1377,749,1067,483,1128,515,0.360,331.9,True,,,,no_text,45.1
1256,106,motorcycle,981,404,1377,749,1075,495,1134,529,0.293,331.9,True,,,,no_text,39.7
1257,78,auto,1430,292,1919,1003,1616,597,1723,665,0.757,332.4,False,,,,,
1258,78,auto,1430,294,1919,1001,1615,595,1726,669,0.752,332.9,False,,,,,
1259,78,auto,1429,294,1919,1002,1615,596,1723,668,0.740,333.0,False,,,,,
1260,78,auto,1429,292,1919,1002,1615,597,1721,664,0.747,251.8,False,,,,,
1261,78,auto,1429,292,1919,1003,1615,595,1726,670,0.727,222.0,False,,,,,
1262,78,auto,1429,295,1919,1003,1614,594,1729,671,0.742,219.0,False,,,,,
1263,78,auto,1428,294,1919,1003,1614,595,1728,672,0.722,345.2,False,,,,,
1264,78,auto,1428,292,1919,1004,1615,595,1726,667,0.729,355.6,False,,,,,
1265,78,auto,1428,294,1919,1004,1615,595,1726,668,0.746,334.1,False,,,,,
1265,107,auto,1428,294,1919,1004,1712,785,1814,844,0.275,334.1,True,,,,no_text,40.8
1266,78,auto,1428,293,1919,1003,1616,596,1726,668,0.763,333.3,False,,,,,
1266,107,auto,1428,293,1919,1003,1714,785,1816,844,0.329,333.3,True,,,,no_text,40.0
1267,78,auto,1428,293,1919,1003,1615,595,1728,674,0.745,333.0,False,,,,,
1267,108,car,956,331,1259,505,952,432,1031,481,0.299,333.0,True,,,,no_text,38.9
1268,78,auto,1427,293,1919,1003,1616,595,1726,667,0.738,331.3,False,,,,,
1269,78,auto,1426,292,1919,1003,1615,595,1722,665,0.748,358.2,False,,,,,
1270,78,auto,1427,294,1919,1003,1615,595,1725,668,0.726,333.4,False,,,,,
1271,78,auto,1428,294,1919,1002,1615,594,1729,677,0.745,333.3,False,,,,,
1272,78,auto,1427,294,1919,1002,1614,595,1727,672,0.754,337.7,False,,,,,
1273,78,auto,1427,293,1919,1002,1615,595,1726,669,0.743,331.8,False,,,,,
1274,78,auto,1429,293,1919,1002,1616,595,1725,668,0.750,332.7,False,,,,,
1274,109,auto,1429,293,1919,1002,1715,787,1814,844,0.296,332.7,True,,,,no_text,40.0
1275,78,auto,1429,294,1919,1002,1614,593,1728,671,0.726,331.0,False,,,,,
1276,78,auto,1428,291,1919,1002,1617,591,1729,678,0.702,360.5,False,,,,,
1277,78,auto,1428,294,1919,1002,1614,593,1730,679,0.745,324.2,False,,,,,
1277,78,auto,1428,294,1919,1002,1601,595,1731,704,0.256,324.2,False,,,,,
1278,78,auto,1428,292,1919,1000,1614,592,1726,671,0.714,346.9,False,,,,,
1279,78,auto,1428,292,1919,1000,1614,593,1725,673,0.724,342.9,False,,,,,
1280,78,auto,1429,292,1919,1000,1614,592,1726,671,0.707,359.2,False,,,,,
1281,78,auto,1428,292,1919,999,1614,592,1724,670,0.711,361.6,False,,,,,
1282,78,auto,1427,289,1919,999,1615,590,1721,660,0.680,357.5,False,,,,,
1283,78,auto,1428,290,1919,999,1616,591,1721,661,0.702,345.7,False,,,,,
1284,78,auto,1426,291,1919,1000,1614,591,1716,657,0.694,353.3,False,,,,,
1285,78,auto,1427,288,1920,996,1613,589,1721,657,0.641,360.2,False,,,,,
1285,110,auto,1427,288,1920,996,1683,759,1809,836,0.286,360.2,True,,,,no_text,39.0
1286,78,auto,1425,287,1919,996,1613,589,1716,655,0.705,334.4,False,,,,,
1287,78,auto,1429,287,1920,997,1612,589,1715,657,0.704,337.6,False,,,,,
1288,78,auto,1427,288,1919,996,1612,590,1715,657,0.702,330.2,False,,,,,
1288,110,auto,1427,288,1919,996,1678,766,1807,838,0.303,330.2,True,,,,no_text,40.4
1289,78,auto,1425,289,1919,996,1610,590,1713,657,0.669,331.4,False,,,,,
1289,110,auto,1425,289,1919,996,1678,767,1808,838,0.306,331.4,True,,,,no_text,42.0
1290,78,auto,1427,289,1920,997,1610,589,1713,657,0.678,333.5,False,,,,,
1290,110,auto,1427,289,1920,997,1678,767,1808,838,0.303,333.5,True,,,,no_text,41.6
1291,78,auto,1423,287,1920,995,1610,588,1717,663,0.609,331.7,False,,,,,
1292,78,auto,1424,289,1920,997,1607,591,1714,660,0.675,330.2,False,,,,,
1293,78,auto,1424,290,1920,996,1607,590,1713,658,0.635,331.1,False,,,,,
1293,110,auto,1424,290,1920,996,1682,768,1804,838,0.288,331.1,True,,,,no_text,40.1
1294,78,auto,1421,290,1920,997,1605,590,1714,662,0.632,337.0,False,,,,,
1295,78,auto,1421,288,1920,996,1607,588,1712,660,0.587,335.3,False,,,,,
1296,78,auto,1421,286,1920,996,1606,587,1712,660,0.607,331.8,False,,,,,
1297,78,auto,1420,290,1920,996,1606,593,1710,663,0.619,335.3,False,,,,,
1297,111,auto,1420,290,1920,996,1678,778,1798,838,0.310,335.3,True,,,,no_text,43.3
1298,78,auto,1421,293,1919,998,1607,592,1710,663,0.629,335.0,False,,,,,
1298,111,auto,1421,293,1919,998,1680,777,1798,838,0.324,335.0,True,,,,no_text,42.4
1299,78,auto,1422,290,1920,997,1606,592,1714,667,0.603,331.1,False,,,,,
1299,111,auto,1422,290,1920,997,1681,777,1798,837,0.252,331.1,True,,,,no_text,43.6
1300,112,car,400,311,1084,842,456,665,627,720,0.710,333.8,True,TN976500,0.876,TN976500,accepted,134.5
1300,78,auto,1421,292,1919,999,1607,592,1710,660,0.547,333.8,False,,,,,
1300,111,auto,1421,292,1919,999,1679,775,1799,839,0.353,333.8,True,,,,no_text,43.8
1301,112,car,325,312,1078,863,418,680,599,735,0.741,332.1,False,,,,,
1301,78,auto,1421,292,1919,998,1604,592,1711,665,0.665,332.1,False,,,,,
1301,111,auto,1421,292,1919,998,1679,774,1796,837,0.268,332.1,True,,,,no_text,41.8
1302,112,car,260,311,1072,881,377,687,564,748,0.744,336.5,False,,,,,
1302,78,auto,1421,293,1919,998,1603,593,1712,670,0.676,336.5,False,,,,,
1302,111,auto,1421,293,1919,998,1677,773,1797,837,0.259,336.5,True,,,,no_text,42.0
1303,112,car,204,310,1065,907,336,705,529,763,0.729,335.8,False,,,,,
1303,78,auto,1420,292,1919,998,1605,593,1710,662,0.661,335.8,False,,,,,
1303,111,auto,1420,292,1919,998,1679,775,1795,837,0.261,335.8,True,,,,no_text,42.0
1304,112,car,168,310,1055,924,291,718,493,784,0.670,332.8,False,,,,,
1304,78,auto,1420,291,1919,998,1604,592,1710,663,0.646,332.8,False,,,,,
1305,112,car,129,308,1047,946,242,734,452,802,0.705,332.9,False,,,,,
1305,78,auto,1420,292,1920,998,1605,592,1710,661,0.627,332.9,False,,,,,
1306,113,car,1,305,1012,1054,8,811,251,894,0.611,334.1,True,TN976500,0.986,TN976500,accepted,133.1
1306,78,auto,1421,291,1919,998,1606,593,1709,660,0.569,334.1,False,,,,,
1307,113,car,2,303,1005,1070,0,838,186,930,0.637,334.0,False,,,,,
1307,78,auto,1420,291,1920,998,1606,593,1709,660,0.617,334.0,False,,,,,
1307,114,auto,1420,291,1920,998,1679,775,1796,837,0.265,334.0,True,,,,no_text,42.3
1308,78,auto,1420,289,1920,997,1607,592,1712,664,0.544,334.4,False,,,,,
1308,113,car,1,306,990,1078,0,905,39,1031,0.346,334.4,False,,,,,
1309,78,auto,1420,290,1920,997,1607,592,1711,666,0.467,333.7,False,,,,,
1310,78,auto,1419,291,1920,997,1606,592,1711,661,0.574,340.6,False,,,,,
1311,78,auto,1420,290,1920,997,1606,593,1710,661,0.592,333.8,False,,,,,
1312,78,auto,1420,289,1920,997,1607,593,1711,661,0.546,335.5,False,,,,,
1313,78,auto,1421,288,1920,997,1606,587,1715,665,0.594,334.6,False,,,,,
1314,78,auto,1423,291,1919,998,1603,588,1717,685,0.659,333.6,False,,,,,
1315,78,auto,1423,290,1919,999,1606,592,1713,668,0.673,334.8,False,,,,,
1316,78,auto,1421,291,1919,1000,1607,591,1713,675,0.620,334.3,False,,,,,
1317,78,auto,1420,289,1919,1000,1607,590,1712,662,0.649,330.8,False,,,,,
1318,78,auto,1422,291,1919,1000,1609,592,1713,669,0.662,334.0,False,,,,,
1319,78,auto,1423,292,1919,999,1605,590,1716,667,0.646,336.0,False,,,,,
1319,78,auto,1423,292,1919,999,1606,586,1721,692,0.278,336.0,False,,,,,
1320,78,auto,1422,292,1919,999,1607,588,1720,674,0.576,332.2,False,,,,,
1321,78,auto,1420,291,1920,998,1603,589,1717,685,0.576,335.2,False,,,,,
1321,115,auto,1420,291,1920,998,1676,771,1804,840,0.253,335.2,True,,,,no_text,42.1
1322,78,auto,1422,291,1920,999,1608,588,1719,669,0.449,335.8,False,,,,,
1323,78,auto,1420,290,1920,999,1604,590,1713,668,0.636,333.0,False,,,,,
1324,78,auto,1416,290,1920,997,1601,591,1709,665,0.608,333.5,False,,,,,
1324,115,auto,1416,290,1920,997,1678,772,1796,838,0.375,333.5,True,,,,no_text,42.1
1325,78,auto,1420,291,1920,999,1605,592,1714,664,0.450,337.7,False,,,,,
1326,78,auto,1423,292,1919,999,1609,587,1718,669,0.596,337.0,False,,,,,
1327,78,auto,1420,289,1920,999,1605,586,1714,663,0.545,334.6,False,,,,,
1328,78,auto,1416,287,1920,998,1604,587,1711,656,0.635,336.0,False,,,,,
