frame_id,track_id,vehicle_type,vehicle_bbox_x1,vehicle_bbox_y1,vehicle_bbox_x2,vehicle_bbox_y2,plate_bbox_x1,plate_bbox_y1,plate_bbox_x2,plate_bbox_y2,plate_confidence,detect_inference_ms,ocr_ran,ocr_raw_text,ocr_confidence,ocr_validated_plate,ocr_status,ocr_inference_ms
1,1,auto,1274,354,1803,1053,1463,656,1564,726,0.411,473.8,True,TN03D9766,0.983,TN03D9766,accepted,438.6
1,2,motorcycle,526,493,755,773,568,588,636,616,0.396,473.8,True,,,,no_text,219.8
2,1,auto,1279,354,1805,1053,1463,653,1567,748,0.506,236.8,True,TN03D9766,0.977,TN03D9766,accepted,240.2
2,2,motorcycle,470,500,711,808,500,599,570,633,0.266,236.8,True,,,,no_text,163.3
2,2,motorcycle,470,500,711,808,504,587,565,615,0.266,236.8,True,,,,no_text,80.1
3,2,motorcycle,420,508,687,832,462,616,533,647,0.520,239.1,True,,,,no_text,258.3
3,1,auto,1275,356,1803,1054,1463,659,1565,727,0.394,239.1,True,TN03D9766,0.985,TN03D9766,accepted,327.1
4,3,car,1130,405,1227,512,1139,466,1179,486,0.408,230.1,True,,,,no_text,51.9
4,2,motorcycle,366,509,661,853,413,617,498,655,0.382,230.1,True,,,,no_text,181.9
4,2,motorcycle,366,509,661,853,418,585,482,623,0.321,230.1,True,,,,no_text,57.1
5,2,motorcycle,252,513,593,912,311,653,397,691,0.547,241.2,True,17055280,0.640,,rejected,153.1
5,3,car,1124,410,1227,514,1137,470,1178,490,0.421,241.2,True,,,,no_text,63.6
6,2,motorcycle,96,538,523,997,171,690,266,734,0.462,235.2,True,1280,0.680,,rejected,152.6
6,1,auto,1285,356,1805,1056,1466,660,1566,728,0.305,235.2,True,TN03D9766,0.988,TN03D9766,accepted,192.1
7,2,motorcycle,0,556,419,1075,0,735,83,793,0.348,243.8,True,,,,no_text,44.2
7,3,motorcycle,1049,454,1111,533,1046,455,1109,502,0.270,243.8,True,,,,no_text,61.2
8,3,car,1099,416,1216,527,1117,486,1157,505,0.361,238.0,True,,,,no_text,56.6
9,3,car,1097,416,1210,527,1119,484,1155,504,0.385,235.9,True,,,,no_text,48.9
9,1,auto,1275,366,1804,1069,1457,669,1564,734,0.272,235.9,True,TN03D9766,0.988,TN03D9766,accepted,207.8
10,3,car,1091,419,1212,531,1114,487,1151,504,0.540,225.1,True,,,,no_text,55.4
10,1,auto,1278,369,1803,1071,1463,671,1565,734,0.445,225.1,True,TN03D9766,0.989,TN03D9766,accepted,205.7
11,3,car,1088,416,1208,532,1107,487,1147,505,0.519,229.9,True,,,,no_text,53.1
11,1,auto,1282,367,1804,1071,1464,666,1570,734,0.326,229.9,True,TN03D9766,0.983,TN03D9766,accepted,205.5
12,3,car,1069,418,1206,538,1103,490,1145,505,0.472,223.5,True,,,,no_text,201.2
12,1,auto,1285,368,1806,1072,1469,667,1577,737,0.271,223.5,True,TN03D9766,0.979,TN03D9766,accepted,211.0
12,3,motorcycle,986,455,1079,606,996,496,1044,523,0.259,223.5,True,,,,no_text,53.1
13,3,car,1068,418,1206,539,1103,491,1144,506,0.509,240.4,True,,,,no_text,165.9
13,1,auto,1288,367,1814,1071,1471,666,1581,738,0.352,240.4,True,TN03D9766,0.987,TN03D9766,accepted,193.5
13,3,motorcycle,984,455,1078,611,996,490,1044,522,0.345,240.4,True,,,,no_text,48.4
14,3,car,1053,417,1196,541,1094,491,1133,507,0.554,232.7,True,,,,no_text,59.3
14,1,auto,1287,371,1808,1070,1469,668,1576,736,0.370,232.7,True,TN03D9766,0.973,TN03D9766,accepted,204.9
15,3,car,1044,414,1193,544,1084,493,1124,511,0.564,235.1,True,,,,no_text,56.4
15,1,auto,1283,369,1805,1070,1464,668,1570,734,0.361,235.1,True,TN03D9766,0.978,TN03D9766,accepted,204.1
15,3,motorcycle,943,453,1052,628,960,495,1012,523,0.266,235.1,True,,,,no_text,54.3
16,3,car,1032,412,1185,546,1070,492,1114,511,0.604,228.4,True,,,,no_text,58.9
17,3,car,1030,407,1185,552,1068,497,1111,515,0.584,227.7,True,,,,no_text,61.9
18,3,car,1019,411,1181,553,1061,499,1108,517,0.627,231.5,True,,,,no_text,65.3
18,4,motorcycle,889,460,1015,667,899,529,961,558,0.319,231.5,True,,,,no_text,75.1
19,3,car,1014,406,1173,555,1057,501,1100,518,0.608,233.7,True,,,,no_text,63.6
19,4,motorcycle,871,456,1006,675,896,583,941,617,0.391,233.7,True,,,,no_text,60.0
19,4,motorcycle,871,456,1006,675,889,533,948,559,0.257,233.7,True,,,,no_text,81.8
20,3,car,1003,408,1171,563,1045,503,1092,521,0.703,302.8,True,,,,no_text,73.3
20,4,motorcycle,848,469,992,693,864,547,927,573,0.456,302.8,True,,,,no_text,83.6
21,4,motorcycle,836,471,981,699,852,554,913,579,0.660,232.6,True,,,,no_text,61.2
21,3,car,999,406,1171,563,1044,503,1091,523,0.659,232.6,True,,,,no_text,80.1
22,3,car,995,408,1170,565,1041,507,1089,528,0.573,232.6,True,,,,no_text,60.1
22,4,motorcycle,820,474,971,710,840,555,905,583,0.482,232.6,True,,,,no_text,80.6
22,4,motorcycle,820,474,971,710,846,610,894,640,0.266,232.6,True,,,,no_text,62.1
23,3,car,943,405,1149,583,995,516,1053,540,0.653,249.2,True,,,,no_text,59.6
23,4,motorcycle,639,484,870,828,670,615,737,653,0.649,249.2,True,8199,0.569,,rejected,212.3
23,4,motorcycle,639,484,870,828,690,530,757,558,0.315,249.2,True,,,,no_text,163.9
24,3,car,934,406,1146,585,989,517,1052,543,0.691,228.5,True,,,,no_text,164.4
24,4,motorcycle,610,470,850,850,661,530,732,565,0.515,228.5,True,,,,no_text,166.8
24,4,motorcycle,610,470,850,850,635,626,705,665,0.476,228.5,True,INIOCC0947,0.856,TN1OCC0947,accepted,210.2
25,4,motorcycle,577,494,830,879,599,638,679,683,0.725,220.3,True,8999,0.609,,rejected,152.6
25,3,car,929,407,1144,590,985,519,1046,545,0.709,220.3,True,,,,no_text,178.9
25,4,motorcycle,577,494,830,879,634,542,696,571,0.424,220.3,True,,,,no_text,166.1
26,3,car,921,408,1141,592,977,521,1041,549,0.743,228.6,True,INIERL7XEL,0.584,,rejected,157.6
26,4,motorcycle,527,479,808,907,562,650,637,696,0.720,228.6,True,SINIOCC0943,0.715,TN1OCC0943,accepted,201.6
26,4,motorcycle,527,479,808,907,591,546,665,579,0.430,228.6,True,,,,no_text,159.2
27,4,motorcycle,405,489,760,972,456,683,548,736,0.743,233.3,True,TN10CC0947,0.797,TN10CC0947,accepted,191.1
27,3,car,901,405,1135,601,963,525,1026,552,0.565,233.3,True,HINICIL7AC,0.598,,rejected,162.2
27,4,motorcycle,405,489,760,972,509,561,584,598,0.541,233.3,True,,,,no_text,169.5
28,3,car,893,408,1129,602,953,531,1020,557,0.719,225.0,True,,,,no_text,59.8
28,4,motorcycle,360,516,730,1010,452,577,529,614,0.470,225.0,True,,,,no_text,70.4
28,4,motorcycle,360,516,730,1010,394,704,492,759,0.454,225.0,True,INI0CC0947,0.840,NL0CC0947,accepted,216.2
29,3,car,886,408,1126,607,946,532,1014,560,0.751,219.7,True,TIN10BL7364,0.630,TN10BL7364,accepted,161.8
29,4,motorcycle,281,517,698,1066,325,729,428,788,0.613,219.7,True,TNI0CC0947,0.809,NL0CC0947,accepted,206.8
29,5,motorcycle,281,517,698,1066,394,586,473,627,0.420,219.7,True,,,,no_text,157.1
30,3,car,871,411,1118,616,929,537,999,564,0.734,222.0,True,TN103L736,0.863,NL03L736,accepted,161.7
30,4,motorcycle,82,547,610,1077,146,792,262,859,0.574,222.0,True,IN10CC0947,0.856,TN10CC0947,accepted,202.2
30,6,motorcycle,82,547,610,1077,240,626,325,664,0.570,222.0,True,,,,no_text,60.6
31,3,car,862,409,1116,619,923,539,996,569,0.747,256.3,True,ETM10DL7164,0.776,TN10DL7164,accepted,162.4
31,4,motorcycle,0,566,568,1078,26,834,150,907,0.480,256.3,True,OIN10CC0947,0.857,TN10CC0947,accepted,198.7
31,6,motorcycle,0,566,568,1078,139,649,226,689,0.393,256.3,True,,,,no_text,74.5
32,3,car,848,407,1109,620,910,542,986,571,0.736,237.4,True,IN1O1L7364,0.635,TN1OIL7364,accepted,161.8
33,3,car,826,408,1102,633,891,548,969,578,0.665,263.5,True,ETN10EL7364,0.841,TN10EL7364,accepted,126.8
34,3,car,816,406,1097,639,881,552,959,582,0.748,253.6,True,ETN1OPL7364,0.793,TN1OPL7364,accepted,168.3
35,3,car,807,406,1092,645,870,553,950,585,0.765,393.1,True,AINTOBL7354,0.693,,rejected,160.1
35,7,auto,1292,367,1813,1062,1473,659,1586,739,0.309,393.1,True,TN03D9766,0.983,TN03D9766,accepted,205.9
36,3,car,734,402,1067,674,807,575,897,607,0.792,388.6,True,IN108L7364,0.894,TN1OBL7364,accepted,168.2
36,7,auto,1287,367,1812,1063,1473,661,1578,730,0.261,388.6,True,TN03D9766,0.989,TN03D9766,accepted,209.6
37,3,car,719,401,1061,683,793,581,885,612,0.784,322.9,True,TN10BL7364,0.923,TN10BL7364,accepted,170.7
38,3,car,702,404,1056,692,775,588,872,621,0.798,254.9,True,FTN10BL7364,0.928,TN10BL7364,accepted,166.8
38,7,bus,1289,360,1817,1062,1474,664,1585,739,0.292,254.9,True,TN03D9766,0.982,TN03D9766,accepted,194.0
39,3,car,681,402,1049,702,756,590,856,626,0.727,245.1,True,TN10BL7364,0.874,TN10BL7364,accepted,168.6
40,3,car,658,401,1043,714,736,597,842,635,0.737,263.3,True,2TN108L7364,0.862,TN1OBL7364,accepted,175.3
40,7,auto,1286,364,1819,1062,1474,666,1577,732,0.271,263.3,True,TN03D9766,0.980,TN03D9766,accepted,221.2
41,3,car,636,402,1037,721,718,605,825,643,0.773,248.3,True,ETN10BL7364,0.900,TN10BL7364,accepted,175.6
42,3,car,615,400,1028,728,696,611,806,649,0.781,252.8,True,TN10BL7364,0.929,TN10BL7364,accepted,173.2
42,7,auto,1290,363,1817,1061,1475,664,1581,732,0.252,252.8,True,TN03D9766,0.976,TN03D9766,accepted,205.5
43,3,car,588,398,1020,738,673,617,786,655,0.797,272.2,True,TN10BL7364,0.895,TN10BL7364,accepted,178.0
44,3,car,531,394,1005,762,618,635,744,675,0.764,338.6,True,TN10BL7364,0.948,TN10BL7364,accepted,171.6
44,7,auto,1289,362,1818,1061,1474,657,1585,739,0.375,338.6,True,TN03D9766,0.983,TN03D9766,accepted,194.7
45,3,car,492,393,997,780,589,641,720,686,0.806,233.5,True,ETN10BL7364,0.918,TN10BL7364,accepted,174.7
45,7,auto,1288,362,1820,1061,1474,658,1586,746,0.475,233.5,True,,,,no_text,183.3
46,3,car,460,390,986,792,557,654,690,695,0.788,233.6,True,TN10BL7364,0.877,TN10BL7364,accepted,166.7
46,7,auto,1290,360,1817,1064,1474,657,1585,755,0.457,233.6,True,TN03D9766,0.970,TN03D9766,accepted,190.3
47,3,car,375,388,964,828,481,678,627,720,0.772,223.4,True,TN10BL7364,0.949,TN10BL7364,accepted,329.1
47,7,auto,1290,363,1818,1062,1470,651,1588,769,0.585,223.4,True,TN03D9766,0.973,TN03D9766,accepted,191.5
48,3,car,332,387,955,850,438,689,591,735,0.755,233.2,True,TN10BL7364,0.948,TN10BL7364,accepted,191.2
48,7,auto,1290,361,1820,1061,1471,652,1588,769,0.531,233.2,True,TN03D9766,0.973,TN03D9766,accepted,175.2
49,3,car,278,385,941,869,389,698,550,755,0.791,315.5,True,TN10BL7364,0.959,TN10BL7364,accepted,209.7
49,7,auto,1285,361,1823,1060,1471,653,1586,763,0.308,315.5,True,TN03D9766,0.950,TN03D9766,accepted,195.3
50,3,car,215,380,928,897,336,721,504,774,0.744,262.9,True,FTN10BL7364,0.912,TN10BL7364,accepted,168.5
50,7,auto,1283,358,1824,1061,1471,663,1575,729,0.386,262.9,True,TN03D9766,0.989,TN03D9766,accepted,208.6
51,3,car,160,378,914,925,277,745,452,796,0.724,290.2,True,TN10BL7364,0.932,TN10BL7364,accepted,173.1
51,7,auto,1286,359,1822,1059,1472,661,1579,734,0.278,290.2,True,TN03D9766,0.988,TN03D9766,accepted,192.9
52,3,car,7,373,886,980,128,794,328,856,0.769,245.6,True,TN10BL7364,0.947,TN10BL7364,accepted,170.4
52,7,auto,1280,358,1823,1058,1470,661,1578,728,0.439,245.6,True,TN03D9766,0.991,TN03D9766,accepted,251.0
53,3,car,0,373,869,1021,36,827,251,892,0.750,239.2,True,TN10BL7364,0.925,TN10BL7364,accepted,167.1
53,7,auto,1284,360,1824,1059,1472,654,1587,754,0.402,239.2,True,TN03D9766,0.966,TN03D9766,accepted,193.3
54,7,auto,1285,360,1825,1054,1470,662,1577,729,0.502,242.9,True,TN03D9766,0.982,TN03D9766,accepted,199.5
54,3,car,0,370,828,1076,0,904,45,994,0.371,242.9,True,,,,no_text,97.9
55,7,auto,1285,358,1825,1054,1470,662,1574,725,0.520,238.0,True,TN03D9766,0.988,TN03D9766,accepted,188.9
56,7,auto,1290,360,1823,1057,1471,653,1585,750,0.522,233.4,True,TN03D9766,0.975,TN03D9766,accepted,176.1
57,7,auto,1290,359,1820,1053,1470,654,1575,736,0.543,234.0,True,TN03D9766,0.987,TN03D9766,accepted,170.9
58,7,auto,1289,358,1822,1053,1471,655,1576,737,0.470,234.3,True,TN03D9766,0.987,TN03D9766,accepted,181.4
59,8,car,998,388,1145,511,1034,451,1076,466,0.298,228.4,True,,,,no_text,65.3
59,7,auto,1291,355,1819,1048,1474,652,1574,736,0.296,228.4,True,TN03D9766,0.985,TN03D9766,accepted,181.8
60,7,auto,1292,353,1822,1048,1473,648,1581,742,0.473,230.3,True,TN03D9766,0.982,TN03D9766,accepted,177.2
60,8,car,995,387,1144,512,1034,454,1072,468,0.289,230.3,True,,,,no_text,69.5
61,7,auto,1289,349,1819,1047,1476,650,1581,723,0.525,248.0,True,TN03D9766,0.983,TN03D9766,accepted,189.8
62,7,auto,1289,349,1824,1048,1476,651,1579,725,0.603,245.1,True,TN03D9766,0.987,TN03D9766,accepted,203.0
63,7,auto,1286,350,1821,1045,1474,646,1577,734,0.273,268.5,True,TN03D9766,0.987,TN03D9766,accepted,167.9
64,7,auto,1283,351,1820,1049,1474,651,1572,724,0.374,235.6,True,TN03D9766,0.987,TN03D9766,accepted,177.7
64,8,car,962,380,1126,518,998,442,1046,465,0.275,235.6,True,,,,no_text,61.2
65,7,auto,1286,351,1818,1045,1474,651,1570,714,0.598,240.0,True,TN03D9766,0.990,TN03D9766,accepted,196.5
66,7,auto,1285,349,1821,1047,1474,650,1574,717,0.670,240.2,True,TN03D9766,0.982,TN03D9766,accepted,182.5
66,8,car,948,378,1122,519,989,443,1041,465,0.337,240.2,True,,,,no_text,82.2
67,7,auto,1292,347,1832,1044,1481,649,1584,717,0.553,253.0,True,TN03D9766,0.979,TN03D9766,accepted,291.1
68,7,auto,1287,345,1830,1041,1485,647,1593,717,0.289,404.1,True,TN03D9766,0.986,TN03D9766,accepted,220.3
72,8,car,895,360,1121,535,947,471,1008,492,0.505,249.3,True,,,,no_text,164.2
72,7,auto,1323,339,1869,1040,1515,635,1625,719,0.342,249.3,True,TN03D9766,0.987,TN03D9766,accepted,200.8
73,8,car,890,359,1120,537,939,469,1006,492,0.490,355.3,True,,,,no_text,64.2
73,7,auto,1323,342,1869,1040,1514,636,1626,743,0.295,355.3,True,97,0.965,,rejected,170.3
74,8,car,883,358,1117,542,932,476,996,499,0.586,257.2,True,,,,no_text,67.8
74,7,auto,1327,342,1872,1040,1519,640,1627,722,0.475,257.2,True,TN03D9766,0.988,TN03D9766,accepted,203.1
75,7,auto,1329,343,1874,1040,1528,638,1634,714,0.334,264.6,True,TN03D9766,0.968,TN03D9766,accepted,189.7
76,7,auto,1333,336,1882,1035,1526,640,1634,713,0.543,223.8,True,TN03D9766,0.981,TN03D9766,accepted,194.8
76,8,car,867,356,1116,546,925,481,984,504,0.479,223.8,True,,,,no_text,174.7
77,8,car,863,356,1115,551,922,484,980,505,0.550,224.1,True,,,,no_text,159.4
77,7,auto,1333,337,1892,1039,1529,640,1639,710,0.434,224.1,True,TN03D9766,0.981,TN03D9766,accepted,219.1
78,8,car,855,355,1112,553,911,484,972,505,0.641,464.8,True,,,,no_text,241.9
79,8,car,845,353,1111,557,902,485,959,507,0.632,351.3,True,,,,no_text,49.7
79,7,auto,1335,338,1896,1039,1536,637,1645,722,0.253,351.3,True,TN03D9766,0.985,TN03D9766,accepted,203.4
80,8,car,825,352,1106,566,883,491,955,515,0.672,403.2,True,,,,no_text,172.5
81,8,car,815,350,1102,568,875,491,949,516,0.694,361.3,True,RINO1CKSOCO,0.521,,rejected,166.5
82,8,car,804,348,1101,571,866,493,937,516,0.647,294.2,True,SNS3CASOOO,0.565,,rejected,196.2
82,7,auto,1356,335,1905,1037,1556,639,1661,703,0.556,294.2,True,TN03D9766,0.974,TN03D9766,accepted,184.7
83,8,car,791,345,1097,576,852,494,929,521,0.730,376.2,True,FIRO3CRSOOO,0.562,TR03CR5000,accepted,181.0
83,7,auto,1362,332,1909,1035,1556,637,1664,704,0.590,376.2,True,TN03D9766,0.968,TN03D9766,accepted,260.3
84,8,car,773,343,1094,580,835,498,914,525,0.701,364.9,True,STKO3CK5O00,0.584,,rejected,153.4
84,7,auto,1360,334,1908,1038,1556,635,1666,707,0.599,364.9,True,TN03D9766,0.986,TN03D9766,accepted,252.3
84,7,auto,1360,334,1908,1038,1556,633,1670,738,0.268,364.9,True,TN03D9766,0.983,TN03D9766,accepted,195.7
85,8,car,759,342,1090,586,825,504,900,531,0.643,246.9,True,ETKO9CX5OGO,0.708,,rejected,146.9
85,7,auto,1363,332,1909,1035,1561,636,1667,703,0.611,246.9,True,TN03D9766,0.980,TN03D9766,accepted,277.6
86,8,car,743,341,1083,592,813,504,890,530,0.663,368.2,True,ETHO9CX500D,0.738,,rejected,149.0
86,7,auto,1366,329,1909,1036,1565,633,1672,706,0.487,368.2,True,TN03D9766,0.986,TN03D9766,accepted,249.3
87,8,car,701,336,1071,602,778,511,860,538,0.749,239.6,True,STMO9CX5000,0.752,TN09CX5000,accepted,169.3
87,7,auto,1367,328,1914,1031,1564,629,1674,706,0.646,239.6,True,TN03D9766,0.979,TN03D9766,accepted,218.1
87,7,auto,1367,328,1914,1031,1559,624,1679,747,0.326,239.6,True,TN03,0.972,,rejected,171.9
88,8,car,682,334,1065,613,756,519,841,547,0.734,377.0,True,SINO9CISOO0,0.676,TN09CI5000,accepted,153.6
88,7,auto,1368,330,1913,1033,1566,632,1673,704,0.654,377.0,True,TN03D9766,0.983,TN03D9766,accepted,270.3
88,7,auto,1368,330,1913,1033,1562,626,1678,738,0.350,377.0,True,TN03D9766,0.934,TN03D9766,accepted,279.5
89,8,car,660,334,1057,622,732,523,822,553,0.701,237.5,True,ETM09CX5000,0.847,TN09CX5000,accepted,170.0
89,7,auto,1372,331,1914,1033,1566,633,1675,711,0.553,237.5,True,TN03D9766,0.981,TN03D9766,accepted,181.2
89,7,auto,1372,331,1914,1033,1559,628,1681,758,0.501,237.5,True,TN0309766,0.956,TN03O9766,accepted,232.8
90,8,car,634,332,1052,629,709,525,801,555,0.725,333.7,True,STN09CX5000,0.756,TN09CX5000,accepted,176.2
90,7,auto,1373,329,1914,1030,1567,629,1677,710,0.489,333.7,True,,,,no_text,158.3
90,7,auto,1373,329,1914,1030,1560,624,1682,758,0.306,333.7,True,,,,no_text,151.5
91,8,car,604,331,1047,641,684,533,781,565,0.741,338.4,True,TN09CX5000,0.888,TN09CX5000,accepted,163.1
91,7,auto,1374,330,1914,1033,1563,630,1684,730,0.662,338.4,True,TN03D9766,0.975,TN03D9766,accepted,178.7
91,7,auto,1374,330,1914,1033,1549,631,1686,757,0.300,338.4,True,TN03D9766LPE,0.834,,rejected,452.0
92,8,car,576,329,1035,643,657,540,760,572,0.706,259.9,True,FTN09CX5000,0.902,TN09CX5000,accepted,150.9
92,7,auto,1374,330,1916,1033,1565,631,1679,710,0.607,259.9,True,TN03D9766,0.974,TN03D9766,accepted,232.1
92,7,auto,1374,330,1916,1033,1564,628,1683,756,0.439,259.9,True,TN03D9766LP,0.936,,rejected,396.7
93,8,car,266,305,954,744,355,604,490,644,0.747,256.1,True,THO9CX5000,0.909,TN09CX5000,accepted,191.0
93,7,auto,1372,323,1914,1028,1566,629,1675,705,0.585,256.1,True,TN03D9766,0.981,TN03D9766,accepted,245.2
94,8,car,198,303,937,763,294,620,434,660,0.790,248.9,True,THO9CX5000,0.955,TN09CX5000,accepted,185.6
94,7,auto,1373,324,1913,1028,1567,629,1674,701,0.617,248.9,True,TN03D9766,0.978,TN03D9766,accepted,240.1
95,8,car,136,296,918,786,220,635,367,677,0.778,260.8,True,THO9CX5000,0.955,TN09CX5000,accepted,184.6
95,7,auto,1375,326,1913,1027,1567,627,1673,703,0.592,260.8,True,TN03D9766,0.987,TN03D9766,accepted,201.1
96,8,car,54,292,904,819,132,655,289,699,0.791,253.7,True,THO9CX5000,0.881,TN09CX5000,accepted,185.6
96,7,auto,1376,322,1916,1024,1567,629,1673,704,0.559,253.7,True,TN03D9766,0.984,TN03D9766,accepted,207.3
97,8,car,1,286,884,851,29,675,198,725,0.753,426.1,True,THO9CX5000,0.896,TN09CX5000,accepted,180.7
97,7,auto,1375,326,1914,1027,1567,628,1673,702,0.526,426.1,True,TN03D9766,0.982,TN03D9766,accepted,265.8
98,7,auto,1372,325,1913,1028,1567,629,1672,700,0.586,275.0,True,TN03D9766,0.986,TN03D9766,accepted,287.9
99,7,auto,1373,325,1912,1028,1568,628,1675,703,0.571,244.4,True,TN03D9766,0.988,TN03D9766,accepted,207.5
100,7,auto,1373,326,1912,1029,1567,628,1673,702,0.548,239.3,True,TN03D9766,0.980,TN03D9766,accepted,221.6
101,7,auto,1374,324,1914,1026,1567,628,1672,701,0.616,225.3,True,TN03D9766,0.988,TN03D9766,accepted,222.5
102,7,auto,1374,323,1914,1025,1567,629,1672,700,0.562,241.8,True,TN03D9766,0.987,TN03D9766,accepted,225.9
103,7,auto,1375,326,1913,1028,1566,626,1673,703,0.577,231.4,True,TN03D9766,0.993,TN03D9766,accepted,180.9
104,7,auto,1374,323,1914,1025,1568,628,1672,700,0.568,239.4,True,TN03D9766,0.984,TN03D9766,accepted,220.9
105,7,auto,1371,325,1912,1028,1566,628,1673,701,0.632,230.7,True,TN03D9766,0.976,TN03D9766,accepted,224.7
106,7,auto,1372,322,1914,1026,1565,629,1675,705,0.662,233.8,True,TN03D9766,0.976,TN03D9766,accepted,180.7
106,7,auto,1372,322,1914,1026,1563,624,1681,752,0.343,233.8,True,,,,no_text,146.2
107,7,auto,1373,324,1912,1028,1566,626,1674,701,0.609,236.4,True,TN03D9766,0.956,TN03D9766,accepted,178.7
108,7,auto,1373,325,1912,1028,1566,627,1674,706,0.569,226.0,True,TN03D9766,0.986,TN03D9766,accepted,228.9
109,7,auto,1371,323,1913,1029,1563,628,1676,708,0.605,228.5,True,TN03D9766,0.989,TN03D9766,accepted,177.8
109,7,auto,1371,323,1913,1029,1560,622,1682,756,0.351,228.5,True,TN0309766LPC,0.891,,rejected,219.6
110,7,auto,1370,322,1914,1029,1564,627,1675,703,0.595,234.3,True,TN03D9766,0.989,TN03D9766,accepted,224.7
111,7,auto,1369,323,1912,1031,1562,628,1677,707,0.632,251.1,True,TN03D9766,0.980,TN03D9766,accepted,184.5
111,7,auto,1369,323,1912,1031,1559,622,1681,755,0.357,251.1,True,TN03D9766L,0.832,,rejected,216.6
112,7,auto,1374,322,1916,1028,1569,624,1676,703,0.739,264.7,True,TN03D9766,0.986,TN03D9766,accepted,167.5
113,7,auto,1372,319,1916,1030,1569,626,1678,700,0.681,230.5,True,TN03D9766,0.982,TN03D9766,accepted,221.9
114,7,auto,1376,322,1914,1030,1570,626,1683,701,0.665,245.2,True,TN03D9766,0.981,TN03D9766,accepted,188.6
115,7,auto,1374,318,1915,1028,1565,625,1682,709,0.617,228.8,True,TN03D9766,0.986,TN03D9766,accepted,178.7
115,7,auto,1374,318,1915,1028,1560,623,1685,749,0.389,228.8,True,TN03D9766,0.968,TN03D9766,accepted,222.6
116,7,auto,1375,321,1915,1027,1566,625,1677,704,0.695,224.1,True,TN03D9766,0.992,TN03D9766,accepted,183.2
116,7,auto,1375,321,1915,1027,1562,623,1681,746,0.293,224.1,True,,,,no_text,137.5
117,7,auto,1370,322,1914,1028,1564,623,1677,707,0.695,234.7,True,TN03D9766,0.976,TN03D9766,accepted,179.0
118,7,auto,1371,321,1913,1030,1565,627,1675,702,0.645,227.2,True,TN03D9766,0.985,TN03D9766,accepted,226.5
119,7,auto,1368,322,1913,1026,1564,627,1678,704,0.546,227.7,True,TN03D9766,0.987,TN03D9766,accepted,222.1
120,7,auto,1368,320,1915,1027,1566,627,1677,702,0.657,239.1,True,TN03D9766,0.988,TN03D9766,accepted,227.2
121,7,auto,1368,320,1913,1029,1566,626,1676,701,0.616,228.8,True,TN03D9766,0.966,TN03D9766,accepted,227.2
122,7,auto,1370,317,1913,1028,1566,624,1676,701,0.641,238.7,True,TN03D9766,0.991,TN03D9766,accepted,213.1
123,7,auto,1369,317,1911,1028,1566,626,1674,698,0.430,227.1,True,TN03D9766,0.981,TN03D9766,accepted,225.8
124,7,auto,1373,318,1913,1026,1567,626,1677,696,0.681,215.6,True,TN03D9766,0.980,TN03D9766,accepted,184.3
125,7,auto,1375,315,1912,1024,1567,620,1683,698,0.504,230.3,True,TN03D9766,0.989,TN03D9766,accepted,184.5
126,7,auto,1373,316,1913,1024,1568,622,1681,695,0.582,226.9,True,TN03D9766,0.978,TN03D9766,accepted,182.1
127,7,auto,1371,312,1915,1022,1567,617,1680,695,0.533,227.2,True,TN03D9766,0.987,TN03D9766,accepted,254.9
128,7,auto,1373,315,1913,1023,1569,620,1684,692,0.447,232.3,True,TN03D9766,0.982,TN03D9766,accepted,183.3
129,7,auto,1373,315,1913,1021,1567,615,1680,693,0.539,241.7,True,TN03D9766,0.984,TN03D9766,accepted,179.1
130,7,auto,1376,311,1914,1021,1567,615,1683,693,0.530,238.3,True,TN03D9766,0.980,TN03D9766,accepted,192.1
131,7,auto,1375,311,1914,1021,1571,614,1685,695,0.350,230.9,True,TN03D9766,0.956,TN03D9766,accepted,178.6
132,7,auto,1375,313,1914,1022,1571,615,1686,695,0.468,240.6,True,TN03D9766,0.965,TN03D9766,accepted,210.9
133,7,auto,1377,312,1915,1022,1571,616,1685,695,0.469,238.5,True,TN03D9766,0.976,TN03D9766,accepted,179.5
134,7,auto,1377,314,1915,1023,1573,615,1687,696,0.499,228.1,True,TN03D9766,0.982,TN03D9766,accepted,177.8
135,7,auto,1376,311,1916,1021,1569,617,1684,693,0.384,253.4,True,TN03D9766,0.988,TN03D9766,accepted,183.4
136,7,auto,1377,316,1916,1022,1573,616,1687,695,0.489,223.8,True,TN03D9766,0.974,TN03D9766,accepted,179.1
137,7,auto,1376,317,1916,1021,1569,618,1687,694,0.630,229.8,True,TN03D9766,0.984,TN03D9766,accepted,180.7
138,7,auto,1377,318,1915,1022,1569,617,1684,694,0.381,226.8,True,TN03D9766,0.985,TN03D9766,accepted,179.4
139,7,auto,1376,317,1916,1023,1570,617,1683,692,0.351,233.8,True,TN03D9766,0.986,TN03D9766,accepted,180.3
140,7,auto,1377,315,1916,1021,1573,619,1690,699,0.554,228.6,True,TN03D9766,0.962,TN03D9766,accepted,184.3
141,7,auto,1377,316,1915,1023,1569,618,1684,693,0.384,229.3,True,TN03D9766,0.985,TN03D9766,accepted,209.1
142,7,auto,1374,311,1914,1021,1568,618,1681,692,0.418,225.4,True,TN03D9766,0.985,TN03D9766,accepted,181.3
143,7,auto,1376,317,1912,1023,1569,621,1683,691,0.498,239.5,True,TN03D9766,0.980,TN03D9766,accepted,182.9
144,7,auto,1376,315,1914,1023,1569,619,1683,690,0.432,229.5,True,TN03D9766,0.980,TN03D9766,accepted,243.1
145,7,auto,1375,315,1914,1024,1569,619,1681,691,0.486,258.1,True,TN03D9766,0.987,TN03D9766,accepted,180.7
147,7,auto,1372,312,1912,1024,1565,619,1684,698,0.292,233.5,True,TN03D9766,0.979,TN03D9766,accepted,172.0
148,7,auto,1375,317,1914,1025,1567,621,1682,695,0.600,233.8,True,TN03D9766,0.991,TN03D9766,accepted,188.4
149,7,auto,1373,315,1914,1025,1567,620,1682,694,0.461,248.7,True,TN03D9766,0.993,TN03D9766,accepted,178.4
150,7,auto,1370,310,1914,1024,1566,619,1679,695,0.252,250.7,True,TN03D9766,0.977,TN03D9766,accepted,196.3
154,7,auto,1370,310,1913,1022,1566,615,1679,692,0.359,242.7,True,TN03D9766,0.985,TN03D9766,accepted,170.2
156,7,auto,1375,311,1914,1020,1566,617,1680,694,0.420,243.6,True,TN03D9766,0.980,TN03D9766,accepted,181.1
157,7,auto,1376,313,1915,1021,1567,618,1681,694,0.544,251.2,True,TN03D9766,0.984,TN03D9766,accepted,185.9
158,7,auto,1375,312,1916,1020,1567,616,1682,690,0.460,234.7,True,TN03D9766,0.980,TN03D9766,accepted,181.4
159,7,auto,1377,312,1914,1019,1567,615,1680,695,0.511,250.2,True,TN03D9766,0.981,TN03D9766,accepted,181.5
160,7,auto,1376,312,1915,1019,1566,613,1683,700,0.533,233.4,True,TN03D9766,0.972,TN03D9766,accepted,194.2
161,7,auto,1373,308,1915,1019,1568,617,1679,693,0.404,269.0,True,TN03D9766,0.985,TN03D9766,accepted,264.3
162,7,auto,1370,311,1914,1020,1566,617,1682,695,0.423,234.3,True,TN03D9766,0.981,TN03D9766,accepted,180.7
163,7,auto,1372,308,1915,1019,1567,611,1681,699,0.504,246.1,True,TN03D9766,0.974,TN03D9766,accepted,173.8
164,7,auto,1371,305,1916,1019,1565,609,1679,700,0.526,255.9,True,TN03D9766,0.978,TN03D9766,accepted,176.8
165,7,auto,1371,305,1915,1019,1566,611,1681,705,0.482,246.8,True,TN03D9766,0.975,TN03D9766,accepted,178.7
166,7,auto,1370,307,1911,1020,1565,610,1680,700,0.501,235.9,True,,,,no_text,141.1
167,7,auto,1372,308,1911,1019,1564,609,1679,694,0.528,226.7,True,TN03D9766,0.982,TN03D9766,accepted,178.2
168,7,auto,1371,309,1912,1020,1565,610,1678,694,0.440,226.2,True,TN03D9766,0.962,TN03D9766,accepted,172.4
169,7,auto,1369,308,1908,1019,1563,610,1676,695,0.575,229.9,True,6703,0.518,,rejected,140.8
170,7,auto,1367,308,1906,1021,1563,611,1676,696,0.496,235.2,True,TN03D9766,0.981,TN03D9766,accepted,177.6
171,7,auto,1368,311,1908,1020,1563,610,1677,697,0.445,234.8,True,TN03D9766,0.988,TN03D9766,accepted,174.4
174,7,auto,1368,310,1910,1020,1566,616,1679,693,0.435,225.3,True,TN03D9766,0.980,TN03D9766,accepted,183.4
175,7,auto,1369,312,1910,1019,1566,616,1678,692,0.434,230.4,True,TN03D9766,0.989,TN03D9766,accepted,184.9
176,7,auto,1368,311,1910,1020,1566,611,1677,693,0.519,230.7,True,TN03D9766,0.987,TN03D9766,accepted,177.7
177,7,auto,1369,309,1911,1019,1565,611,1676,693,0.457,230.2,True,TN03D9766,0.969,TN03D9766,accepted,180.0
178,7,auto,1370,307,1910,1020,1565,611,1676,695,0.376,227.2,True,0,0.583,,rejected,138.2
179,7,auto,1370,310,1911,1019,1567,610,1678,702,0.363,239.7,True,TN03D9766,0.982,TN03D9766,accepted,175.4
180,7,auto,1371,310,1911,1019,1567,610,1678,700,0.423,232.7,True,TN03D9766,0.970,TN03D9766,accepted,174.1
181,7,auto,1370,312,1910,1021,1568,612,1678,698,0.360,227.4,True,N703,0.535,,rejected,141.2
182,7,auto,1370,312,1909,1021,1565,610,1681,702,0.415,234.0,True,TN03D9766,0.967,TN03D9766,accepted,181.4
184,7,auto,1370,311,1910,1022,1564,608,1683,703,0.481,231.4,True,TN03D9766,0.969,TN03D9766,accepted,177.1
185,7,auto,1371,311,1909,1022,1565,610,1682,699,0.458,225.1,True,TN03D9766,0.975,TN03D9766,accepted,178.0
186,7,auto,1370,312,1909,1021,1565,611,1682,700,0.477,234.0,True,,,,no_text,143.8
187,7,auto,1369,312,1908,1021,1566,614,1681,696,0.473,244.2,True,TN03D9766,0.984,TN03D9766,accepted,171.6
188,7,auto,1370,311,1909,1020,1566,613,1679,696,0.524,230.1,True,TN03D9766,0.969,TN03D9766,accepted,197.3
189,7,auto,1369,311,1909,1020,1567,613,1679,695,0.421,245.5,True,TN03D9766,0.982,TN03D9766,accepted,228.9
190,7,auto,1375,313,1910,1022,1566,615,1681,698,0.345,232.8,True,TN03D9766,0.987,TN03D9766,accepted,188.2
191,7,auto,1374,312,1912,1023,1566,616,1682,696,0.266,235.0,True,TN03D9766,0.983,TN03D9766,accepted,175.6
192,7,auto,1372,314,1911,1023,1565,617,1679,694,0.315,259.6,True,TN03D9766,0.992,TN03D9766,accepted,167.4
193,7,auto,1370,315,1909,1023,1566,618,1679,694,0.350,227.2,True,TN03D9766,0.984,TN03D9766,accepted,248.3
194,7,auto,1368,315,1910,1022,1565,617,1679,693,0.321,240.8,True,TN03D9766,0.976,TN03D9766,accepted,174.6
195,7,auto,1373,313,1908,1023,1565,621,1683,697,0.437,249.5,True,TN03D9766,0.976,TN03D9766,accepted,230.5
196,7,auto,1372,312,1910,1022,1565,621,1682,702,0.456,266.7,True,TN03D9766,0.984,TN03D9766,accepted,174.3
197,7,auto,1369,312,1911,1021,1564,621,1683,698,0.349,260.9,True,TN03D9766,0.990,TN03D9766,accepted,179.9
198,7,auto,1369,313,1911,1022,1565,622,1681,696,0.457,239.5,True,TN03D9766,0.987,TN03D9766,accepted,177.6
199,7,auto,1371,313,1911,1022,1565,621,1682,696,0.475,261.3,True,TN03D9766,0.987,TN03D9766,accepted,206.2
200,7,auto,1370,313,1911,1021,1564,621,1682,697,0.467,267.9,True,TN03D9766,0.988,TN03D9766,accepted,177.1
201,7,auto,1369,316,1912,1023,1564,622,1678,700,0.527,248.1,True,TN03D9766,0.986,TN03D9766,accepted,167.4
202,7,auto,1370,316,1913,1022,1565,624,1677,697,0.516,251.0,True,TN03D9766,0.981,TN03D9766,accepted,175.6
203,7,auto,1372,318,1912,1023,1567,627,1673,693,0.633,242.3,True,TN03D9766,0.987,TN03D9766,accepted,184.5
204,7,auto,1372,317,1914,1024,1566,627,1674,695,0.463,239.3,True,TN03D9766,0.980,TN03D9766,accepted,208.6
205,7,auto,1374,315,1913,1023,1565,623,1680,699,0.575,260.1,True,TN03D9766,0.978,TN03D9766,accepted,288.0
206,7,auto,1372,321,1913,1023,1565,624,1673,699,0.699,247.6,True,TN03D9766,0.983,TN03D9766,accepted,227.0
207,7,auto,1370,320,1913,1025,1565,624,1674,698,0.671,237.2,True,TN03D9766,0.975,TN03D9766,accepted,227.9
208,7,auto,1371,321,1913,1022,1563,626,1678,710,0.656,227.4,True,TN03D9766,0.990,TN03D9766,accepted,180.7
209,7,auto,1374,321,1911,1022,1566,624,1675,699,0.673,229.5,True,TN03D9766,0.988,TN03D9766,accepted,230.4
210,7,auto,1374,320,1914,1021,1565,623,1682,712,0.638,225.0,True,,,,no_text,140.9
211,7,auto,1375,320,1912,1026,1564,626,1681,714,0.642,243.3,True,TN03D9766,0.989,TN03D9766,accepted,176.4
211,7,auto,1375,320,1912,1026,1561,622,1685,749,0.306,243.3,True,TN03D9766,0.978,TN03D9766,accepted,181.3
212,7,auto,1377,323,1914,1027,1569,623,1680,710,0.675,226.9,True,TN03D9766,0.970,TN03D9766,accepted,180.9
212,7,auto,1377,323,1914,1027,1563,620,1682,741,0.404,226.9,True,TN03D9766,0.974,TN03D9766,accepted,177.6
213,7,auto,1376,322,1911,1025,1565,626,1679,707,0.608,228.3,True,TN03D9766,0.984,TN03D9766,accepted,178.3
214,7,auto,1371,321,1912,1024,1565,625,1673,699,0.676,245.2,True,TN03D9766,0.984,TN03D9766,accepted,227.3
215,7,auto,1372,322,1911,1026,1565,627,1674,702,0.652,228.3,True,TN03D9766,0.989,TN03D9766,accepted,225.4
216,7,auto,1376,321,1912,1026,1567,624,1675,699,0.684,228.2,True,TN03D9766,0.989,TN03D9766,accepted,238.4
217,7,auto,1376,321,1912,1024,1565,622,1681,703,0.541,246.7,True,TN03D9766,0.988,TN03D9766,accepted,180.0
218,7,auto,1374,318,1913,1024,1566,623,1681,698,0.597,234.3,True,TN03D9766,0.989,TN03D9766,accepted,185.0
219,7,auto,1374,320,1913,1027,1566,626,1676,698,0.714,239.3,True,TN03D9766,0.984,TN03D9766,accepted,182.3
220,7,auto,1376,320,1914,1023,1566,624,1680,700,0.610,232.9,True,TN03D9766,0.982,TN03D9766,accepted,183.1
221,7,auto,1375,319,1913,1022,1566,626,1676,697,0.448,232.0,True,TN03D9766,0.980,TN03D9766,accepted,184.6
222,7,auto,1374,319,1914,1025,1566,624,1678,698,0.624,238.6,True,TN03D9766,0.989,TN03D9766,accepted,158.7
223,7,auto,1374,318,1913,1025,1565,623,1679,699,0.655,229.9,True,TN03D9766,0.984,TN03D9766,accepted,184.6
224,7,auto,1376,318,1913,1024,1564,622,1682,705,0.559,236.0,True,TN03D9766,0.984,TN03D9766,accepted,181.1
225,7,auto,1376,319,1914,1024,1566,623,1681,699,0.654,229.5,True,TN03D9766,0.982,TN03D9766,accepted,178.3
226,7,auto,1376,319,1914,1024,1564,622,1680,700,0.647,230.7,True,TN03D9766,0.990,TN03D9766,accepted,196.8
227,7,auto,1376,320,1914,1022,1566,625,1678,696,0.581,242.8,True,TN03D9766,0.982,TN03D9766,accepted,227.2
228,7,auto,1376,320,1914,1021,1564,622,1682,703,0.604,228.8,True,TN03D9766,0.992,TN03D9766,accepted,182.5
229,7,auto,1375,320,1913,1021,1565,624,1677,699,0.540,231.2,True,TN03D9766,0.985,TN03D9766,accepted,224.9
230,7,auto,1376,321,1913,1021,1566,623,1678,698,0.590,245.8,True,TN03D9766,0.981,TN03D9766,accepted,185.4
231,7,auto,1376,320,1915,1022,1566,623,1680,699,0.521,233.0,True,TN03D9766,0.982,TN03D9766,accepted,185.0
232,7,auto,1375,320,1914,1021,1567,626,1674,693,0.487,241.8,True,TN03D9766,0.984,TN03D9766,accepted,184.2
233,7,auto,1375,319,1914,1021,1567,623,1680,699,0.617,231.6,True,TN03D9766,0.979,TN03D9766,accepted,180.8
234,7,auto,1375,320,1914,1020,1565,625,1679,696,0.604,228.0,True,TN03D9766,0.987,TN03D9766,accepted,186.6
235,7,auto,1375,319,1914,1021,1565,624,1681,700,0.534,254.1,True,TN03D9766,0.984,TN03D9766,accepted,182.2
236,7,auto,1375,320,1914,1021,1567,625,1679,696,0.670,230.7,True,TN03D9766,0.980,TN03D9766,accepted,232.1
237,7,auto,1375,321,1913,1021,1566,623,1681,699,0.625,230.9,True,TN03D9766,0.980,TN03D9766,accepted,183.5
238,7,auto,1375,320,1912,1020,1567,624,1680,698,0.578,240.4,True,TN03D9766,0.983,TN03D9766,accepted,185.4
239,7,auto,1377,321,1913,1019,1567,624,1679,696,0.637,232.5,True,TN03D9766,0.967,TN03D9766,accepted,228.6
240,7,auto,1372,319,1914,1022,1567,626,1678,701,0.610,240.1,True,TN03D9766,0.988,TN03D9766,accepted,227.6
241,7,auto,1370,319,1913,1022,1567,623,1680,699,0.554,225.0,True,TN03D9766,0.986,TN03D9766,accepted,178.3
242,7,auto,1374,322,1914,1023,1567,625,1679,698,0.609,229.4,True,TN03D9766,0.989,TN03D9766,accepted,231.7
242,9,car,961,381,1152,520,1008,471,1057,487,0.414,229.4,True,,,,no_text,173.4
243,7,auto,1377,323,1914,1026,1570,620,1686,711,0.641,249.8,True,TN03D9766,0.975,TN03D9766,accepted,177.0
243,7,auto,1377,323,1914,1026,1562,619,1687,748,0.317,249.8,True,TN03D9766,0.969,TN03D9766,accepted,221.6
243,9,car,951,383,1149,525,998,478,1048,494,0.307,249.8,True,,,,no_text,215.0
244,7,auto,1378,322,1915,1026,1564,624,1685,716,0.645,233.7,True,TN03D9766,0.988,TN03D9766,accepted,181.7
244,7,auto,1378,322,1915,1026,1559,621,1687,749,0.438,233.7,True,,,,no_text,177.8
244,9,car,941,383,1143,528,987,478,1042,495,0.434,233.7,True,,,,no_text,80.0
245,7,auto,1377,323,1914,1025,1565,623,1686,721,0.613,242.8,True,TN03D9766,0.979,TN03D9766,accepted,180.7
245,9,car,930,382,1139,532,976,478,1031,496,0.293,242.8,True,,,,no_text,76.3
246,7,auto,1375,322,1914,1025,1566,626,1683,712,0.563,242.6,True,TN03D9766,0.987,TN03D9766,accepted,183.6
246,7,auto,1375,322,1914,1025,1562,622,1686,749,0.343,242.6,True,TN0309766,0.954,TN03O9766,accepted,222.7
246,9,car,920,382,1134,534,969,485,1024,504,0.269,242.6,True,,,,no_text,175.4
247,7,auto,1372,323,1914,1024,1568,624,1683,703,0.591,235.4,True,TN03D9766,0.976,TN03D9766,accepted,178.6
247,9,car,907,383,1129,539,956,487,1014,505,0.379,235.4,True,,,,no_text,179.3
248,7,auto,1376,323,1916,1021,1570,627,1682,701,0.652,248.5,True,TN03D9766,0.974,TN03D9766,accepted,234.7
248,9,car,894,382,1126,543,948,487,1006,506,0.527,248.5,True,,,,no_text,174.2
249,7,auto,1375,325,1916,1025,1569,624,1685,710,0.633,237.6,True,TN03D9766,0.983,TN03D9766,accepted,179.3
249,9,car,870,384,1114,553,925,494,986,515,0.475,237.6,True,,,,no_text,75.3
249,7,auto,1375,325,1916,1025,1567,621,1689,744,0.435,237.6,True,TN03D9766,0.980,TN03D9766,accepted,196.4
250,7,auto,1375,325,1916,1024,1567,625,1688,720,0.693,230.8,True,,,,no_text,142.9
250,9,car,858,382,1109,557,907,495,966,515,0.534,230.8,True,,,,no_text,188.1
251,7,auto,1379,324,1917,1023,1571,623,1689,705,0.592,253.1,True,TN03D9766,0.953,TN03D9766,accepted,227.0
251,9,car,825,383,1097,567,881,506,950,528,0.584,253.1,True,,,,no_text,179.3
251,7,auto,1379,324,1917,1023,1567,622,1693,751,0.290,253.1,True,TN03D9766,0.962,TN03D9766,accepted,234.7
252,9,car,810,383,1089,572,869,507,936,531,0.614,227.1,True,TNAIARSE,0.613,,rejected,170.4
252,7,auto,1379,324,1916,1022,1571,624,1689,702,0.559,227.1,True,TN03D9766,0.986,TN03D9766,accepted,198.7
253,9,car,792,382,1083,579,852,509,924,536,0.628,232.3,True,,,,no_text,64.9
253,7,auto,1379,324,1917,1023,1572,625,1687,700,0.532,232.3,True,TN03D9766,0.989,TN03D9766,accepted,205.7
254,9,car,771,381,1075,586,831,515,904,541,0.616,235.8,True,TNATARD,0.738,,rejected,190.2
254,7,auto,1379,324,1917,1022,1571,626,1690,711,0.559,235.8,True,TN03D9766,0.988,TN03D9766,accepted,288.1
254,7,auto,1379,324,1917,1022,1568,624,1694,751,0.343,235.8,True,D9766LP,0.936,,rejected,170.8
255,7,auto,1380,323,1917,1022,1572,623,1692,708,0.656,232.8,True,TN03D9766,0.976,TN03D9766,accepted,179.2
255,9,car,750,381,1068,593,816,520,897,547,0.585,232.8,True,TN41AR0C,0.609,,rejected,159.5
255,7,auto,1380,323,1917,1022,1565,622,1695,749,0.297,232.8,True,TN03D9766,0.962,TN03D9766,accepted,228.7
256,7,auto,1378,322,1918,1022,1572,624,1688,704,0.608,236.6,True,TN03D9766,0.990,TN03D9766,accepted,227.4
256,9,car,727,380,1060,601,796,525,873,553,0.547,236.6,True,TN41ARD02,0.716,,rejected,168.3
257,9,car,678,381,1040,616,747,538,832,567,0.659,240.3,True,TN41ARD002,0.790,TN41ARD002,accepted,172.0
257,7,auto,1378,323,1918,1022,1571,626,1688,704,0.473,240.3,True,TN03D9766,0.984,TN03D9766,accepted,239.9
258,9,car,653,381,1032,626,719,542,808,575,0.612,229.0,True,TN41AR0082,0.852,TN41AR0082,accepted,173.1
258,7,auto,1380,323,1918,1022,1572,624,1687,702,0.534,229.0,True,TN03D9766,0.978,TN03D9766,accepted,241.2
259,9,car,621,381,1018,639,688,549,784,583,0.617,247.2,True,TN41AR0082,0.904,TN41AR0082,accepted,169.2
259,7,auto,1381,325,1918,1022,1573,624,1692,711,0.466,247.2,True,TN03D9766,0.988,TN03D9766,accepted,198.2
260,9,car,591,380,1005,650,662,559,758,594,0.598,235.6,True,TN41AR0082,0.901,TN41AR0082,accepted,168.1
260,7,auto,1382,323,1918,1022,1575,626,1687,702,0.347,235.6,True,TN03D9766,0.981,TN03D9766,accepted,194.8
261,9,car,367,378,935,729,446,615,565,655,0.670,236.8,True,TN41AR0082,0.917,TN41AR0082,accepted,167.9
261,7,auto,1390,325,1919,1026,1581,625,1697,705,0.367,236.8,True,TN03D9766,0.984,TN03D9766,accepted,208.8
262,9,car,300,376,918,751,387,630,510,670,0.632,233.7,True,IN41AR0082,0.952,TN41AR0082,accepted,172.4
262,7,auto,1389,325,1919,1027,1580,627,1695,701,0.353,233.7,True,TN03D9766,0.991,TN03D9766,accepted,199.1
263,9,car,228,377,894,771,316,645,446,690,0.754,231.5,True,TN41AR0082,0.940,TN41AR0082,accepted,172.5
263,7,auto,1388,324,1919,1027,1582,625,1695,700,0.258,231.5,True,TN03D9766,0.978,TN03D9766,accepted,199.7
264,9,car,150,375,869,798,234,668,372,713,0.771,249.7,True,TN41AR0082,0.910,TN41AR0082,accepted,174.5
265,9,car,55,373,846,837,141,689,289,741,0.789,240.7,True,TN41AR0082,0.976,TN41AR0082,accepted,166.2
266,9,car,0,370,819,873,28,714,188,765,0.730,238.6,True,TN41AR0082,0.804,TN41AR0082,accepted,175.6
267,7,auto,1394,326,1919,1029,1588,628,1696,700,0.465,250.9,True,TN03D9766,0.983,TN03D9766,accepted,230.0
269,7,auto,1392,321,1919,1027,1591,629,1693,694,0.275,225.8,True,TN03D9766,0.985,TN03D9766,accepted,188.7
270,7,auto,1391,325,1919,1027,1588,628,1695,697,0.363,226.2,True,TN03D9766,0.982,TN03D9766,accepted,225.9
272,7,auto,1393,322,1919,1025,1589,629,1697,698,0.372,240.6,True,TN03D9766,0.990,TN03D9766,accepted,191.6
273,7,auto,1391,320,1919,1025,1591,628,1695,695,0.365,229.0,True,TN03D9766,0.988,TN03D9766,accepted,225.8
274,7,auto,1390,324,1919,1027,1589,627,1694,695,0.386,227.5,True,TN03D9766,0.988,TN03D9766,accepted,234.3
275,7,auto,1395,324,1919,1026,1588,628,1701,706,0.386,242.5,True,TN03D9766,0.986,TN03D9766,accepted,179.7
276,7,auto,1391,322,1919,1027,1592,628,1696,696,0.381,228.0,True,TN03D9766,0.975,TN03D9766,accepted,228.7
277,7,auto,1391,323,1919,1029,1591,630,1694,696,0.322,232.3,True,TN03D9766,0.977,TN03D9766,accepted,180.6
278,7,auto,1391,323,1919,1030,1590,631,1695,696,0.349,226.3,True,TN03D9766,0.968,TN03D9766,accepted,237.0
279,7,auto,1390,320,1919,1025,1592,628,1696,693,0.364,229.8,True,TN03D9766,0.987,TN03D9766,accepted,183.8
280,7,auto,1391,324,1919,1028,1592,629,1695,694,0.409,238.2,True,TN03D9766,0.983,TN03D9766,accepted,247.8
281,7,auto,1393,322,1919,1027,1589,628,1700,702,0.445,235.4,True,TN03D9766,0.984,TN03D9766,accepted,229.4
282,7,auto,1392,322,1919,1027,1587,630,1697,704,0.258,225.9,True,TN03D9766,0.988,TN03D9766,accepted,232.3
285,7,auto,1393,320,1919,1026,1591,628,1697,696,0.495,224.9,True,TN03D9766,0.982,TN03D9766,accepted,232.5
286,7,auto,1392,320,1919,1026,1592,628,1695,695,0.339,229.0,True,TN03D9766,0.984,TN03D9766,accepted,227.2
287,7,auto,1395,321,1919,1027,1588,628,1701,708,0.268,234.5,True,TN03D9766,0.974,TN03D9766,accepted,180.1
289,7,auto,1395,322,1919,1028,1590,627,1701,705,0.498,223.6,True,TN03D9766,0.988,TN03D9766,accepted,226.3
290,7,auto,1393,325,1919,1029,1589,628,1695,699,0.325,222.1,True,TN03D9766,0.988,TN03D9766,accepted,224.4
299,7,auto,1395,324,1919,1027,1593,628,1697,697,0.339,243.4,True,TN03D9766,0.984,TN03D9766,accepted,187.7
299,10,auto,1395,324,1919,1027,1672,803,1785,872,0.271,243.4,True,,,,no_text,49.9
305,10,auto,1394,322,1918,1027,1698,823,1782,869,0.341,227.1,True,,,,no_text,53.0
310,10,auto,1392,321,1919,1028,1696,820,1781,870,0.358,226.5,True,,,,no_text,47.7
311,10,auto,1393,319,1919,1028,1695,820,1782,870,0.322,240.0,True,,,,no_text,50.2
312,7,auto,1397,323,1919,1028,1591,628,1695,697,0.297,251.6,True,TN03D9766,0.976,TN03D9766,accepted,222.4
314,10,auto,1393,320,1919,1025,1699,824,1782,869,0.286,225.2,True,,,,no_text,52.6
315,7,auto,1395,324,1919,1028,1589,630,1695,699,0.261,251.2,True,TN03D9766,0.979,TN03D9766,accepted,230.0
318,10,motorcycle,1395,318,1918,1024,1695,818,1782,870,0.250,226.3,True,,,,no_text,48.2
320,10,auto,1392,321,1918,1026,1692,817,1782,870,0.292,234.0,True,,,,no_text,48.9
323,10,auto,1396,322,1919,1026,1695,818,1778,869,0.327,240.0,True,,,,no_text,48.5
324,10,auto,1396,323,1919,1025,1690,813,1777,870,0.334,246.7,True,,,,no_text,45.4
325,10,auto,1394,320,1919,1026,1696,822,1781,870,0.300,238.4,True,,,,no_text,47.3
333,10,auto,1394,321,1918,1026,1694,820,1783,870,0.275,228.8,True,,,,no_text,51.3
334,10,auto,1394,320,1919,1026,1694,822,1781,870,0.373,237.3,True,,,,no_text,48.0
336,10,auto,1394,321,1919,1026,1694,820,1781,870,0.311,235.0,True,,,,no_text,49.2
337,10,auto,1395,322,1918,1027,1694,818,1781,870,0.275,236.2,True,,,,no_text,45.3
338,10,auto,1396,324,1918,1026,1689,813,1776,870,0.287,233.8,True,,,,no_text,44.9
340,10,auto,1396,320,1919,1026,1694,820,1779,870,0.314,224.7,True,,,,no_text,49.4
341,10,auto,1396,321,1919,1026,1696,822,1782,870,0.306,237.3,True,,,,no_text,49.0
343,10,motorcycle,1402,321,1918,1026,1691,812,1783,871,0.273,226.9,True,,,,no_text,46.6
344,10,auto,1393,321,1919,1026,1696,822,1785,870,0.286,253.7,True,,,,no_text,50.1
347,10,auto,1396,322,1918,1028,1696,822,1786,871,0.255,237.5,True,,,,no_text,55.9
349,10,auto,1394,320,1919,1025,1690,818,1782,870,0.294,222.0,True,,,,no_text,50.9
357,10,auto,1395,323,1919,1026,1693,821,1785,869,0.386,233.3,True,,,,no_text,49.7
358,10,auto,1397,323,1919,1028,1691,817,1780,870,0.289,242.8,True,,,,no_text,45.0
366,11,auto,1394,319,1919,1024,1591,628,1701,693,0.278,226.3,True,TN03D9766,0.990,TN03D9766,accepted,188.9
368,10,auto,1393,320,1919,1026,1694,817,1783,870,0.299,235.4,True,,,,no_text,49.1
369,10,auto,1392,320,1919,1026,1687,814,1779,870,0.282,243.0,True,,,,no_text,44.6
372,12,motorcycle,1164,423,1241,545,1144,428,1185,468,0.265,230.4,True,,,,no_text,38.7
373,11,auto,1392,329,1919,1030,1586,629,1696,698,0.347,244.6,True,TN03D9766,0.978,TN03D9766,accepted,182.5
374,11,auto,1394,331,1919,1031,1583,629,1694,702,0.336,228.9,True,TN03D9766,0.986,TN03D9766,accepted,185.4
375,11,auto,1391,329,1919,1033,1582,630,1698,714,0.275,229.4,True,TN03D9766,0.974,TN03D9766,accepted,179.6
376,11,auto,1393,328,1919,1030,1586,630,1697,698,0.512,246.3,True,TN03D9766,0.972,TN03D9766,accepted,234.5
377,11,auto,1392,330,1919,1032,1586,631,1696,700,0.257,227.6,True,TN03D9766,0.976,TN03D9766,accepted,225.1
378,11,auto,1397,330,1919,1029,1590,629,1695,697,0.492,228.1,True,TN03D9766,0.962,TN03D9766,accepted,235.8
379,11,auto,1396,329,1919,1031,1588,630,1699,702,0.420,244.1,True,TN03D9766,0.974,TN03D9766,accepted,232.5
380,11,auto,1392,332,1918,1034,1589,635,1706,711,0.322,230.9,True,TN03D9766,0.972,TN03D9766,accepted,187.4
381,11,auto,1395,333,1918,1033,1587,634,1694,698,0.376,230.8,True,TN03D9766,0.973,TN03D9766,accepted,188.7
382,11,auto,1393,332,1918,1032,1587,633,1696,700,0.370,230.5,True,TN03D9766,0.970,TN03D9766,accepted,247.6
383,11,auto,1394,332,1918,1033,1588,635,1698,699,0.311,231.8,True,TN03D9766,0.974,TN03D9766,accepted,183.6
384,11,auto,1393,329,1919,1031,1589,630,1698,701,0.471,249.0,True,TN03D9766,0.977,TN03D9766,accepted,228.4
385,11,auto,1392,331,1918,1034,1586,633,1703,705,0.394,227.8,True,TN03D9766,0.982,TN03D9766,accepted,228.4
386,11,auto,1392,333,1918,1034,1588,634,1705,706,0.350,226.2,True,TN03D9766,0.958,TN03D9766,accepted,193.0
387,11,auto,1391,332,1918,1034,1586,633,1702,704,0.404,270.2,True,TN03D9766,0.972,TN03D9766,accepted,230.5
388,11,auto,1400,331,1918,1032,1591,634,1700,699,0.545,229.4,True,TN03D9766,0.979,TN03D9766,accepted,236.3
389,11,auto,1398,330,1918,1032,1590,634,1703,700,0.473,237.6,True,TN03D9766,0.970,TN03D9766,accepted,233.5
390,11,auto,1396,330,1919,1032,1591,631,1698,699,0.388,224.4,True,TN03D9766,0.979,TN03D9766,accepted,234.2
391,11,auto,1394,330,1918,1031,1589,633,1703,700,0.379,229.1,True,TN03D9766,0.980,TN03D9766,accepted,190.0
391,12,car,1062,402,1143,499,1105,463,1160,498,0.363,229.1,True,,,,no_text,50.8
392,11,auto,1397,331,1918,1033,1587,630,1709,705,0.550,237.5,True,TN03D9766,0.972,TN03D9766,accepted,235.6
392,11,auto,1397,331,1918,1033,1582,624,1711,752,0.376,237.5,True,TN03D9766,0.942,TN03D9766,accepted,222.3
392,12,car,1059,402,1144,499,1107,458,1163,500,0.270,237.5,True,,,,no_text,44.6
393,11,auto,1402,330,1918,1031,1593,632,1706,699,0.576,243.1,True,TN03D9766,0.986,TN03D9766,accepted,232.5
394,11,auto,1402,333,1918,1035,1594,633,1712,706,0.608,241.6,True,TN03D9766,0.965,TN03D9766,accepted,190.4
394,11,auto,1402,333,1918,1035,1591,629,1715,755,0.441,241.6,True,TN03D9766,0.957,TN03D9766,accepted,264.4
395,11,auto,1401,329,1919,1033,1597,632,1707,698,0.522,230.3,True,TN03D9766,0.981,TN03D9766,accepted,230.5
396,11,auto,1401,330,1919,1034,1595,633,1711,705,0.608,229.8,True,TN03D9766,0.973,TN03D9766,accepted,237.1
396,11,auto,1401,330,1919,1034,1592,629,1716,756,0.525,229.8,True,TN0309766,0.921,TN03O9766,accepted,177.6
397,11,auto,1401,329,1919,1034,1596,633,1710,701,0.651,232.2,True,TN03D9766,0.970,TN03D9766,accepted,227.8
397,11,auto,1401,329,1919,1034,1594,630,1715,754,0.334,232.2,True,TN03D9766,0.949,TN03D9766,accepted,218.8
397,12,car,1018,395,1120,509,1090,460,1135,501,0.272,232.2,True,,,,no_text,40.2
398,11,auto,1405,329,1918,1034,1598,632,1711,701,0.634,247.7,True,TN03D9766,0.983,TN03D9766,accepted,239.7
398,11,auto,1405,329,1918,1034,1595,629,1716,753,0.369,247.7,True,TN03D9766,0.973,TN03D9766,accepted,216.8
399,11,auto,1404,330,1918,1036,1598,633,1711,700,0.498,236.4,True,TN03D9766,0.966,TN03D9766,accepted,189.5
399,12,car,1009,394,1112,519,1058,490,1110,512,0.261,236.4,True,,,,no_text,63.1
400,11,auto,1405,329,1918,1035,1596,631,1711,702,0.593,244.9,True,TN03D9766,0.984,TN03D9766,accepted,191.5
400,11,auto,1405,329,1918,1035,1594,629,1716,756,0.363,244.9,True,TN03D9766,0.952,TN03D9766,accepted,184.8
400,12,car,998,395,1105,516,1062,489,1110,513,0.296,244.9,True,,,,no_text,58.1
401,11,auto,1403,331,1919,1033,1597,632,1709,701,0.324,244.3,True,TN03D9766,0.979,TN03D9766,accepted,186.9
402,11,auto,1406,329,1919,1036,1600,634,1709,699,0.517,250.3,True,TN03D9766,0.975,TN03D9766,accepted,192.1
402,12,motorcycle,1008,449,1144,679,996,487,1049,516,0.350,250.3,True,,,,no_text,55.7
403,11,auto,1407,329,1920,1035,1601,628,1712,700,0.540,242.5,True,TN03D9766,0.982,TN03D9766,accepted,181.3
403,12,car,982,391,1116,524,1039,493,1092,518,0.297,242.5,True,,,,no_text,59.1
404,11,auto,1408,329,1919,1037,1601,630,1715,702,0.639,242.1,True,TN03D9766,0.987,TN03D9766,accepted,186.5
404,11,auto,1408,329,1919,1037,1600,627,1719,737,0.252,242.1,True,TN03,0.933,,rejected,141.0
405,11,auto,1408,331,1919,1036,1599,630,1716,702,0.606,239.3,True,TN03D9766,0.978,TN03D9766,accepted,238.4
406,11,auto,1404,327,1920,1036,1600,629,1713,699,0.501,230.2,True,TN03D9766,0.977,TN03D9766,accepted,190.9
406,12,motorcycle,968,461,1114,712,1004,557,1061,584,0.390,230.2,True,,,,no_text,60.0
407,11,auto,1408,329,1919,1035,1599,631,1716,704,0.620,245.0,True,TN03D9766,0.971,TN03D9766,accepted,233.0
407,11,auto,1408,329,1919,1035,1597,628,1721,749,0.292,245.0,True,TN03D9766,0.962,TN03D9766,accepted,223.1
408,11,auto,1407,329,1919,1036,1600,629,1715,703,0.680,229.2,True,TN03D9766,0.982,TN03D9766,accepted,191.1
408,12,motorcycle,943,457,1102,732,981,562,1036,591,0.379,229.2,True,,,,no_text,56.3
408,11,auto,1407,329,1919,1036,1598,625,1720,744,0.307,229.2,True,TN03D9766,0.975,TN03D9766,accepted,244.1
408,12,car,927,373,1114,537,992,504,1053,533,0.264,229.2,True,,,,no_text,57.1
409,11,auto,1406,328,1919,1037,1601,629,1713,698,0.628,245.0,True,TN03D9766,0.982,TN03D9766,accepted,188.9
409,12,motorcycle,902,470,1076,770,935,578,1004,613,0.511,245.0,True,,,,no_text,57.0
409,12,motorcycle,902,470,1076,770,938,584,1006,620,0.484,245.0,True,,,,no_text,73.4
410,11,auto,1405,328,1920,1037,1602,628,1711,697,0.589,258.6,True,TN03D9766,0.975,TN03D9766,accepted,186.0
410,12,motorcycle,890,463,1067,780,921,590,983,625,0.474,258.6,True,,,,no_text,54.6
411,11,auto,1404,327,1919,1037,1601,629,1712,700,0.673,244.2,True,TN03D9766,0.980,TN03D9766,accepted,186.6
411,12,motorcycle,865,469,1063,794,907,596,975,637,0.348,244.2,True,,,,no_text,51.9
411,12,motorcycle,865,469,1063,794,905,591,978,626,0.272,244.2,True,,,,no_text,75.3
412,11,auto,1405,328,1919,1036,1602,629,1711,700,0.679,256.9,True,TN03D9766,0.982,TN03D9766,accepted,192.1
412,12,motorcycle,851,478,1043,810,895,532,953,560,0.312,256.9,True,,,,no_text,58.9
412,12,motorcycle,851,478,1043,810,885,606,947,645,0.267,256.9,True,,,,no_text,66.6
413,11,auto,1409,329,1920,1034,1604,631,1715,699,0.615,247.8,True,TN03D9766,0.984,TN03D9766,accepted,190.0
413,12,motorcycle,829,480,1041,833,863,600,940,637,0.322,247.8,True,,,,no_text,163.2
414,11,auto,1412,328,1919,1033,1605,629,1718,701,0.672,239.2,True,TN03D9766,0.975,TN03D9766,accepted,187.1
415,11,auto,1414,329,1920,1034,1608,631,1719,703,0.628,238.4,True,TN03D9766,0.982,TN03D9766,accepted,230.2
415,12,motorcycle,778,487,1020,877,840,556,909,595,0.324,238.4,True,,,,no_text,52.8
415,13,motorcycle,1046,443,1177,639,1077,490,1133,519,0.251,238.4,True,,,,no_text,168.0
416,11,auto,1414,331,1917,1034,1610,633,1719,703,0.603,234.8,True,TN03D9766,0.965,TN03D9766,accepted,188.9
416,11,auto,1414,331,1917,1034,1604,628,1726,748,0.325,234.8,True,TN03D9766,0.944,TN03D9766,accepted,228.3
417,11,auto,1411,329,1919,1034,1612,632,1718,699,0.594,237.8,True,TN03D9766,0.929,TN03D9766,accepted,233.0
417,13,motorcycle,1038,446,1166,653,1068,499,1124,523,0.305,237.8,True,,,,no_text,61.7
417,12,motorcycle,722,503,1001,925,782,579,858,620,0.284,237.8,True,,,,no_text,79.6
417,11,auto,1411,329,1919,1034,1606,627,1726,746,0.261,237.8,True,TN03D9766,0.943,TN03D9766,accepted,286.1
418,11,auto,1412,329,1920,1033,1610,632,1715,699,0.542,246.9,True,TN03D9766,0.979,TN03D9766,accepted,238.9
418,13,motorcycle,1029,447,1162,660,1060,500,1122,526,0.269,246.9,True,,,,no_text,167.0
419,11,auto,1417,331,1918,1036,1613,634,1725,702,0.525,241.6,True,TN03D9766,0.940,TN03D9766,accepted,190.6
419,13,motorcycle,1024,448,1159,668,1058,507,1110,538,0.303,241.6,True,,,,no_text,52.0
420,11,auto,1417,330,1919,1034,1610,632,1725,702,0.589,251.1,True,TN03D9766,0.956,TN03D9766,accepted,193.3
420,13,motorcycle,1016,450,1160,675,1054,508,1111,540,0.354,251.1,True,,,,no_text,157.0
420,11,auto,1417,330,1919,1034,1607,624,1732,748,0.250,251.1,True,TN03D9766,0.959,TN03D9766,accepted,276.8
421,11,auto,1419,331,1919,1034,1612,631,1726,702,0.641,229.7,True,TN03D9766,0.978,TN03D9766,accepted,189.6
421,13,motorcycle,1012,453,1158,683,1044,510,1105,542,0.401,229.7,True,,,,no_text,55.9
421,11,auto,1419,331,1919,1034,1611,624,1732,735,0.400,229.7,True,TN03D9766,0.987,TN03D9766,accepted,202.5
422,11,auto,1419,330,1919,1034,1612,631,1727,703,0.629,235.7,True,TN03D9766,0.974,TN03D9766,accepted,238.8
422,13,motorcycle,1005,453,1156,690,1039,510,1100,544,0.519,235.7,True,,,,no_text,154.0
422,11,auto,1419,330,1919,1034,1610,624,1733,740,0.355,235.7,True,,,,no_text,151.7
423,11,auto,1418,327,1920,1034,1611,626,1729,705,0.649,242.7,True,TN03D9766,0.976,TN03D9766,accepted,186.1
423,13,motorcycle,995,452,1151,697,1033,512,1099,546,0.485,242.7,True,,,,no_text,60.9
423,13,motorcycle,995,452,1151,697,1033,581,1080,609,0.275,242.7,True,,,,no_text,65.8
423,11,auto,1418,327,1920,1034,1609,621,1734,743,0.264,242.7,True,,,,no_text,164.5
424,11,auto,1423,329,1920,1034,1615,628,1735,703,0.628,239.8,True,TN03D9766,0.969,TN03D9766,accepted,196.5
424,13,motorcycle,975,457,1141,714,1017,594,1069,631,0.430,239.8,True,,,,no_text,47.4
424,13,motorcycle,975,457,1141,714,1017,525,1078,552,0.391,239.8,True,,,,no_text,76.2
424,11,auto,1423,329,1920,1034,1613,622,1741,744,0.320,239.8,True,TN03D9766,0.973,TN03D9766,accepted,208.9
424,13,motorcycle,975,457,1141,714,1014,529,1076,558,0.311,239.8,True,,,,no_text,58.0
425,11,auto,1423,330,1919,1035,1614,630,1735,701,0.609,262.6,True,TN03D9766,0.974,TN03D9766,accepted,193.0
425,13,motorcycle,966,464,1133,724,1005,527,1072,562,0.513,262.6,True,,,,no_text,57.1
425,11,auto,1423,330,1919,1035,1614,623,1740,736,0.316,262.6,True,TN03D9766,0.965,TN03D9766,accepted,202.4
426,11,auto,1425,331,1918,1036,1614,630,1737,704,0.666,241.6,True,TN03D9766,0.968,TN03D9766,accepted,193.2
426,13,motorcycle,958,458,1134,733,995,532,1061,568,0.607,241.6,True,,,,no_text,54.9
426,11,auto,1425,331,1918,1036,1615,624,1741,733,0.504,241.6,True,TN03D9766,0.963,TN03D9766,accepted,200.5
427,11,auto,1423,330,1919,1034,1617,627,1737,702,0.595,232.3,True,TN03D9766,0.962,TN03D9766,accepted,188.5
427,13,motorcycle,950,465,1128,747,985,538,1052,570,0.486,232.3,True,,,,no_text,59.1
427,13,motorcycle,950,465,1128,747,989,613,1036,653,0.386,232.3,True,,,,no_text,56.7
427,12,car,516,388,927,677,572,581,619,611,0.253,232.3,True,23,0.993,,rejected,177.0
428,11,auto,1424,330,1919,1035,1619,627,1739,705,0.682,242.5,True,TN03D9766,0.963,TN03D9766,accepted,188.7
428,13,motorcycle,932,467,1119,758,971,537,1049,576,0.668,242.5,True,,,,no_text,159.9
428,12,car,449,386,910,699,501,590,574,626,0.622,242.5,True,7F3523,0.961,,rejected,172.9
428,11,auto,1424,330,1919,1035,1618,623,1744,739,0.435,242.5,True,TN03D9766,0.932,TN03D9766,accepted,194.9
428,13,motorcycle,932,467,1119,758,977,623,1030,660,0.346,242.5,True,,,,no_text,63.1
429,12,car,388,388,891,717,420,602,525,638,0.715,245.9,True,TW370F3523,0.972,,rejected,176.7
429,11,auto,1428,329,1920,1036,1618,629,1740,707,0.627,245.9,True,TN03D9766,0.974,TN03D9766,accepted,201.6
429,13,motorcycle,926,473,1113,772,963,547,1034,582,0.506,245.9,True,,,,no_text,61.4
429,11,auto,1428,329,1920,1036,1619,624,1745,737,0.343,245.9,True,,,,no_text,169.9
430,12,car,293,390,868,732,356,615,467,647,0.725,245.2,True,TN370F3523,0.939,TN37OF3523,accepted,178.6
430,13,motorcycle,911,473,1108,783,948,552,1023,590,0.625,245.2,True,,,,no_text,66.4
430,11,auto,1426,328,1919,1034,1619,627,1737,700,0.601,245.2,True,TN03D9766,0.958,TN03D9766,accepted,220.3
431,12,car,212,389,846,751,289,628,404,662,0.795,234.7,True,TH370F3523,0.903,TN37OF3523,accepted,177.9
431,13,motorcycle,897,466,1103,802,941,557,1006,597,0.711,234.7,True,,,,no_text,160.6
431,11,auto,1428,328,1919,1035,1620,625,1738,704,0.606,234.7,True,TN03D9766,0.976,TN03D9766,accepted,200.2
432,12,car,140,391,822,774,214,646,338,680,0.734,228.4,True,TN370F3523,0.911,TN37OF3523,accepted,176.6
432,13,motorcycle,881,472,1100,815,922,563,995,601,0.625,228.4,True,100151,0.821,,rejected,201.8
432,11,auto,1427,327,1920,1035,1621,626,1738,702,0.581,228.4,True,TN03D9766,0.972,TN03D9766,accepted,186.2
433,12,car,58,391,796,802,132,663,262,700,0.732,230.9,True,TN37LF3523,0.851,TN37LF3523,accepted,183.0
433,11,auto,1427,326,1920,1035,1622,628,1740,700,0.696,230.9,True,TN03D9766,0.974,TN03D9766,accepted,202.0
433,13,motorcycle,858,477,1091,839,904,576,983,614,0.641,230.9,True,INJOS,0.589,,rejected,163.2
434,12,car,2,393,771,836,33,685,166,723,0.750,252.6,True,TH970F3523,0.695,TN97OF3523,accepted,175.2
434,11,auto,1429,326,1919,1037,1625,628,1738,699,0.661,252.6,True,TN03D9766,0.988,TN03D9766,accepted,199.9
434,13,motorcycle,839,482,1084,860,887,585,970,623,0.600,252.6,True,SINIOBY5351,0.728,TN1OBY5351,accepted,203.9
435,12,car,0,392,734,867,0,708,62,755,0.631,231.2,True,3523,0.838,,rejected,145.8
435,13,motorcycle,819,477,1072,884,862,593,949,639,0.592,231.2,True,DUNIOBY5351,0.706,,rejected,210.9
435,11,auto,1427,328,1919,1038,1627,631,1741,700,0.504,231.2,True,TN03D9766,0.989,TN03D9766,accepted,190.6
436,13,motorcycle,792,487,1066,903,840,603,933,648,0.656,231.2,True,DTNIOBY5351,0.799,TN1OBY5351,accepted,201.0
436,11,auto,1423,326,1920,1038,1628,630,1739,697,0.588,231.2,True,TN03D9766,0.987,TN03D9766,accepted,192.8
437,13,motorcycle,767,491,1058,937,817,611,913,663,0.621,231.1,True,TN10BY5351,0.816,TN10BY5351,accepted,196.2
437,11,auto,1425,328,1920,1038,1630,629,1739,697,0.461,231.1,True,TN03D9766,0.984,TN03D9766,accepted,214.0
438,13,motorcycle,740,496,1048,962,790,632,885,678,0.639,269.7,True,TN10BY5351,0.874,TN10BY5351,accepted,206.4
438,11,auto,1430,328,1920,1039,1634,631,1742,698,0.377,269.7,True,TN03D9766,0.973,TN03D9766,accepted,190.1
439,13,motorcycle,700,500,1041,995,760,646,857,693,0.580,232.7,True,TN108Y5351,0.865,TN1OBY5351,accepted,235.4
440,13,motorcycle,664,502,1028,1031,720,654,827,713,0.587,227.9,True,TN1OBY5351,0.844,TN1OBY5351,accepted,191.9
440,11,auto,1435,330,1920,1037,1636,631,1743,697,0.352,227.9,True,TN03D9766,0.979,TN03D9766,accepted,191.3
441,11,auto,1438,328,1920,1038,1636,628,1755,701,0.549,236.2,True,TN03D9766,0.971,TN03D9766,accepted,185.7
441,13,motorcycle,569,502,990,1078,642,696,749,761,0.412,236.2,True,TH10BY5351,0.861,TN10BY5351,accepted,192.6
442,13,motorcycle,508,535,959,1080,582,721,698,792,0.522,243.7,True,TH108Y5351,0.916,TN1OBY5351,accepted,190.7
442,11,auto,1438,328,1920,1038,1638,627,1757,704,0.470,243.7,True,TN03D9766,0.975,TN03D9766,accepted,192.4
443,13,motorcycle,439,540,934,1078,522,748,645,822,0.681,234.6,True,TH108Y5351,0.887,TN1OBY5351,accepted,185.8
444,13,motorcycle,348,552,900,1078,439,783,573,861,0.519,231.7,True,TH108Y5351,0.911,TN1OBY5351,accepted,187.1
445,13,motorcycle,236,580,872,1078,339,821,484,908,0.410,231.8,True,TH108Y5351,0.894,TN1OBY5351,accepted,178.8
445,11,auto,1444,326,1920,1038,1638,627,1761,704,0.363,231.8,True,TN03D9766,0.981,TN03D9766,accepted,188.4
446,11,auto,1445,328,1919,1040,1640,627,1762,703,0.478,228.8,True,TN03D9766,0.979,TN03D9766,accepted,186.1
446,13,motorcycle,120,600,825,1079,206,873,382,966,0.462,228.8,True,TK108Y5351,0.806,KL0BY5351,accepted,201.0
447,11,auto,1446,328,1919,1040,1639,628,1761,704,0.528,231.4,True,TN03D9766,0.980,TN03D9766,accepted,184.6
449,11,auto,1445,327,1919,1040,1643,630,1756,702,0.448,225.6,True,TN03D9766,0.974,TN03D9766,accepted,231.3
450,11,auto,1447,328,1920,1039,1643,628,1757,701,0.292,235.9,True,TN03D9766,0.988,TN03D9766,accepted,182.2
450,14,auto,1447,328,1920,1039,1839,729,1919,775,0.270,235.9,True,LPG,0.988,,rejected,153.2
451,11,auto,1444,325,1919,1040,1642,627,1758,704,0.271,233.6,True,TN03D9766,0.980,TN03D9766,accepted,187.5
453,11,auto,1445,329,1920,1040,1642,627,1759,705,0.329,235.2,True,TN03D9766,0.976,TN03D9766,accepted,188.0
458,11,auto,1444,327,1920,1040,1639,628,1757,704,0.273,235.7,True,TN03D9766,0.978,TN03D9766,accepted,233.4
459,11,auto,1442,328,1919,1040,1639,626,1761,707,0.391,231.2,True,TN03D9766,0.966,TN03D9766,accepted,188.0
461,11,auto,1445,327,1920,1040,1638,626,1760,710,0.378,237.6,True,TN03D9766,0.969,TN03D9766,accepted,182.8
462,11,auto,1444,327,1920,1040,1637,625,1761,712,0.345,218.4,True,TN03D9766,0.982,TN03D9766,accepted,187.4
464,11,auto,1446,326,1920,1040,1639,626,1760,708,0.319,226.2,True,TN03D9766,0.961,TN03D9766,accepted,228.4
465,11,auto,1445,327,1920,1040,1639,627,1760,707,0.392,224.7,True,TN03D9766,0.982,TN03D9766,accepted,185.2
466,11,auto,1444,328,1919,1040,1639,627,1761,707,0.259,243.1,True,TN03D9766,0.983,TN03D9766,accepted,184.4
467,11,auto,1444,327,1920,1040,1639,627,1760,706,0.406,235.5,True,TN03D9766,0.970,TN03D9766,accepted,232.7
468,11,auto,1444,326,1920,1039,1640,628,1759,705,0.456,232.4,True,TN03D9766,0.978,TN03D9766,accepted,239.5
468,11,auto,1444,326,1920,1039,1633,624,1766,757,0.259,232.4,True,TN03D9766FLP,0.816,,rejected,264.5
469,11,auto,1445,323,1920,1039,1639,628,1756,706,0.499,235.1,True,TN03D9766,0.976,TN03D9766,accepted,226.8
469,11,auto,1445,323,1920,1039,1632,625,1761,757,0.317,235.1,True,TN03D9766,0.953,TN03D9766,accepted,176.4
470,11,auto,1446,326,1920,1040,1639,628,1755,706,0.406,228.2,True,TN03D9766,0.974,TN03D9766,accepted,232.3
471,11,auto,1445,327,1920,1040,1638,626,1758,711,0.485,231.2,True,TN03D9766,0.986,TN03D9766,accepted,181.8
471,11,auto,1445,327,1920,1040,1629,620,1764,757,0.298,231.2,True,TN03D9766,0.933,TN03D9766,accepted,177.0
472,11,auto,1443,328,1920,1040,1639,627,1759,708,0.314,228.1,True,TN03D9766,0.980,TN03D9766,accepted,273.6
473,11,auto,1445,327,1920,1041,1637,626,1759,711,0.457,227.7,True,TN03D9766,0.985,TN03D9766,accepted,179.0
473,11,auto,1445,327,1920,1041,1628,619,1765,757,0.300,227.7,True,TN03D9766,0.946,TN03D9766,accepted,177.3
474,11,auto,1444,327,1920,1041,1637,627,1758,711,0.317,275.2,True,TN03D9766,0.961,TN03D9766,accepted,184.5
475,11,auto,1444,326,1920,1039,1635,628,1756,708,0.290,245.7,True,TN03D9766,0.973,TN03D9766,accepted,183.0
476,11,auto,1446,327,1920,1040,1636,627,1757,711,0.353,230.3,True,TN03D9766,0.985,TN03D9766,accepted,231.2
477,11,auto,1444,327,1920,1040,1636,628,1756,709,0.372,254.3,True,TN03D9766,0.985,TN03D9766,accepted,260.1
478,11,auto,1445,327,1920,1039,1626,623,1761,756,0.497,234.3,True,TN03D9766,0.910,TN03D9766,accepted,274.9
478,11,auto,1445,327,1920,1039,1637,626,1757,729,0.367,234.3,True,TN03D9766,0.940,TN03D9766,accepted,189.5
478,11,auto,1445,327,1920,1039,1598,605,1766,758,0.258,234.3,True,,,,no_text,148.0
479,11,auto,1443,327,1920,1039,1638,629,1758,709,0.453,246.5,True,TN03D9766,0.985,TN03D9766,accepted,189.9
479,11,auto,1443,327,1920,1039,1630,624,1764,758,0.322,246.5,True,TN03D9766ELPO,0.876,,rejected,340.6
480,11,auto,1442,323,1919,1039,1637,628,1753,702,0.435,226.6,True,TN03D9766,0.956,TN03D9766,accepted,230.1
481,11,auto,1443,327,1919,1039,1628,624,1762,756,0.252,231.3,True,TN03D9766,0.923,TN03D9766,accepted,219.1
482,15,car,1046,398,1208,514,1084,470,1124,488,0.408,238.1,True,,,,no_text,59.2
482,11,auto,1445,328,1920,1039,1635,627,1757,710,0.370,238.1,True,TN03D9766,0.969,TN03D9766,accepted,206.1
483,11,auto,1445,323,1919,1038,1641,625,1754,699,0.572,230.6,True,TN03D9766,0.981,TN03D9766,accepted,185.2
483,15,car,1040,396,1206,515,1077,469,1120,487,0.512,230.6,True,,,,no_text,63.1
484,11,auto,1444,323,1919,1039,1642,626,1752,698,0.553,243.0,True,TN03D9766,0.970,TN03D9766,accepted,181.7
484,15,car,1033,397,1201,518,1071,474,1114,489,0.276,243.0,True,,,,no_text,173.6
485,11,auto,1444,322,1919,1038,1640,624,1754,699,0.595,234.7,True,TN03D9766,0.984,TN03D9766,accepted,184.9
485,15,car,1022,396,1196,519,1061,471,1108,487,0.524,234.7,True,,,,no_text,74.3
486,11,auto,1444,322,1919,1037,1642,624,1755,699,0.593,243.1,True,TN03D9766,0.991,TN03D9766,accepted,197.6
486,15,car,1013,397,1191,522,1052,477,1096,492,0.322,243.1,True,,,,no_text,184.7
487,11,auto,1443,324,1919,1038,1641,626,1753,700,0.563,234.8,True,TN03D9766,0.974,TN03D9766,accepted,188.9
487,15,car,1004,398,1186,525,1045,478,1092,497,0.360,234.8,True,,,,no_text,65.9
488,15,car,994,396,1182,527,1038,478,1087,496,0.594,234.6,True,,,,no_text,64.2
488,11,auto,1444,323,1919,1037,1641,625,1755,699,0.544,234.6,True,TN03D9766,0.978,TN03D9766,accepted,215.0
489,11,auto,1442,323,1919,1037,1639,624,1758,703,0.620,321.4,True,TN03D9766,0.978,TN03D9766,accepted,185.5
489,15,car,987,397,1179,531,1028,479,1076,502,0.482,321.4,True,,,,no_text,59.6
490,11,auto,1442,322,1919,1035,1637,623,1763,709,0.551,250.5,True,TN03D9766,0.966,TN03D9766,accepted,183.7
490,15,car,976,394,1174,533,1019,479,1072,502,0.481,250.5,True,,,,no_text,170.3
491,15,car,964,393,1171,535,1007,483,1059,504,0.615,236.8,True,,,,no_text,205.1
492,15,car,956,395,1166,540,996,489,1051,507,0.628,229.8,True,,,,no_text,169.6
492,11,auto,1446,321,1919,1036,1641,623,1763,705,0.427,229.8,True,TN03D9766,0.983,TN03D9766,accepted,192.0
493,15,car,942,394,1161,543,988,490,1047,507,0.627,240.3,True,,,,no_text,191.0
493,11,auto,1449,319,1919,1036,1645,625,1761,699,0.285,240.3,True,TN03D9766,0.974,TN03D9766,accepted,239.5
494,15,car,932,394,1158,547,976,493,1034,511,0.668,228.8,True,,,,no_text,173.3
494,11,auto,1450,317,1919,1038,1646,625,1764,700,0.318,228.8,True,TN03D9766,0.981,TN03D9766,accepted,202.7
495,15,car,915,396,1152,553,965,495,1021,514,0.636,240.9,True,,,,no_text,185.5
495,11,auto,1448,317,1919,1038,1648,624,1766,701,0.438,240.9,True,TN03D9766,0.980,TN03D9766,accepted,206.5
496,15,car,905,394,1146,555,950,498,1009,519,0.668,249.8,True,,,,no_text,175.4
496,11,auto,1448,317,1919,1036,1648,619,1770,703,0.267,249.8,True,TN03D9766,0.978,TN03D9766,accepted,194.1
497,15,car,890,395,1138,559,937,501,999,523,0.628,260.3,True,TEGTNTOKRS,0.608,,rejected,167.5
497,11,auto,1450,316,1919,1035,1651,622,1768,703,0.574,260.3,True,TN03D9766,0.981,TN03D9766,accepted,207.3
498,15,car,875,395,1133,562,922,505,983,528,0.654,252.0,True,,,,no_text,166.3
498,11,auto,1451,316,1919,1034,1653,625,1769,700,0.479,252.0,True,TN03D9766,0.985,TN03D9766,accepted,251.2
499,15,car,858,392,1126,568,906,508,970,531,0.699,231.7,True,O978535,0.591,,rejected,171.2
499,11,auto,1451,317,1919,1035,1656,626,1768,699,0.409,231.7,True,TN03D9766,0.981,TN03D9766,accepted,202.1
500,15,car,840,392,1116,573,892,510,957,534,0.748,231.4,True,8535,0.792,,rejected,203.3
500,11,auto,1453,317,1919,1035,1657,627,1766,697,0.370,231.4,True,TN03D9766,0.985,TN03D9766,accepted,197.2
501,15,car,820,391,1109,579,872,516,938,537,0.704,264.4,True,C978535,0.573,,rejected,179.1
501,11,auto,1456,316,1919,1034,1659,627,1769,695,0.333,264.4,True,TN03D9766,0.986,TN03D9766,accepted,243.4
502,15,car,797,392,1099,586,851,520,916,544,0.763,278.8,True,TH09T8635,0.755,TN09T8635,accepted,195.2
502,16,auto,1457,315,1919,1034,1842,628,1919,774,0.265,278.8,True,,,,no_text,68.0
503,15,car,773,392,1091,594,829,526,901,552,0.661,379.9,True,TH09T0635,0.652,TN09T0635,accepted,169.8
503,11,auto,1460,316,1919,1034,1659,624,1773,700,0.279,379.9,True,TN03D9766,0.979,TN03D9766,accepted,242.0
504,15,car,721,390,1068,609,780,535,858,564,0.757,242.2,True,T09T8635,0.770,,rejected,173.6
505,15,car,661,392,1041,628,719,553,802,580,0.695,261.7,True,TH093T8535,0.801,,rejected,170.9
506,15,car,623,392,1028,641,684,558,771,588,0.709,277.7,True,TH09BT8535,0.742,TN09BT8535,accepted,181.0
507,15,car,581,392,1012,655,639,568,735,599,0.641,252.7,True,TH09BT8635,0.865,TN09BT8635,accepted,207.4
507,11,auto,1461,315,1918,1032,1657,626,1772,698,0.324,252.7,True,TN03D9766,0.955,TN03D9766,accepted,217.5
508,15,car,536,392,996,668,599,578,695,610,0.722,402.3,True,TH09BT8535,0.774,TN09BT8535,accepted,181.9
508,11,auto,1461,315,1919,1033,1657,626,1772,696,0.339,402.3,True,TN03D9766,0.978,TN03D9766,accepted,252.7
508,16,auto,1461,315,1919,1033,1844,631,1919,774,0.306,402.3,True,,,,no_text,37.6
509,15,car,488,391,980,685,552,591,651,622,0.703,407.3,True,TH09BT8535,0.804,TN09BT8535,accepted,157.0
509,11,auto,1461,316,1919,1034,1659,625,1771,700,0.417,407.3,True,TN03D9766,0.987,TN03D9766,accepted,183.7
510,15,car,435,392,960,702,496,602,604,636,0.716,276.7,True,TH09BT8535,0.850,TN09BT8535,accepted,182.7
511,15,car,381,393,939,721,436,613,545,651,0.620,255.4,True,T093T8535,0.712,,rejected,173.3
512,15,car,310,390,918,741,368,632,483,668,0.752,262.7,True,T033T8535,0.709,,rejected,187.3
513,15,car,230,392,890,763,286,649,410,690,0.747,264.9,True,TH03T0535,0.532,TN03T0535,accepted,184.6
514,15,car,139,391,866,792,193,668,321,712,0.801,281.1,True,,,,no_text,183.7
515,15,car,39,389,836,823,85,693,219,738,0.770,269.4,True,,,,no_text,186.4
516,15,car,0,391,805,853,0,721,100,773,0.764,410.9,True,,,,no_text,158.8
516,11,auto,1462,317,1919,1031,1657,625,1772,696,0.316,410.9,True,TN03D9766,0.969,TN03D9766,accepted,242.3
517,11,auto,1465,318,1919,1032,1658,620,1779,708,0.353,397.6,True,TN03D9766,0.964,TN03D9766,accepted,198.0
518,11,auto,1464,318,1919,1033,1659,624,1774,700,0.337,248.5,True,TN03D9766,0.982,TN03D9766,accepted,188.5
519,11,auto,1463,317,1919,1033,1656,624,1773,699,0.440,266.1,True,TN03D9766,0.986,TN03D9766,accepted,202.6
519,16,auto,1463,317,1919,1033,1844,632,1919,775,0.296,266.1,True,,,,no_text,35.0
520,16,auto,1462,318,1919,1033,1847,631,1919,766,0.504,261.9,True,,,,no_text,35.2
520,11,auto,1462,318,1919,1033,1657,624,1771,702,0.437,261.9,True,TN03D9766,0.987,TN03D9766,accepted,265.0
521,16,auto,1462,317,1919,1033,1844,631,1919,770,0.403,242.0,True,,,,no_text,36.5
521,11,auto,1462,317,1919,1033,1656,623,1771,702,0.402,242.0,True,TN03D9766,0.976,TN03D9766,accepted,268.6
522,11,auto,1463,319,1919,1034,1660,624,1775,703,0.374,251.8,True,TN03D9766,0.980,TN03D9766,accepted,257.4
523,11,auto,1462,318,1919,1033,1657,622,1774,700,0.533,243.7,True,TN03D9766,0.962,TN03D9766,accepted,197.5
524,11,auto,1461,319,1919,1034,1662,622,1777,699,0.293,268.1,True,TN03D9766,0.973,TN03D9766,accepted,191.9
525,11,auto,1459,321,1919,1036,1658,625,1777,710,0.465,235.0,True,,,,no_text,151.3
526,11,auto,1460,318,1919,1034,1657,624,1771,702,0.377,253.3,True,TN03D9766,0.988,TN03D9766,accepted,255.9
526,16,auto,1460,318,1919,1034,1844,631,1919,768,0.316,253.3,True,,,,no_text,138.8
527,11,auto,1459,318,1919,1035,1657,623,1773,702,0.402,248.2,True,TN03D9766,0.978,TN03D9766,accepted,262.7
527,16,auto,1459,318,1919,1035,1843,631,1920,770,0.255,248.2,True,,,,no_text,36.7
528,11,auto,1459,317,1919,1036,1658,623,1773,703,0.427,263.8,True,TN03D9766,0.985,TN03D9766,accepted,245.4
529,11,auto,1456,317,1919,1036,1658,623,1772,702,0.323,262.6,True,TN03D9766,0.981,TN03D9766,accepted,247.8
529,16,auto,1456,317,1919,1036,1845,629,1919,766,0.282,262.6,True,,,,no_text,133.4
530,11,auto,1458,317,1919,1035,1658,624,1773,700,0.387,269.2,True,TN03D9766,0.988,TN03D9766,accepted,189.0
531,11,auto,1458,318,1919,1035,1659,626,1772,702,0.450,283.7,True,TN03D9766,0.982,TN03D9766,accepted,213.1
531,16,auto,1458,318,1919,1035,1846,630,1919,767,0.291,283.7,True,,,,no_text,54.1
532,11,auto,1458,319,1919,1035,1659,627,1772,701,0.421,253.2,True,TN03D9766,0.975,TN03D9766,accepted,190.2
532,16,auto,1458,319,1919,1035,1846,631,1919,767,0.297,253.2,True,,,,no_text,35.8
533,11,auto,1459,317,1919,1033,1657,625,1772,699,0.371,278.1,True,TN03D9766,0.982,TN03D9766,accepted,245.5
534,11,auto,1457,316,1919,1035,1657,620,1778,711,0.488,259.4,True,TN03D9766,0.972,TN03D9766,accepted,221.9
535,11,auto,1460,319,1919,1035,1659,624,1774,702,0.466,281.2,True,TN03D9766,0.980,TN03D9766,accepted,194.0
536,11,auto,1460,319,1919,1034,1658,623,1777,708,0.490,240.9,True,TN03D9766,0.941,TN03D9766,accepted,210.6
537,11,auto,1459,317,1919,1035,1657,621,1777,705,0.506,290.6,True,TN03D9766,0.978,TN03D9766,accepted,199.4
538,11,auto,1459,316,1919,1034,1657,620,1780,708,0.435,254.8,True,TN03D9766,0.989,TN03D9766,accepted,205.4
539,11,auto,1460,318,1919,1034,1657,621,1779,705,0.506,266.8,True,TN03D9766,0.963,TN03D9766,accepted,203.9
540,11,auto,1460,317,1919,1033,1659,627,1772,696,0.307,248.1,True,TN03D9766,0.982,TN03D9766,accepted,238.7
541,11,auto,1459,317,1919,1032,1657,624,1775,700,0.336,248.1,True,TN03D9766,0.976,TN03D9766,accepted,250.8
542,11,auto,1458,317,1919,1033,1657,620,1779,710,0.500,249.1,True,,,,no_text,150.5
543,11,auto,1460,317,1919,1036,1663,624,1779,704,0.498,265.3,True,TN03D9766,0.991,TN03D9766,accepted,200.1
544,11,auto,1460,319,1919,1034,1660,625,1773,700,0.501,258.7,True,TN03D9766,0.986,TN03D9766,accepted,253.1
545,11,auto,1461,318,1919,1033,1662,624,1776,698,0.520,263.1,True,TN03D9766,0.947,TN03D9766,accepted,237.0
546,11,auto,1460,319,1919,1035,1657,619,1780,711,0.515,245.9,True,N03,0.575,,rejected,156.0
547,11,auto,1460,319,1919,1033,1657,623,1773,699,0.420,278.8,True,TN03D9766,0.981,TN03D9766,accepted,283.4
548,11,auto,1459,318,1919,1034,1656,623,1772,699,0.379,282.7,True,TN03D9766,0.982,TN03D9766,accepted,280.9
548,16,auto,1459,318,1919,1034,1843,632,1919,775,0.275,282.7,True,,,,no_text,34.7
549,11,auto,1459,318,1919,1035,1657,622,1775,704,0.474,320.0,True,TN03D9766,0.973,TN03D9766,accepted,201.7
550,11,auto,1461,317,1919,1035,1656,620,1778,714,0.538,259.5,True,,,,no_text,192.7
551,11,auto,1460,318,1919,1034,1658,623,1772,702,0.412,276.5,True,TN03D9766,0.984,TN03D9766,accepted,254.4
552,11,auto,1459,317,1918,1035,1656,624,1770,703,0.497,248.6,True,TN03D9766,0.978,TN03D9766,accepted,258.7
552,16,auto,1459,317,1918,1035,1844,632,1919,769,0.355,248.6,True,,,,no_text,36.5
553,11,auto,1457,319,1919,1035,1655,625,1773,712,0.487,261.4,True,TN03D9766,0.977,TN03D9766,accepted,207.2
554,11,auto,1456,318,1919,1035,1656,627,1769,700,0.462,324.4,True,TN03D9766,0.987,TN03D9766,accepted,306.7
555,11,auto,1459,319,1919,1036,1655,625,1772,705,0.604,263.0,True,TN03D9766,0.971,TN03D9766,accepted,254.7
556,11,auto,1457,318,1919,1035,1655,625,1774,709,0.626,255.7,True,TN03D9766,0.987,TN03D9766,accepted,205.1
557,11,auto,1456,318,1919,1035,1655,625,1773,708,0.652,355.7,True,TN03D9766,0.984,TN03D9766,accepted,195.6
558,11,auto,1456,320,1919,1036,1655,623,1774,702,0.646,260.8,True,TN03D9766,0.958,TN03D9766,accepted,196.2
559,11,auto,1456,320,1919,1038,1655,624,1773,702,0.624,243.2,True,TN03D9766,0.978,TN03D9766,accepted,248.8
560,11,auto,1457,317,1919,1037,1654,622,1775,710,0.609,240.1,True,TN03D9766,0.983,TN03D9766,accepted,201.3
560,11,auto,1457,317,1919,1037,1647,619,1779,753,0.295,240.1,True,TN03D9766,0.964,TN03D9766,accepted,304.8
561,11,auto,1458,317,1919,1037,1655,625,1774,711,0.640,369.4,True,TN03D9766,0.986,TN03D9766,accepted,184.8
561,11,auto,1458,317,1919,1037,1648,621,1778,752,0.317,369.4,True,TN03D9766,0.967,TN03D9766,accepted,246.6
562,11,auto,1456,319,1919,1037,1655,622,1776,710,0.616,261.3,True,TN03D9766,0.978,TN03D9766,accepted,201.2
562,11,auto,1456,319,1919,1037,1650,619,1780,754,0.263,261.3,True,TN03D9766,0.919,TN03D9766,accepted,228.0
563,11,auto,1456,317,1919,1037,1654,622,1774,710,0.671,268.8,True,TN03D9766,0.978,TN03D9766,accepted,189.6
563,16,auto,1456,317,1919,1037,1847,635,1920,764,0.409,268.8,True,,,,no_text,41.9
563,11,auto,1456,317,1919,1037,1648,618,1778,755,0.355,268.8,True,TN03D9766,0.944,TN03D9766,accepted,300.6
564,11,auto,1449,322,1919,1039,1652,621,1773,709,0.636,244.4,True,TN03D9766,0.964,TN03D9766,accepted,195.1
564,11,auto,1449,322,1919,1039,1646,618,1778,757,0.411,244.4,True,,,,no_text,149.8
565,11,auto,1456,321,1919,1038,1654,619,1777,714,0.668,254.1,True,TN03D9766,0.963,TN03D9766,accepted,199.5
565,11,auto,1456,321,1919,1038,1645,618,1780,756,0.454,254.1,True,,,,no_text,181.8
565,16,auto,1456,321,1919,1038,1849,634,1920,765,0.334,254.1,True,,,,no_text,138.5
566,11,auto,1456,318,1919,1038,1655,618,1777,714,0.699,263.2,True,TN03D9766,0.972,TN03D9766,accepted,184.4
566,16,auto,1456,318,1919,1038,1848,634,1920,764,0.487,263.2,True,,,,no_text,136.5
566,11,auto,1456,318,1919,1038,1646,618,1780,756,0.442,263.2,True,,,,no_text,303.6
567,11,auto,1453,321,1919,1038,1656,620,1776,707,0.661,257.6,True,TN03D9766,0.982,TN03D9766,accepted,201.9
567,11,auto,1453,321,1919,1038,1648,618,1779,756,0.400,257.6,True,TN03D9766,0.946,TN03D9766,accepted,183.5
567,16,auto,1453,321,1919,1038,1848,634,1920,764,0.342,257.6,True,20,0.667,,rejected,137.0
568,11,auto,1454,321,1919,1039,1654,620,1777,713,0.674,245.8,True,TN03D9766,0.981,TN03D9766,accepted,184.1
568,11,auto,1454,321,1919,1039,1646,618,1779,757,0.466,245.8,True,,,,no_text,247.5
568,16,auto,1454,321,1919,1039,1848,634,1920,772,0.325,245.8,True,54202,0.983,,rejected,189.3
569,11,auto,1455,321,1919,1038,1656,618,1776,718,0.662,317.1,True,TN03D9766,0.963,TN03D9766,accepted,201.9
569,11,auto,1455,321,1919,1038,1647,617,1780,757,0.481,317.1,True,,,,no_text,202.7
569,16,auto,1455,321,1919,1038,1856,633,1920,759,0.415,317.1,True,,,,no_text,34.8
570,11,auto,1461,326,1920,1037,1657,625,1776,712,0.634,269.0,True,TN03D9766,0.978,TN03D9766,accepted,188.4
570,11,auto,1461,326,1920,1037,1652,621,1780,757,0.449,269.0,True,TN0309766,0.909,TN03O9766,accepted,228.4
571,11,auto,1462,325,1920,1038,1656,624,1775,713,0.643,255.6,True,TN03D9766,0.980,TN03D9766,accepted,195.3
571,11,auto,1462,325,1920,1038,1652,620,1780,757,0.445,255.6,True,,,,no_text,145.6
571,16,auto,1462,325,1920,1038,1847,637,1920,772,0.286,255.6,True,,,,no_text,39.3
572,11,auto,1455,326,1920,1039,1657,624,1777,715,0.566,253.3,True,TN03D9766,0.961,TN03D9766,accepted,188.2
572,11,auto,1455,326,1920,1039,1650,621,1781,758,0.431,253.3,True,TN03D9766,0.929,TN03D9766,accepted,292.2
573,11,auto,1451,321,1919,1038,1655,624,1772,708,0.650,257.5,True,TN03D9766,0.978,TN03D9766,accepted,191.0
573,11,auto,1451,321,1919,1038,1651,619,1778,757,0.332,257.5,True,,,,no_text,145.3
573,16,auto,1451,321,1919,1038,1859,636,1920,758,0.296,257.5,True,2020,0.779,,rejected,148.9
574,11,auto,1446,322,1919,1040,1652,622,1775,721,0.540,256.2,True,TN03D9766,0.971,TN03D9766,accepted,202.0
574,11,auto,1446,322,1919,1040,1646,619,1779,757,0.473,256.2,True,,,,no_text,187.9
574,16,auto,1446,322,1919,1040,1857,637,1920,762,0.329,256.2,True,,,,no_text,34.3
575,11,auto,1447,322,1919,1040,1653,621,1774,719,0.521,257.5,True,TN03D9766,0.984,TN03D9766,accepted,180.7
575,11,auto,1447,322,1919,1040,1646,618,1778,757,0.428,257.5,True,09766,0.915,,rejected,141.1
575,16,auto,1447,322,1919,1040,1846,637,1920,776,0.265,257.5,True,,,,no_text,31.5
576,11,auto,1450,319,1919,1039,1654,623,1773,709,0.521,266.5,True,TN03D9766,0.983,TN03D9766,accepted,203.7
576,16,auto,1450,319,1919,1039,1858,634,1920,755,0.468,266.5,True,202,0.956,,rejected,149.7
577,11,auto,1453,319,1919,1039,1655,623,1773,712,0.629,283.2,True,TN03D9766,0.984,TN03D9766,accepted,193.7
577,11,auto,1453,319,1919,1039,1649,618,1778,757,0.365,283.2,True,09,0.573,,rejected,196.3
578,11,auto,1448,325,1920,1038,1651,623,1777,745,0.418,248.5,True,TN03D9766,0.942,TN03D9766,accepted,240.8
578,16,auto,1448,325,1920,1038,1858,637,1920,761,0.352,248.5,True,,,,no_text,35.3
578,11,auto,1448,325,1920,1038,1654,627,1774,711,0.311,248.5,True,TN03D9766,0.986,TN03D9766,accepted,214.5
579,11,auto,1453,323,1919,1039,1655,623,1778,716,0.664,389.4,True,TN03D9766,0.973,TN03D9766,accepted,211.0
579,11,auto,1453,323,1919,1039,1649,620,1780,757,0.514,389.4,True,TN03D9766,0.907,TN03D9766,accepted,260.0
579,16,auto,1453,323,1919,1039,1846,637,1920,772,0.313,389.4,True,,,,no_text,135.9
580,11,auto,1454,326,1920,1037,1655,623,1776,718,0.673,278.0,True,TN03D9766,0.977,TN03D9766,accepted,196.7
580,11,auto,1454,326,1920,1037,1649,620,1779,756,0.537,278.0,True,TN03D9766,0.921,TN03D9766,accepted,233.8
580,16,auto,1454,326,1920,1037,1846,638,1920,774,0.275,278.0,True,,,,no_text,33.6
581,11,auto,1451,325,1920,1038,1655,627,1774,708,0.486,268.8,True,TN03D9766,0.945,TN03D9766,accepted,242.5
581,16,auto,1451,325,1920,1038,1858,638,1920,757,0.275,268.8,True,02,0.923,,rejected,140.2
582,11,auto,1451,323,1919,1038,1656,624,1777,707,0.674,263.5,True,TN03D9766,0.986,TN03D9766,accepted,247.3
582,11,auto,1451,323,1919,1038,1651,621,1780,758,0.458,263.5,True,,,,no_text,260.2
582,16,auto,1451,323,1919,1038,1847,637,1920,773,0.331,263.5,True,,,,no_text,55.8
583,11,auto,1454,324,1920,1038,1656,628,1770,702,0.545,350.4,True,TN03D9766,0.973,TN03D9766,accepted,224.0
583,11,auto,1454,324,1920,1038,1653,620,1778,757,0.253,350.4,True,TN03D9766,0.921,TN03D9766,accepted,265.6
584,11,auto,1453,323,1919,1040,1651,624,1773,720,0.482,255.4,True,TN03D9766,0.947,TN03D9766,accepted,186.6
584,16,auto,1453,323,1919,1040,1849,637,1919,768,0.479,255.4,True,,,,no_text,33.4
584,11,auto,1453,323,1919,1040,1645,619,1778,758,0.407,255.4,True,TN03D9766,0.916,TN03D9766,accepted,265.0
585,11,auto,1457,323,1919,1039,1657,624,1774,710,0.635,271.2,True,TN03D9766,0.979,TN03D9766,accepted,183.8
585,11,auto,1457,323,1919,1039,1652,619,1779,758,0.512,271.2,True,TN0309766,0.887,TN03O9766,accepted,242.9
586,11,auto,1459,326,1920,1037,1655,627,1771,705,0.565,256.8,True,TN03D9766,0.980,TN03D9766,accepted,191.4
586,11,auto,1459,326,1920,1037,1653,619,1779,757,0.389,256.8,True,,,,no_text,134.3
587,11,auto,1456,320,1919,1038,1653,624,1772,712,0.625,238.5,True,TN03D9766,0.983,TN03D9766,accepted,180.4
587,11,auto,1456,320,1919,1038,1648,618,1778,757,0.374,238.5,True,,,,no_text,133.5
587,16,auto,1456,320,1919,1038,1845,637,1920,773,0.258,238.5,True,2020,0.694,,rejected,139.7
588,11,auto,1450,323,1919,1040,1648,623,1773,709,0.411,266.3,True,TN03D9766,0.969,TN03D9766,accepted,236.9
588,16,auto,1450,323,1919,1040,1844,678,1920,771,0.355,266.3,True,,,,no_text,35.8
588,16,auto,1450,323,1919,1040,1847,636,1920,772,0.343,266.3,True,,,,no_text,40.4
589,11,auto,1452,322,1919,1041,1651,626,1773,718,0.511,271.8,True,TN03D9766,0.975,TN03D9766,accepted,190.1
589,11,auto,1452,322,1919,1041,1644,621,1778,760,0.444,271.8,True,TN03D9766,0.944,TN03D9766,accepted,193.4
590,11,auto,1455,323,1919,1040,1650,624,1774,714,0.502,264.8,True,TN03D9766,0.974,TN03D9766,accepted,193.3
590,11,auto,1455,323,1919,1040,1643,620,1778,760,0.309,264.8,True,TN03D9766,0.933,TN03D9766,accepted,237.1
590,16,auto,1455,323,1919,1040,1844,666,1920,774,0.255,264.8,True,2020,0.972,,rejected,155.2
591,11,auto,1447,324,1919,1040,1647,623,1768,704,0.538,285.3,True,TN03D9766,0.986,TN03D9766,accepted,285.3
592,11,auto,1446,327,1919,1041,1648,625,1764,703,0.491,264.7,True,TN03D9766,0.954,TN03D9766,accepted,241.3
593,11,auto,1442,324,1919,1041,1647,623,1769,706,0.501,265.0,True,TN03D9766,0.982,TN03D9766,accepted,258.5
594,11,auto,1451,328,1920,1041,1644,624,1775,752,0.633,258.2,True,TN03D9766,0.965,TN03D9766,accepted,291.2
594,16,auto,1451,328,1920,1041,1840,693,1919,780,0.297,258.2,True,2020PG,0.832,,rejected,229.0
595,11,auto,1447,329,1919,1043,1648,629,1765,709,0.395,260.5,True,TN03D9766,0.968,TN03D9766,accepted,187.3
596,11,auto,1442,331,1920,1043,1645,631,1761,707,0.270,374.5,True,TN03D9766,0.983,TN03D9766,accepted,177.5
597,11,auto,1433,332,1919,1043,1637,636,1750,711,0.357,254.4,True,TN03D9766,0.982,TN03D9766,accepted,194.2
598,11,auto,1429,332,1920,1042,1632,634,1746,709,0.339,255.0,True,TN03D9766,0.983,TN03D9766,accepted,238.6
599,11,auto,1431,330,1919,1044,1636,636,1745,707,0.310,254.5,True,TN03D9766,0.975,TN03D9766,accepted,198.9
600,11,auto,1434,333,1920,1042,1630,629,1764,756,0.500,268.3,True,TN03D9766,0.959,TN03D9766,accepted,272.2
602,11,auto,1436,331,1919,1043,1630,631,1763,754,0.464,266.1,True,TN03D9766,0.953,TN03D9766,accepted,273.3
606,11,auto,1418,336,1919,1047,1627,638,1738,717,0.307,269.2,True,TN03D9766,0.968,TN03D9766,accepted,197.7
608,11,auto,1421,336,1919,1044,1619,631,1738,726,0.526,326.5,True,TN03D9766,0.956,TN03D9766,accepted,193.9
609,11,auto,1419,336,1919,1042,1616,635,1736,724,0.537,253.1,True,TN03D9766,0.985,TN03D9766,accepted,196.6
610,11,auto,1418,332,1919,1041,1619,631,1737,720,0.406,274.4,True,TN03D9766,0.986,TN03D9766,accepted,234.3
611,11,auto,1422,332,1920,1042,1619,630,1737,721,0.506,278.0,True,TN03D9766,0.978,TN03D9766,accepted,220.0
612,11,auto,1421,335,1920,1041,1619,633,1737,723,0.615,281.0,True,TN03D9766,0.976,TN03D9766,accepted,218.0
613,11,auto,1418,331,1919,1041,1616,632,1737,738,0.545,281.4,True,TN03D9766,0.949,TN03D9766,accepted,231.2
614,11,auto,1421,335,1920,1040,1615,631,1740,744,0.619,272.6,True,TN70A,0.539,,rejected,234.9
614,11,auto,1421,335,1920,1040,1600,621,1748,759,0.343,272.6,True,976,0.940,,rejected,230.0
615,11,auto,1416,333,1920,1038,1608,627,1737,756,0.597,288.8,True,TN03D976615,0.814,,rejected,305.4
616,11,auto,1416,331,1920,1039,1603,627,1735,756,0.657,278.2,True,TN03D9766,0.953,TN03D9766,accepted,265.7
617,11,auto,1416,333,1920,1039,1604,627,1734,754,0.657,272.3,True,TN03D9766,0.980,TN03D9766,accepted,271.7
618,11,auto,1413,334,1920,1041,1613,632,1734,714,0.561,258.3,True,TN03D9766,0.976,TN03D9766,accepted,185.8
618,11,auto,1413,334,1920,1041,1607,626,1736,742,0.410,258.3,True,TN766,0.529,,rejected,164.8
619,11,auto,1414,332,1920,1040,1610,631,1731,719,0.594,281.5,True,TN03D9766,0.981,TN03D9766,accepted,193.4
619,11,auto,1414,332,1920,1040,1603,626,1733,750,0.572,281.5,True,TN03D9766,0.916,TN03D9766,accepted,200.7
620,11,auto,1412,335,1920,1042,1611,632,1722,712,0.575,258.7,True,TN03D9766,0.983,TN03D9766,accepted,188.5
621,11,auto,1405,334,1919,1042,1605,632,1722,715,0.573,415.8,True,TN03D9766,0.987,TN03D9766,accepted,219.0
622,11,auto,1409,335,1920,1043,1606,635,1719,714,0.506,420.1,True,TN03D9766,0.976,TN03D9766,accepted,211.7
623,11,auto,1408,336,1920,1044,1608,637,1713,711,0.376,265.6,True,TN03D9766,0.976,TN03D9766,accepted,187.0
624,11,auto,1410,334,1920,1042,1610,633,1720,711,0.559,267.5,True,TN03D9766,0.979,TN03D9766,accepted,194.1
625,11,auto,1412,336,1920,1044,1610,635,1726,717,0.552,252.6,True,TN03D9766,0.978,TN03D9766,accepted,187.9
626,11,auto,1410,334,1920,1039,1610,632,1721,709,0.498,246.3,True,TN03D9766,0.985,TN03D9766,accepted,192.2
627,11,auto,1413,337,1920,1042,1611,634,1720,712,0.580,237.4,True,TN03D9766,0.990,TN03D9766,accepted,201.8
628,11,auto,1413,335,1920,1043,1610,633,1724,716,0.534,274.1,True,TN03D9766,0.978,TN03D9766,accepted,181.6
629,11,auto,1413,337,1920,1045,1609,632,1731,731,0.485,256.2,True,TN03D9766,0.980,TN03D9766,accepted,186.7
630,11,auto,1408,336,1920,1044,1611,637,1720,715,0.519,262.4,True,TN03D9766,0.980,TN03D9766,accepted,194.8
631,11,auto,1413,338,1920,1044,1611,632,1733,728,0.467,252.8,True,TN03D9766,0.984,TN03D9766,accepted,217.9
632,11,auto,1411,337,1920,1045,1614,635,1729,725,0.317,250.3,True,,,,no_text,150.4
633,11,auto,1411,337,1920,1045,1611,634,1723,715,0.566,248.9,True,TN03D9766,0.969,TN03D9766,accepted,195.5
634,11,auto,1409,338,1920,1049,1609,643,1720,718,0.461,262.4,True,TN03D9766,0.980,TN03D9766,accepted,262.9
636,11,auto,1413,337,1920,1047,1613,635,1731,728,0.288,267.2,True,TN03D9766,0.981,TN03D9766,accepted,174.7
637,11,auto,1409,337,1920,1047,1610,638,1726,717,0.399,232.2,True,TN03D9766,0.969,TN03D9766,accepted,182.9
638,11,auto,1409,339,1920,1047,1611,639,1723,715,0.366,271.5,True,TN03D9766,0.986,TN03D9766,accepted,195.9
639,11,auto,1410,338,1920,1045,1610,636,1728,720,0.296,243.6,True,TN03D9766,0.978,TN03D9766,accepted,190.0
640,11,auto,1413,337,1920,1045,1610,630,1733,735,0.367,255.4,True,TN03D9766,0.969,TN03D9766,accepted,229.4
642,11,auto,1413,339,1920,1045,1613,636,1731,732,0.293,226.7,True,TN03D9766,0.945,TN03D9766,accepted,182.7
644,11,auto,1414,340,1920,1052,1612,645,1722,722,0.467,248.9,True,TN03D9766,0.976,TN03D9766,accepted,232.5
645,11,auto,1414,339,1920,1049,1616,639,1725,722,0.289,253.3,True,TN03D9766,0.988,TN03D9766,accepted,186.0
646,11,auto,1412,341,1920,1052,1611,642,1724,731,0.414,236.1,True,TN03D9766,0.988,TN03D9766,accepted,191.1
647,11,auto,1413,343,1920,1056,1612,650,1717,720,0.278,249.0,True,TN03D9766,0.975,TN03D9766,accepted,233.8
649,11,auto,1412,341,1920,1053,1612,650,1715,717,0.343,225.7,True,TN03D9766,0.989,TN03D9766,accepted,236.8
652,11,auto,1413,341,1920,1052,1611,642,1722,727,0.298,287.7,True,TN03D9766,0.979,TN03D9766,accepted,190.7
656,11,auto,1415,342,1920,1052,1613,649,1719,719,0.285,232.7,True,TN03D9766,0.988,TN03D9766,accepted,247.1
658,11,auto,1415,341,1920,1054,1616,642,1726,725,0.544,257.3,True,TN03D9766,0.978,TN03D9766,accepted,233.2
659,11,auto,1415,342,1920,1054,1616,642,1727,724,0.435,254.4,True,TN03D9766,0.978,TN03D9766,accepted,244.4
660,11,auto,1414,341,1920,1055,1616,641,1726,722,0.481,274.8,True,TN03D9766,0.971,TN03D9766,accepted,194.9
662,11,auto,1415,342,1920,1056,1615,640,1726,723,0.494,244.1,True,TN03D9766,0.962,TN03D9766,accepted,180.6
663,11,auto,1415,341,1920,1056,1616,642,1726,724,0.524,238.7,True,TN03D9766,0.984,TN03D9766,accepted,187.8
664,11,auto,1414,342,1920,1056,1613,642,1730,725,0.467,248.1,True,TN03D9766,0.975,TN03D9766,accepted,210.9
666,11,auto,1413,341,1920,1056,1616,643,1725,726,0.293,242.2,True,,,,no_text,42.3
667,11,auto,1416,342,1920,1057,1616,641,1731,727,0.512,240.5,True,TN03D9766,0.981,TN03D9766,accepted,205.6
668,11,auto,1415,341,1920,1056,1616,641,1733,727,0.540,249.7,True,TN03D9766,0.987,TN03D9766,accepted,187.1
669,11,auto,1415,341,1920,1053,1616,639,1733,729,0.504,243.0,True,TN03D9766,0.973,TN03D9766,accepted,191.5
670,11,auto,1416,343,1920,1058,1614,644,1723,727,0.421,276.7,True,TN03D9766,0.974,TN03D9766,accepted,174.3
671,11,auto,1413,342,1920,1055,1613,645,1721,725,0.312,259.3,True,TN03D9766,0.967,TN03D9766,accepted,193.1
672,11,auto,1412,344,1920,1061,1615,648,1720,728,0.662,249.4,True,TN03D9766,0.981,TN03D9766,accepted,183.9
673,11,auto,1411,344,1920,1061,1615,648,1722,729,0.569,224.8,True,TN03D9766,0.985,TN03D9766,accepted,239.8
674,11,auto,1413,345,1920,1062,1616,647,1726,728,0.712,256.8,True,TN03D9766,0.967,TN03D9766,accepted,232.6
675,11,auto,1415,345,1920,1061,1617,649,1727,729,0.638,251.0,True,TN03D9766,0.984,TN03D9766,accepted,199.8
676,11,auto,1415,344,1920,1061,1616,647,1728,732,0.667,276.3,True,TN03D9766,0.982,TN03D9766,accepted,173.8
677,11,auto,1416,344,1920,1064,1615,645,1729,734,0.705,246.5,True,TN03D9766,0.978,TN03D9766,accepted,197.1
678,11,auto,1411,347,1920,1063,1615,650,1720,729,0.560,252.7,True,TN03D9766,0.987,TN03D9766,accepted,229.0
679,11,auto,1408,348,1920,1066,1613,648,1728,737,0.624,231.6,True,TN03D9766,0.982,TN03D9766,accepted,183.6
680,11,auto,1408,347,1920,1064,1615,645,1729,737,0.650,233.8,True,TN03D9766,0.978,TN03D9766,accepted,177.1
681,11,auto,1408,348,1920,1065,1610,651,1726,738,0.651,225.0,True,,,,no_text,141.1
682,11,auto,1414,348,1920,1065,1615,646,1732,745,0.605,242.0,True,TN03D9766,0.979,TN03D9766,accepted,174.7
683,11,auto,1415,345,1920,1064,1617,650,1727,729,0.661,231.5,True,TN03D9766,0.985,TN03D9766,accepted,235.7
684,11,auto,1411,348,1920,1067,1615,645,1731,743,0.688,258.9,True,TN03D9766,0.978,TN03D9766,accepted,179.6
685,11,auto,1411,349,1920,1066,1616,645,1735,746,0.696,234.6,True,TN03D9766,0.981,TN03D9766,accepted,194.4
686,11,auto,1412,345,1920,1063,1615,644,1730,733,0.672,234.0,True,TN03D9766,0.984,TN03D9766,accepted,178.9
687,11,auto,1416,345,1920,1062,1615,647,1728,731,0.645,229.7,True,TN03D9766,0.975,TN03D9766,accepted,182.9
688,11,auto,1412,341,1920,1058,1616,644,1725,725,0.452,231.3,True,TN03D9766,0.975,TN03D9766,accepted,180.5
689,11,auto,1417,341,1920,1052,1615,641,1732,735,0.511,226.6,True,TN03D9766,0.972,TN03D9766,accepted,185.6
690,11,auto,1412,335,1920,1047,1616,637,1725,722,0.392,231.2,True,,,,no_text,144.3
691,11,auto,1406,336,1920,1045,1613,634,1731,723,0.488,231.4,True,TN03D9766,0.958,TN03D9766,accepted,185.2
692,11,auto,1406,336,1920,1046,1609,633,1726,726,0.525,241.7,True,TN03D9766,0.982,TN03D9766,accepted,180.1
693,11,auto,1410,332,1920,1041,1612,630,1735,721,0.526,240.6,True,TN03D9766,0.979,TN03D9766,accepted,199.7
693,11,auto,1410,332,1920,1041,1608,623,1738,749,0.482,240.6,True,,,,no_text,186.0
694,11,auto,1415,328,1920,1039,1610,628,1739,719,0.600,242.4,True,TN03D9766,0.978,TN03D9766,accepted,193.5
694,11,auto,1415,328,1920,1039,1608,622,1743,759,0.293,242.4,True,TN03D9766LP,0.915,,rejected,278.6
695,11,auto,1416,326,1920,1039,1610,627,1736,715,0.564,240.7,True,TN03D9766,0.984,TN03D9766,accepted,184.0
696,11,auto,1414,327,1920,1039,1608,627,1731,715,0.647,252.2,True,TN03D9766,0.984,TN03D9766,accepted,240.8
696,11,auto,1414,327,1920,1039,1603,620,1734,753,0.415,252.2,True,N03D9766,0.956,NL3D9766,accepted,236.9
697,11,auto,1415,324,1920,1037,1613,623,1736,720,0.582,227.3,True,TN03D9766,0.977,TN03D9766,accepted,186.9
697,11,auto,1415,324,1920,1037,1610,620,1742,754,0.368,227.3,True,,,,no_text,146.4
699,11,auto,1416,325,1920,1039,1609,625,1736,723,0.613,247.9,True,TN03D9766,0.960,TN03D9766,accepted,203.9
699,11,auto,1416,325,1920,1039,1605,621,1741,756,0.449,247.9,True,TN03D9766,0.977,TN03D9766,accepted,230.8
700,11,auto,1417,328,1920,1038,1611,626,1733,725,0.600,236.1,True,TN03D9766A,0.843,,rejected,221.1
700,11,auto,1417,328,1920,1038,1604,621,1737,758,0.427,236.1,True,TN03D9766LPO,0.817,,rejected,285.4
701,11,auto,1407,323,1920,1036,1607,624,1724,704,0.617,219.8,True,LETN03D9766,0.846,,rejected,272.1
702,11,auto,1407,325,1920,1038,1605,628,1728,717,0.465,223.7,True,TN03D9766,0.970,TN03D9766,accepted,185.2
703,11,auto,1408,324,1920,1037,1605,626,1732,737,0.495,261.1,True,TN03D9766,0.958,TN03D9766,accepted,290.1
703,11,auto,1408,324,1920,1037,1595,612,1742,754,0.290,261.1,True,TN03D9766,0.916,TN03D9766,accepted,237.2
704,11,auto,1406,325,1920,1038,1597,620,1733,756,0.347,244.0,True,TN0309766L,0.819,,rejected,260.2
704,11,auto,1406,325,1920,1038,1608,624,1734,720,0.307,244.0,True,TN03D9766,0.979,TN03D9766,accepted,180.7
705,11,auto,1408,323,1920,1038,1605,626,1725,710,0.648,228.5,True,TN03D9766,0.978,TN03D9766,accepted,186.6
706,11,auto,1411,326,1920,1039,1607,625,1726,710,0.560,243.3,True,TN03D9766,0.987,TN03D9766,accepted,196.9
707,11,auto,1415,327,1920,1039,1607,627,1732,716,0.541,233.5,True,TN03D9766,0.976,TN03D9766,accepted,255.7
707,11,auto,1415,327,1920,1039,1603,619,1735,756,0.268,233.5,True,TN0309766LP,0.920,,rejected,266.4
708,11,auto,1408,326,1920,1038,1607,626,1728,716,0.522,258.0,True,TN03D9766,0.971,TN03D9766,accepted,187.2
708,11,auto,1408,326,1920,1038,1599,622,1731,756,0.375,258.0,True,TN03D9766,0.953,TN03D9766,accepted,189.3
709,11,auto,1412,327,1920,1039,1607,627,1723,706,0.578,252.3,True,TN03D9766,0.970,TN03D9766,accepted,182.3
710,11,auto,1405,326,1920,1039,1606,627,1726,710,0.642,230.4,True,TN03D9766,0.986,TN03D9766,accepted,225.6
710,11,auto,1405,326,1920,1039,1600,620,1731,750,0.269,230.4,True,TN03D9766,0.950,TN03D9766,accepted,225.2
711,11,auto,1412,327,1920,1039,1606,626,1727,710,0.645,229.9,True,TN03D9766,0.991,TN03D9766,accepted,187.0
711,11,auto,1412,327,1920,1039,1601,619,1732,752,0.270,229.9,True,TN03D9766,0.955,TN03D9766,accepted,221.7
712,11,auto,1412,327,1920,1038,1605,627,1728,714,0.580,229.1,True,TN03D9766,0.987,TN03D9766,accepted,247.3
712,11,auto,1412,327,1920,1038,1600,620,1732,755,0.259,229.1,True,,,,no_text,243.8
713,11,auto,1407,326,1920,1038,1606,627,1726,712,0.556,232.9,True,TN03D9766,0.974,TN03D9766,accepted,213.1
714,11,auto,1413,326,1920,1037,1606,627,1727,711,0.677,279.4,True,TN03D9766,0.985,TN03D9766,accepted,190.9
714,11,auto,1413,326,1920,1037,1601,622,1730,753,0.322,279.4,True,TN03D9766,0.982,TN03D9766,accepted,258.9
715,11,auto,1413,327,1920,1037,1608,627,1726,709,0.690,249.3,True,TN03D9766,0.973,TN03D9766,accepted,190.0
715,11,auto,1413,327,1920,1037,1603,622,1730,754,0.318,249.3,True,TN03D9766,0.933,TN03D9766,accepted,232.1
716,11,auto,1413,325,1920,1037,1606,626,1729,719,0.659,258.2,True,TN03D9766,0.980,TN03D9766,accepted,226.6
716,11,auto,1413,325,1920,1037,1601,621,1731,755,0.400,258.2,True,TN03D9766,0.957,TN03D9766,accepted,221.8
717,11,auto,1414,323,1920,1037,1608,625,1725,708,0.635,251.2,True,TN03D9766,0.990,TN03D9766,accepted,179.1
718,11,auto,1414,324,1920,1038,1607,628,1727,711,0.681,254.8,True,TN03D9766,0.977,TN03D9766,accepted,192.8
718,11,auto,1414,324,1920,1038,1602,623,1730,755,0.320,254.8,True,TN03D9766,0.933,TN03D9766,accepted,301.0
719,11,auto,1411,323,1920,1037,1608,625,1723,704,0.624,244.0,True,TN03D9766,0.987,TN03D9766,accepted,242.8
720,11,auto,1414,324,1920,1036,1608,625,1725,707,0.632,250.0,True,TN03D9766,0.984,TN03D9766,accepted,233.5
721,11,auto,1415,324,1920,1036,1609,626,1723,704,0.587,262.0,True,TN03D9766,0.972,TN03D9766,accepted,266.9
722,11,auto,1414,325,1920,1035,1606,625,1729,719,0.449,237.5,True,TN03D9766,0.959,TN03D9766,accepted,184.4
723,11,auto,1415,323,1920,1036,1609,625,1724,709,0.576,257.7,True,TN03D9766,0.986,TN03D9766,accepted,189.0
724,11,auto,1416,325,1920,1036,1609,626,1724,705,0.606,256.7,True,TN03D9766,0.987,TN03D9766,accepted,180.7
725,11,auto,1415,324,1920,1035,1610,625,1733,708,0.462,254.7,True,TN03D9766,0.985,TN03D9766,accepted,174.6
725,11,auto,1415,324,1920,1035,1599,622,1732,751,0.254,254.7,True,TN03D9766,0.967,TN03D9766,accepted,284.5
726,11,auto,1412,324,1920,1035,1609,627,1725,703,0.465,374.7,True,TN03D9766,0.986,TN03D9766,accepted,188.5
727,11,auto,1415,324,1920,1035,1610,623,1726,702,0.550,259.4,True,TN03D9766,0.986,TN03D9766,accepted,174.5
728,11,auto,1415,323,1920,1035,1610,626,1723,705,0.521,251.6,True,TN03D9766,0.969,TN03D9766,accepted,251.8
729,11,auto,1413,323,1920,1034,1611,623,1729,699,0.542,348.1,True,TN03D9766,0.985,TN03D9766,accepted,292.2
730,11,auto,1413,323,1920,1035,1609,625,1723,699,0.552,354.1,True,TN03D9766,0.985,TN03D9766,accepted,237.2
731,11,auto,1414,322,1920,1034,1610,625,1722,699,0.494,263.4,True,TN03D9766,0.983,TN03D9766,accepted,227.2
732,11,auto,1414,321,1920,1034,1610,625,1722,699,0.429,394.5,True,TN03D9766,0.981,TN03D9766,accepted,251.5
733,11,auto,1414,322,1920,1034,1610,628,1722,698,0.411,281.5,True,TN03D9766,0.983,TN03D9766,accepted,245.1
734,11,auto,1414,319,1920,1031,1610,626,1720,693,0.462,346.8,True,TN03D9766,0.984,TN03D9766,accepted,188.2
736,11,auto,1415,321,1920,1031,1610,625,1722,694,0.502,384.4,True,TN03D9766,0.973,TN03D9766,accepted,181.0
737,11,auto,1415,321,1920,1032,1611,625,1721,695,0.414,355.9,True,TN03D9766,0.978,TN03D9766,accepted,179.5
738,11,auto,1416,323,1920,1034,1611,625,1722,699,0.376,374.9,True,TN03D9766,0.979,TN03D9766,accepted,251.7
739,11,auto,1415,323,1920,1033,1611,625,1723,698,0.290,246.9,True,TN03D9766,0.982,TN03D9766,accepted,181.4
741,11,auto,1414,321,1920,1032,1611,627,1719,696,0.335,272.4,True,TN03D9766,0.988,TN03D9766,accepted,260.7
742,11,auto,1415,319,1920,1031,1611,626,1717,694,0.589,406.1,True,TN03D9766,0.986,TN03D9766,accepted,234.1
743,11,auto,1414,320,1920,1032,1611,627,1716,695,0.538,274.5,True,TN03D9766,0.984,TN03D9766,accepted,219.1
744,11,auto,1415,323,1920,1032,1611,627,1722,697,0.284,378.0,True,TN03D9766,0.983,TN03D9766,accepted,203.6
745,11,auto,1415,321,1920,1033,1611,625,1724,696,0.538,383.0,True,TN03D9766,0.982,TN03D9766,accepted,167.0
747,11,auto,1413,319,1920,1031,1610,627,1717,695,0.309,374.4,True,TN03D9766,0.976,TN03D9766,accepted,218.0
748,11,auto,1415,321,1920,1031,1610,626,1719,695,0.415,434.3,True,TN03D9766,0.987,TN03D9766,accepted,290.0
749,11,auto,1415,321,1920,1031,1610,626,1716,693,0.529,390.9,True,TN03D9766,0.984,TN03D9766,accepted,201.5
750,11,auto,1414,321,1920,1031,1611,626,1719,695,0.458,360.0,True,TN03D9766,0.985,TN03D9766,accepted,176.8
751,11,auto,1416,320,1920,1031,1611,627,1717,691,0.481,411.9,True,TN03D9766,0.990,TN03D9766,accepted,218.7
752,11,auto,1417,322,1920,1032,1611,626,1721,694,0.456,406.1,True,TN03D9766,0.983,TN03D9766,accepted,261.5
753,11,auto,1415,320,1920,1031,1609,626,1719,696,0.366,381.4,True,TN03D9766,0.984,TN03D9766,accepted,224.6
754,11,auto,1416,319,1920,1031,1610,626,1716,693,0.538,438.6,True,TN03D9766,0.983,TN03D9766,accepted,322.0
755,11,auto,1415,320,1920,1031,1608,626,1721,701,0.339,456.3,True,TN03D9766,0.974,TN03D9766,accepted,314.4
756,11,auto,1415,322,1920,1032,1608,626,1719,700,0.337,370.7,True,TN03D9766,0.988,TN03D9766,accepted,201.2
757,11,auto,1415,320,1920,1031,1609,626,1720,699,0.358,371.1,True,TN03D9766,0.978,TN03D9766,accepted,205.2
758,11,auto,1416,321,1920,1032,1610,627,1719,697,0.264,398.8,True,TN03D9766,0.981,TN03D9766,accepted,203.6
760,11,auto,1415,320,1920,1031,1611,627,1718,693,0.438,420.3,True,TN03D9766,0.985,TN03D9766,accepted,422.5
761,11,auto,1415,320,1920,1029,1609,626,1717,694,0.396,599.4,True,TN03D9766,0.950,TN03D9766,accepted,485.1
762,11,auto,1416,320,1920,1032,1611,627,1720,694,0.325,332.7,True,TN03D9766,0.980,TN03D9766,accepted,240.1
763,11,auto,1420,323,1920,1034,1611,626,1722,698,0.328,275.8,True,TN03D9766,0.971,TN03D9766,accepted,255.7
764,11,auto,1419,321,1920,1032,1611,628,1720,695,0.367,447.9,True,TN03D9766,0.985,TN03D9766,accepted,264.8
765,11,auto,1419,321,1920,1033,1611,627,1721,695,0.462,314.3,True,TN03D9766,0.985,TN03D9766,accepted,272.5
766,11,auto,1418,323,1920,1033,1610,627,1723,697,0.269,375.3,True,TN03D9766,0.983,TN03D9766,accepted,192.3
767,11,auto,1419,323,1920,1033,1611,628,1721,697,0.252,377.2,True,TN03D9766,0.983,TN03D9766,accepted,312.4
769,11,auto,1419,319,1920,1029,1613,624,1723,692,0.357,374.4,True,TN03D9766,0.974,TN03D9766,accepted,182.8
770,11,auto,1419,320,1920,1030,1613,625,1722,693,0.431,262.5,True,TN03D9766,0.979,TN03D9766,accepted,195.3
771,11,auto,1420,319,1920,1028,1614,625,1720,692,0.329,400.9,True,TN03D9766,0.982,TN03D9766,accepted,253.3
772,11,auto,1420,320,1920,1029,1614,623,1724,692,0.486,474.6,True,TN03D9766,0.973,TN03D9766,accepted,547.3
773,11,auto,1420,317,1920,1027,1612,620,1721,687,0.366,740.8,True,TN03D9766,0.976,TN03D9766,accepted,350.3
773,17,auto,1420,317,1920,1027,1689,803,1809,868,0.293,740.8,True,,,,no_text,45.6
774,11,auto,1419,317,1920,1028,1613,619,1722,688,0.401,571.5,True,TN03D9766,0.977,TN03D9766,accepted,503.4
775,11,auto,1422,315,1920,1024,1612,615,1728,693,0.549,862.3,True,TN03D9766,0.989,TN03D9766,accepted,688.0
776,11,auto,1421,315,1920,1022,1613,613,1723,692,0.509,351.7,True,TN03D9766,0.983,TN03D9766,accepted,448.4
777,11,auto,1420,313,1919,1022,1615,614,1723,695,0.489,531.4,True,TN03D9766,0.979,TN03D9766,accepted,257.0
778,11,auto,1422,315,1920,1021,1616,613,1722,690,0.553,461.1,True,TN03D9766,0.983,TN03D9766,accepted,187.4
779,11,auto,1422,314,1920,1022,1616,613,1724,695,0.525,351.8,True,69703,0.546,,rejected,183.1
780,11,auto,1421,312,1919,1022,1614,613,1721,690,0.541,255.9,True,TN03D9766,0.987,TN03D9766,accepted,190.5
781,11,auto,1423,311,1919,1018,1613,608,1731,696,0.705,344.9,True,DN7033,0.525,,rejected,127.0
782,11,auto,1423,311,1919,1018,1615,608,1728,690,0.607,344.8,True,TN03D9766,0.978,TN03D9766,accepted,181.2
783,11,auto,1421,307,1919,1018,1614,613,1727,686,0.596,345.6,True,TN03D9766,0.979,TN03D9766,accepted,189.0
784,11,auto,1423,306,1918,1017,1617,608,1729,686,0.676,347.6,True,TN03D9766,0.973,TN03D9766,accepted,237.1
785,11,auto,1425,305,1919,1015,1614,606,1732,709,0.735,385.3,True,TN03D9766,0.975,TN03D9766,accepted,203.0
786,11,auto,1425,304,1919,1014,1614,606,1731,707,0.702,390.5,True,TN03D9766,0.969,TN03D9766,accepted,205.4
787,11,auto,1426,307,1919,1014,1615,607,1731,701,0.726,384.1,True,TN03D9766,0.982,TN03D9766,accepted,244.3
788,11,auto,1425,306,1917,1015,1613,605,1734,716,0.682,356.1,True,TN03D9766,0.967,TN03D9766,accepted,165.6
789,11,auto,1426,306,1917,1017,1614,611,1732,700,0.644,361.9,True,TN03D9766,0.989,TN03D9766,accepted,185.5
790,11,auto,1425,306,1918,1017,1617,612,1729,689,0.481,385.7,True,TN03D9766,0.981,TN03D9766,accepted,215.4
791,11,auto,1425,304,1918,1015,1618,610,1730,684,0.641,368.0,True,TN03D9766,0.976,TN03D9766,accepted,186.2
791,18,motorcycle,990,419,1137,647,1009,455,1094,494,0.255,368.0,True,,,,no_text,49.1
792,11,auto,1425,304,1917,1015,1618,610,1730,685,0.623,399.4,True,TN03D9766,0.988,TN03D9766,accepted,285.5
792,18,motorcycle,983,415,1130,657,1011,446,1068,477,0.310,399.4,True,,,,no_text,53.6
793,11,auto,1426,305,1918,1016,1621,611,1733,685,0.423,348.7,True,TN03D9766,0.984,TN03D9766,accepted,228.4
793,18,motorcycle,968,418,1118,665,997,469,1067,500,0.255,348.7,True,,,,no_text,58.1
794,11,auto,1429,304,1918,1015,1623,611,1734,687,0.537,267.3,True,TN03D9766,0.987,TN03D9766,accepted,221.7
794,18,motorcycle,956,424,1117,677,976,465,1061,505,0.261,267.3,True,,,,no_text,51.4
795,11,auto,1429,301,1918,1012,1625,607,1731,684,0.482,250.9,True,TN03D9766,0.983,TN03D9766,accepted,218.9
795,18,motorcycle,942,415,1111,687,973,471,1045,502,0.325,250.9,True,,,,no_text,57.4
795,18,motorcycle,942,415,1111,687,968,465,1053,505,0.309,250.9,True,,,,no_text,70.7
796,11,auto,1432,298,1917,1010,1627,605,1731,678,0.710,280.3,True,TN03D9766,0.974,TN03D9766,accepted,228.6
796,18,motorcycle,910,335,1094,711,930,486,1020,518,0.522,280.3,True,,,,no_text,67.2
796,18,motorcycle,910,335,1094,711,928,595,987,625,0.279,280.3,True,,,,no_text,59.4
796,18,motorcycle,910,335,1094,711,930,603,988,631,0.266,280.3,True,,,,no_text,58.2
797,11,auto,1433,298,1916,1010,1629,604,1736,683,0.506,261.5,True,TN03D9766,0.983,TN03D9766,accepted,266.1
797,18,motorcycle,890,411,1083,727,910,490,1003,522,0.444,261.5,True,,,,no_text,152.8
798,11,auto,1433,296,1917,1010,1631,603,1738,701,0.453,357.2,True,TN03D9766,0.974,TN03D9766,accepted,231.6
798,19,motorcycle,778,433,1032,815,815,519,911,557,0.340,357.2,True,,,,no_text,162.0
799,19,motorcycle,742,435,1018,840,778,532,885,566,0.631,277.1,True,238858,0.740,,rejected,187.1
799,11,auto,1432,297,1918,1011,1636,605,1736,676,0.313,277.1,True,TN03D9766,0.986,TN03D9766,accepted,295.3
800,19,motorcycle,704,448,997,876,741,544,850,578,0.611,606.7,True,23C82658,0.524,,rejected,266.3
800,11,auto,1432,297,1918,1011,1636,605,1737,674,0.349,606.7,True,TN03D9766,0.989,TN03D9766,accepted,249.7
800,20,motorcycle,1061,395,1221,637,1104,534,1156,569,0.270,606.7,True,,,,no_text,46.8
801,19,motorcycle,667,438,981,908,713,555,817,596,0.614,268.8,True,ZE858,0.508,,rejected,166.3
801,11,auto,1434,297,1918,1011,1636,605,1739,676,0.488,268.8,True,TN03D9766,0.983,TN03D9766,accepted,269.1
801,20,motorcycle,1055,390,1221,644,1093,540,1150,575,0.325,268.8,True,,,,no_text,52.8
801,20,truck,1048,265,1250,474,1098,459,1168,486,0.264,268.8,True,,,,no_text,45.8
802,20,motorcycle,1029,390,1208,666,1057,471,1137,502,0.489,350.0,True,,,,no_text,49.9
802,19,motorcycle,561,461,926,996,609,584,723,627,0.440,350.0,True,,,,no_text,140.0
802,11,auto,1435,297,1918,1008,1633,603,1737,669,0.436,350.0,True,TN03D9766,0.981,TN03D9766,accepted,261.3
803,19,auto,180,279,670,749,544,603,671,650,0.538,369.6,True,28,0.500,,rejected,164.0
803,11,auto,1435,299,1919,1012,1634,604,1738,672,0.452,369.6,True,TN03D9766,0.986,TN03D9766,accepted,193.4
803,20,motorcycle,1015,393,1203,676,1045,475,1132,511,0.401,369.6,True,,,,no_text,48.5
804,20,motorcycle,1002,390,1198,688,1030,480,1121,513,0.503,351.9,True,,,,no_text,79.4
804,19,auto,86,277,628,772,477,630,604,672,0.454,351.9,True,222,0.505,,rejected,169.3
804,11,auto,1438,295,1918,1009,1636,602,1740,672,0.346,351.9,True,TN03D9766,0.980,TN03D9766,accepted,244.5
805,20,motorcycle,963,395,1178,717,999,484,1088,523,0.683,355.4,True,,,,no_text,57.5
805,20,motorcycle,963,395,1178,717,1006,589,1067,628,0.459,355.4,True,,,,no_text,42.9
805,11,auto,1439,299,1919,1013,1636,603,1739,670,0.409,355.4,True,TN03D9766,0.986,TN03D9766,accepted,263.4
806,20,motorcycle,945,391,1168,736,981,490,1079,523,0.648,409.7,True,,,,no_text,66.0
806,11,auto,1437,296,1918,1008,1635,603,1739,671,0.418,409.7,True,TN03D9766,0.979,TN03D9766,accepted,197.2
806,20,motorcycle,945,391,1168,736,990,592,1048,637,0.274,409.7,True,,,,no_text,42.2
807,20,motorcycle,917,395,1156,749,961,497,1056,533,0.622,259.8,True,,,,no_text,52.8
807,11,auto,1437,298,1919,1011,1635,604,1739,669,0.351,259.8,True,TN03D9766,0.988,TN03D9766,accepted,268.1
807,20,motorcycle,917,395,1156,749,979,572,1038,605,0.316,259.8,True,,,,no_text,45.1
808,20,motorcycle,904,403,1142,769,934,506,1033,541,0.652,290.8,True,,,,no_text,80.9
808,11,auto,1441,299,1919,1011,1637,603,1740,669,0.388,290.8,True,TN03D9766,0.986,TN03D9766,accepted,221.9
809,21,motorcycle,844,429,1113,824,881,515,986,555,0.502,381.8,True,,,,no_text,72.2
809,11,auto,1437,295,1919,1007,1636,603,1738,664,0.483,381.8,True,TN03D9766,0.988,TN03D9766,accepted,268.9
810,21,motorcycle,818,418,1100,850,854,533,959,573,0.715,230.4,True,,,,no_text,327.6
810,11,auto,1441,296,1919,1007,1635,598,1739,666,0.506,230.4,True,TN03D9766,0.976,TN03D9766,accepted,229.2
811,21,motorcycle,768,437,1077,884,817,538,930,581,0.720,283.3,True,,,,no_text,92.0
811,11,auto,1440,295,1918,1007,1637,598,1740,670,0.639,283.3,True,DTN03D9766,0.883,TN03D9766,accepted,235.1
811,22,auto,1440,295,1918,1007,1708,775,1840,846,0.256,283.3,True,,,,no_text,102.3
812,21,motorcycle,723,437,1060,922,771,556,889,600,0.716,384.9,True,,,,no_text,279.4
812,11,auto,1439,292,1918,1004,1636,598,1739,668,0.494,384.9,True,TN03D9766,0.978,TN03D9766,accepted,269.7
813,21,motorcycle,671,447,1031,967,716,573,848,620,0.589,245.5,True,,,,no_text,283.8
813,11,auto,1439,293,1918,1003,1635,598,1738,671,0.451,245.5,True,TN03D9766,0.982,TN03D9766,accepted,208.9
813,22,auto,1439,293,1918,1003,1704,771,1839,846,0.324,245.5,True,,,,no_text,52.1
814,11,auto,1445,292,1918,1004,1639,599,1742,667,0.629,251.7,True,TN03D9766,0.984,TN03D9766,accepted,227.9
814,23,bus,920,226,1201,501,992,446,1057,471,0.566,251.7,True,DA4115,0.551,,rejected,167.5
814,21,motorcycle,535,493,980,1074,605,625,743,664,0.561,251.7,True,,,,no_text,485.0
814,21,motorcycle,535,493,980,1074,593,611,742,662,0.454,251.7,True,,,,no_text,201.8
814,22,auto,1445,292,1918,1004,1719,776,1839,846,0.262,251.7,True,,,,no_text,56.8
815,23,bus,924,222,1198,505,978,447,1052,473,0.586,255.0,True,,,,no_text,174.1
815,21,motorcycle,450,488,952,1078,514,642,672,699,0.435,255.0,True,,,,no_text,301.6
815,22,auto,1444,290,1918,1004,1722,779,1839,845,0.368,255.0,True,,,,no_text,66.4
815,11,auto,1444,290,1918,1004,1639,597,1744,668,0.367,255.0,True,TN03D9766,0.975,TN03D9766,accepted,335.3
816,23,bus,886,218,1195,513,962,451,1036,478,0.619,253.2,True,,,,no_text,186.9
816,11,auto,1442,291,1918,1004,1641,597,1748,666,0.536,253.2,True,TN03D9766,0.979,TN03D9766,accepted,226.4
816,22,auto,1442,291,1918,1004,1739,794,1841,845,0.273,253.2,True,,,,no_text,60.5
817,11,auto,1445,291,1918,1004,1640,597,1749,672,0.626,255.9,True,TN03D9766,0.990,TN03D9766,accepted,248.0
817,23,bus,872,217,1189,518,956,453,1026,482,0.527,255.9,True,TZA4115,0.646,,rejected,159.2
818,23,bus,848,211,1178,523,938,458,1008,484,0.630,259.2,True,TNZ3A4115,0.562,MZ3A4115,accepted,179.7
818,11,auto,1445,290,1918,1003,1642,594,1756,679,0.417,259.2,True,,,,no_text,170.4
819,23,bus,840,205,1176,525,925,461,1002,487,0.698,240.2,True,,,,no_text,191.5
819,11,auto,1448,294,1919,1005,1645,596,1754,676,0.501,240.2,True,,,,no_text,153.7
820,23,bus,820,201,1171,528,906,461,990,490,0.652,238.0,True,TN23AP4113,0.707,TN23AP4113,accepted,171.8
820,11,auto,1448,293,1919,1006,1646,596,1754,672,0.371,238.0,True,TN03D9766,0.988,TN03D9766,accepted,205.7
821,23,bus,807,197,1163,532,898,463,979,490,0.661,253.6,True,TN23AP4115,0.857,TN23AP4115,accepted,173.7
822,23,bus,776,189,1154,546,873,470,947,501,0.644,239.2,True,TN23AP4115,0.857,TN23AP4115,accepted,171.6
822,22,auto,1452,293,1919,1003,1831,686,1919,758,0.391,239.2,True,LPG,0.990,,rejected,247.1
823,23,bus,760,182,1154,548,856,470,932,502,0.564,238.5,True,TN23AP4115,0.795,TN23AP4115,accepted,159.7
823,22,auto,1451,292,1919,1004,1832,689,1919,754,0.376,238.5,True,LPG,0.961,,rejected,159.8
823,11,auto,1451,292,1919,1004,1647,592,1757,679,0.322,238.5,True,TN03D9766,0.977,TN03D9766,accepted,216.8
824,23,bus,741,180,1149,551,843,476,915,505,0.503,308.3,True,TNZ3AP4115,0.816,MZ3AP4115,accepted,177.7
824,11,auto,1452,292,1919,1003,1648,593,1757,673,0.355,308.3,True,TN03D9766,0.965,TN03D9766,accepted,201.6
824,22,auto,1452,292,1919,1003,1833,691,1919,753,0.258,308.3,True,LPG,0.867,,rejected,160.9
825,23,bus,713,173,1143,554,825,479,902,509,0.679,243.7,True,TN23AP4119,0.910,TN23AP4119,accepted,190.2
825,11,auto,1452,292,1919,1003,1648,593,1754,665,0.455,243.7,True,TN03D9766,0.976,TN03D9766,accepted,272.6
826,23,bus,668,158,1123,567,784,487,870,519,0.612,267.1,True,TN23AP4115,0.934,TN23AP4115,accepted,175.9
826,11,auto,1451,289,1920,1003,1644,590,1756,670,0.406,267.1,True,TN03D9766,0.983,TN03D9766,accepted,185.1
827,23,bus,652,156,1117,572,764,493,847,524,0.734,240.3,True,TN23AP4115,0.953,TN23AP4115,accepted,143.9
827,11,auto,1451,289,1920,1003,1645,590,1756,666,0.538,240.3,True,DTN03D9766,0.866,TN03D9766,accepted,220.0
828,23,bus,625,151,1110,578,742,498,823,530,0.663,258.3,True,TN23AP4115,0.974,TN23AP4115,accepted,149.6
828,11,auto,1451,290,1919,1002,1647,592,1755,663,0.614,258.3,True,TN03D9766,0.968,TN03D9766,accepted,248.3
829,23,bus,599,148,1100,589,715,501,805,537,0.721,238.9,True,TN23AP4115,0.968,TN23AP4115,accepted,170.8
829,23,bus,599,148,1100,589,717,447,806,491,0.635,238.9,True,,,,no_text,75.8
829,11,auto,1452,290,1919,1003,1646,591,1758,675,0.590,238.9,True,TN03D9766,0.965,TN03D9766,accepted,225.5
830,23,bus,562,140,1095,592,688,505,784,540,0.716,303.3,True,TN23AP4115,0.955,TN23AP4115,accepted,170.7
830,11,auto,1449,289,1919,1001,1650,590,1759,670,0.526,303.3,True,TN03D9766,0.968,TN03D9766,accepted,249.3
830,23,bus,562,140,1095,592,686,448,779,495,0.302,303.3,True,,,,no_text,57.4
831,23,bus,528,129,1089,599,662,511,759,546,0.762,273.0,True,TN23AP4115,0.979,TN23AP4115,accepted,196.4
831,11,auto,1449,287,1919,1002,1648,588,1762,687,0.513,273.0,True,TN03D9766,0.950,TN03D9766,accepted,178.0
831,23,bus,528,129,1089,599,651,447,755,498,0.276,273.0,True,,,,no_text,57.7
832,23,bus,500,123,1082,611,629,517,728,554,0.715,265.9,True,TN23AP4115,0.948,TN23AP4115,accepted,181.6
832,11,auto,1450,288,1919,1004,1646,590,1755,664,0.459,265.9,True,TN03D9766,0.979,TN03D9766,accepted,267.4
833,23,bus,462,116,1067,615,598,524,700,561,0.687,231.2,True,TN23AP4115,0.942,TN23AP4115,accepted,193.0
833,11,auto,1449,287,1920,1003,1646,592,1755,665,0.469,231.2,True,TN03D9766,0.966,TN03D9766,accepted,245.0
834,23,bus,384,98,1042,639,519,537,631,580,0.569,243.8,True,TN23AP4115,0.930,TN23AP4115,accepted,170.2
834,11,auto,1448,287,1919,1004,1646,592,1754,664,0.499,243.8,True,TN03D9766,0.969,TN03D9766,accepted,203.6
834,11,auto,1448,287,1919,1004,1646,590,1759,692,0.370,243.8,True,TN03D9766,0.962,TN03D9766,accepted,171.0
835,23,bus,328,85,1033,652,475,544,592,591,0.685,237.0,True,TN23AP4115,0.962,TN23AP4115,accepted,168.6
835,11,auto,1448,286,1919,1005,1645,594,1751,662,0.437,237.0,True,TN03D9766,0.973,TN03D9766,accepted,206.1
836,11,auto,1449,287,1919,1003,1644,591,1758,679,0.600,232.3,True,TN03D9766,0.986,TN03D9766,accepted,249.1
836,23,bus,284,78,1019,663,429,553,556,602,0.589,232.3,True,TN23AP4115,0.937,TN23AP4115,accepted,177.8
837,23,bus,237,70,1007,676,381,567,507,612,0.637,269.4,True,TN23AP4115,0.908,TN23AP4115,accepted,193.3
837,11,auto,1450,287,1920,1003,1645,592,1753,665,0.524,269.4,True,TN03D9766,0.968,TN03D9766,accepted,253.5
838,23,bus,164,59,995,692,326,577,459,624,0.627,237.8,True,TH23AP4115,0.912,TN23AP4115,accepted,192.4
838,11,auto,1450,288,1919,1003,1643,591,1756,682,0.550,237.8,True,TN03D9766,0.939,TN03D9766,accepted,278.4
839,11,auto,1450,288,1919,1004,1644,592,1757,678,0.601,262.0,True,TN03D9766,0.989,TN03D9766,accepted,189.2
839,23,bus,87,35,981,711,249,588,397,640,0.493,262.0,True,T23AP4115,0.809,,rejected,213.2
839,22,auto,1450,288,1919,1004,1835,692,1919,753,0.275,262.0,True,LPG,0.961,,rejected,159.4
840,23,bus,21,19,963,729,183,599,333,654,0.615,303.4,True,TN23AP4115,0.866,TN23AP4115,accepted,175.5
840,11,auto,1448,287,1919,1002,1645,590,1755,666,0.499,303.4,True,TN03D9766,0.983,TN03D9766,accepted,284.9
840,11,auto,1448,287,1919,1002,1647,588,1760,695,0.418,303.4,True,TN03D9766,0.969,TN03D9766,accepted,261.8
840,22,auto,1448,287,1919,1002,1714,764,1841,839,0.271,303.4,True,,,,no_text,52.7
841,23,bus,0,0,939,773,4,631,174,703,0.629,262.7,True,214115,0.733,,rejected,169.9
841,11,auto,1449,287,1919,1002,1646,591,1755,663,0.444,262.7,True,TN03D9766,0.971,TN03D9766,accepted,250.9
842,23,bus,0,0,907,805,0,653,80,730,0.545,247.2,True,,,,no_text,145.5
842,11,auto,1447,284,1918,998,1649,588,1760,670,0.501,247.2,True,TN03D9766,0.970,TN03D9766,accepted,190.8
842,24,auto,1447,284,1918,998,1714,764,1841,839,0.284,247.2,True,,,,no_text,50.3
843,11,auto,1448,287,1919,1000,1644,588,1759,669,0.375,259.5,True,TN03D9766,0.976,TN03D9766,accepted,192.5
843,24,auto,1448,287,1919,1000,1717,764,1843,839,0.305,259.5,True,,,,no_text,52.8
844,11,auto,1445,288,1919,1002,1647,593,1751,661,0.430,250.4,True,TN03D9766,0.986,TN03D9766,accepted,192.6
845,11,auto,1447,287,1919,1001,1640,590,1757,678,0.456,238.4,True,,,,no_text,240.1
846,11,auto,1448,289,1920,1003,1649,594,1753,660,0.366,260.7,True,TN03D9766,0.979,TN03D9766,accepted,200.6
846,24,auto,1448,289,1920,1003,1831,690,1919,754,0.286,260.7,True,LPG,0.977,,rejected,156.0
847,11,auto,1447,287,1919,1000,1645,590,1754,664,0.523,253.0,True,TN03D9766,0.962,TN03D9766,accepted,252.2
848,11,auto,1449,288,1919,1001,1652,587,1766,670,0.430,241.2,True,TN03D9766,0.962,TN03D9766,accepted,248.3
848,25,car,1270,338,1421,465,1314,421,1357,438,0.317,241.2,True,,,,no_text,165.2
849,11,auto,1448,287,1919,1000,1647,587,1759,658,0.487,234.2,True,TN03D9766,0.984,TN03D9766,accepted,249.1
849,26,bus,1013,305,1231,527,1087,449,1135,479,0.352,234.2,True,,,,no_text,49.5
850,11,auto,1447,285,1919,1000,1646,588,1758,658,0.344,253.4,True,TN03D9766,0.978,TN03D9766,accepted,240.4
850,26,bus,1013,305,1225,531,1079,452,1128,485,0.254,253.4,True,,,,no_text,50.5
851,11,auto,1446,285,1920,1000,1646,588,1757,658,0.360,241.5,True,TN03D9766,0.976,TN03D9766,accepted,236.7
851,26,bus,1012,303,1222,536,1066,456,1118,486,0.350,241.5,True,,,,no_text,50.9
851,26,bus,1012,303,1222,536,1068,451,1117,479,0.315,241.5,True,,,,no_text,72.8
852,26,bus,989,300,1212,547,1044,463,1099,492,0.303,248.0,True,,,,no_text,55.7
852,11,auto,1446,285,1920,1000,1646,589,1759,661,0.297,248.0,True,TN03D9766,0.979,TN03D9766,accepted,225.0
853,11,auto,1447,284,1920,1000,1649,586,1764,661,0.490,230.6,True,TN03D9766,0.981,TN03D9766,accepted,234.5
854,11,auto,1440,284,1920,1000,1649,586,1762,660,0.590,230.1,True,TN03D9766,0.980,TN03D9766,accepted,243.9
855,11,auto,1445,284,1920,997,1647,588,1756,652,0.433,246.4,True,TN03D9766,0.985,TN03D9766,accepted,195.3
856,11,auto,1447,283,1920,997,1647,587,1758,655,0.517,231.1,True,DTN03D9766,0.870,TN03D9766,accepted,254.5
857,11,auto,1444,283,1920,998,1645,587,1760,657,0.389,264.5,True,TN03D9766,0.974,TN03D9766,accepted,254.4
857,25,car,1243,338,1411,473,1288,424,1333,441,0.263,264.5,True,,,,no_text,174.0
858,11,auto,1445,285,1920,997,1646,587,1757,653,0.467,252.7,True,TN03D9766,0.985,TN03D9766,accepted,248.6
858,25,car,1239,336,1409,474,1286,422,1331,439,0.284,252.7,True,,,,no_text,189.8
859,11,auto,1446,282,1920,997,1645,586,1758,654,0.546,419.4,True,TN03D9766,0.980,TN03D9766,accepted,319.3
860,11,auto,1445,285,1920,998,1645,588,1758,654,0.447,263.3,True,TN03D9766,0.977,TN03D9766,accepted,227.4
861,11,auto,1448,286,1920,997,1646,587,1757,653,0.454,252.2,True,TN03D9766,0.989,TN03D9766,accepted,203.6
862,11,auto,1447,284,1920,998,1644,587,1757,655,0.615,239.2,True,TN03D9766,0.987,TN03D9766,accepted,190.2
863,11,auto,1447,287,1920,999,1644,587,1759,657,0.495,248.4,True,TN03D9766,0.985,TN03D9766,accepted,195.7
864,11,auto,1447,286,1920,998,1646,588,1758,654,0.515,256.5,True,TN03D9766,0.984,TN03D9766,accepted,211.2
865,11,auto,1446,286,1920,998,1645,587,1757,654,0.603,258.2,True,TN03D9766,0.989,TN03D9766,accepted,206.0
866,11,auto,1447,284,1920,997,1644,585,1757,655,0.628,248.9,True,TN03D9766,0.974,TN03D9766,accepted,259.9
866,25,car,1209,332,1396,486,1262,430,1311,448,0.377,248.9,True,,,,no_text,188.8
867,11,auto,1446,286,1920,999,1647,589,1759,656,0.569,422.5,True,TN03D9766,0.981,TN03D9766,accepted,232.3
868,11,auto,1447,286,1920,999,1645,588,1759,655,0.534,418.9,True,TN03D9766,0.987,TN03D9766,accepted,300.3
869,11,auto,1447,284,1920,997,1644,586,1759,653,0.553,427.2,True,TN03D9766,0.977,TN03D9766,accepted,235.1
870,11,auto,1450,286,1920,998,1646,588,1757,653,0.518,263.2,True,TN03D9766,0.980,TN03D9766,accepted,197.9
870,25,car,1193,327,1392,493,1244,435,1303,456,0.488,263.2,True,,,,no_text,206.3
871,11,auto,1449,284,1920,997,1645,587,1758,653,0.465,259.8,True,TN03D9766,0.981,TN03D9766,accepted,197.6
871,25,car,1189,327,1392,494,1243,437,1301,456,0.369,259.8,True,,,,no_text,175.8
872,11,auto,1449,283,1920,997,1645,587,1758,654,0.512,361.1,True,TN03D9766,0.975,TN03D9766,accepted,254.7
872,25,car,1185,325,1388,496,1238,437,1299,457,0.487,361.1,True,,,,no_text,179.9
873,25,car,1180,323,1386,498,1234,439,1294,459,0.562,254.4,True,,,,no_text,186.4
873,11,auto,1445,284,1920,999,1647,588,1756,653,0.473,254.4,True,TN03D9766,0.989,TN03D9766,accepted,289.5
873,27,auto,1445,284,1920,999,1830,613,1920,743,0.291,254.4,True,2020,0.987,,rejected,230.1
874,11,auto,1444,283,1920,998,1644,585,1759,656,0.577,267.8,True,TN03D9766,0.972,TN03D9766,accepted,277.7
874,25,car,1161,324,1382,505,1217,439,1282,462,0.468,267.8,True,T2Z78104,0.518,,rejected,191.4
874,11,auto,1444,283,1920,998,1638,583,1763,708,0.373,267.8,True,TN03,0.937,,rejected,151.6
875,25,car,1156,321,1378,510,1218,442,1279,463,0.562,245.3,True,,,,no_text,172.0
875,11,auto,1442,283,1920,1000,1645,589,1757,655,0.355,245.3,True,TN03D9766,0.981,TN03D9766,accepted,202.9
875,27,auto,1442,283,1920,1000,1828,611,1920,744,0.291,245.3,True,,,,no_text,50.4
876,25,car,1146,319,1377,513,1208,444,1272,466,0.587,257.6,True,TOZATETO4,0.629,,rejected,189.1
876,11,auto,1441,282,1920,999,1648,587,1762,663,0.315,257.6,True,TN03D9766,0.985,TN03D9766,accepted,275.1
876,27,auto,1441,282,1920,999,1828,610,1920,744,0.267,257.6,True,,,,no_text,58.4
877,25,car,1142,320,1376,515,1205,444,1269,466,0.543,341.3,True,STHOZATBTOE,0.598,,rejected,206.1
877,11,auto,1447,284,1920,998,1645,587,1757,654,0.500,341.3,True,TN03D9766,0.981,TN03D9766,accepted,198.5
878,25,car,1135,320,1375,518,1200,446,1267,467,0.618,244.1,True,224278104,0.653,,rejected,177.9
878,11,auto,1446,283,1920,999,1643,587,1756,653,0.376,244.1,True,TN03D9766,0.975,TN03D9766,accepted,204.7
879,25,car,1131,320,1372,522,1192,447,1261,472,0.672,240.3,True,ETNOCATOTOA,0.558,,rejected,177.6
879,28,auto,347,265,780,686,400,424,461,465,0.531,240.3,True,,,,no_text,61.7
879,11,auto,1445,284,1920,999,1636,586,1763,706,0.393,240.3,True,TN03D9766,0.929,TN03D9766,accepted,268.7
880,25,car,1125,319,1370,525,1184,448,1260,475,0.670,247.6,True,SINSZATOIOA,0.560,,rejected,192.7
880,11,auto,1443,283,1920,1000,1637,587,1762,702,0.465,247.6,True,TN03D9766,0.958,TN03D9766,accepted,271.1
880,11,auto,1443,283,1920,1000,1639,588,1758,664,0.342,247.6,True,TN03D9766,0.989,TN03D9766,accepted,207.2
881,25,car,1112,316,1368,529,1179,455,1249,481,0.569,254.8,True,TNOZATOTO4,0.523,,rejected,176.3
881,11,auto,1445,284,1919,998,1642,587,1758,663,0.344,254.8,True,TN03D9766,0.982,TN03D9766,accepted,198.2
881,11,auto,1445,284,1919,998,1638,584,1762,702,0.339,254.8,True,TN03D9766,0.961,TN03D9766,accepted,198.3
881,29,auto,157,251,698,748,217,437,292,484,0.257,254.8,True,,,,no_text,56.4
882,25,car,1108,317,1365,532,1171,457,1243,482,0.674,259.7,True,,,,no_text,225.9
882,29,auto,77,243,667,769,151,440,222,490,0.412,259.7,True,,,,no_text,50.2
882,11,auto,1444,283,1919,998,1637,581,1760,693,0.387,259.7,True,TN03D9766,0.944,TN03D9766,accepted,200.7
882,11,auto,1444,283,1919,998,1641,586,1759,668,0.380,259.7,True,TN03D9766,0.972,TN03D9766,accepted,190.2
883,25,car,1099,316,1364,537,1165,458,1238,485,0.721,240.4,True,,,,no_text,72.9
883,29,auto,2,235,638,803,67,448,140,500,0.426,240.4,True,,,,no_text,77.7
883,11,auto,1446,285,1919,999,1639,584,1763,705,0.387,240.4,True,TN03D9766,0.982,TN03D9766,accepted,267.9
883,11,auto,1446,285,1919,999,1642,587,1758,665,0.341,240.4,True,,,,no_text,201.0
883,29,auto,2,235,638,803,36,447,139,502,0.277,240.4,True,,,,no_text,55.6
884,25,car,1091,313,1361,540,1157,460,1234,490,0.656,252.4,True,INOZAYO104,0.765,TN0ZAY0104,accepted,173.8
884,11,auto,1445,287,1919,997,1640,587,1757,669,0.302,252.4,True,TN03D9766,0.981,TN03D9766,accepted,201.8
884,11,auto,1445,287,1919,997,1634,584,1759,702,0.291,252.4,True,TN03D9766,0.973,TN03D9766,accepted,231.0
884,29,auto,0,232,599,825,0,463,45,505,0.283,252.4,True,,,,no_text,39.3
885,25,car,1082,316,1358,544,1150,466,1228,492,0.641,244.8,True,EINOZAT8104,0.602,TN0ZAT8104,accepted,193.6
885,11,auto,1447,287,1919,998,1633,586,1761,703,0.544,244.8,True,TN03D9766,0.964,TN03D9766,accepted,393.0
885,11,auto,1447,287,1919,998,1634,587,1756,670,0.438,244.8,True,TN03D9766,0.990,TN03D9766,accepted,206.1
886,25,car,1077,313,1353,545,1144,467,1222,493,0.647,235.2,True,INOZATOTO4,0.531,,rejected,183.6
886,11,auto,1447,287,1919,997,1633,581,1761,704,0.462,235.2,True,TN03D9766,0.950,TN03D9766,accepted,249.4
886,11,auto,1447,287,1919,997,1634,582,1756,666,0.282,235.2,True,TN03D9766,0.983,TN03D9766,accepted,190.7
887,25,car,1067,314,1351,550,1139,471,1218,498,0.696,235.5,True,TNOZATOIO4,0.695,TN0ZAT0104,accepted,200.1
888,25,car,1060,314,1350,555,1129,472,1211,502,0.694,248.4,True,TNOZAT81O4,0.692,TN0ZAT8104,accepted,172.4
889,25,car,1052,310,1348,556,1121,473,1206,501,0.701,234.1,True,TNOZAT81O4,0.718,TN0ZAT8104,accepted,177.0
889,11,auto,1451,285,1919,996,1638,584,1759,657,0.534,234.1,True,TN03D9766,0.977,TN03D9766,accepted,267.4
889,11,auto,1451,285,1919,996,1635,580,1762,697,0.325,234.1,True,TN03D9766,0.967,TN03D9766,accepted,242.5
890,25,car,1029,310,1341,569,1106,478,1189,506,0.652,239.2,True,TNOZATA104,0.704,TN02ATA104,accepted,217.7
890,11,auto,1447,288,1919,996,1639,587,1755,660,0.358,239.2,True,TN03D9766,0.977,TN03D9766,accepted,267.9
890,11,auto,1447,288,1919,996,1635,584,1760,695,0.326,239.2,True,TN03D9766,0.965,TN03D9766,accepted,185.5
891,25,car,1017,311,1338,571,1095,480,1182,508,0.643,240.1,True,TNOCAT6104,0.697,TN0CAT6104,accepted,185.9
891,30,motorcycle,694,405,888,665,720,500,790,532,0.362,240.1,True,,,,no_text,69.2
891,11,auto,1447,287,1919,996,1637,587,1752,655,0.306,240.1,True,TN03D9766,0.979,TN03D9766,accepted,224.7
892,25,car,1009,309,1337,577,1088,481,1175,513,0.661,247.4,True,INOZATB1O4,0.681,TN0ZAT8104,accepted,170.5
892,30,motorcycle,675,402,880,678,700,504,768,537,0.420,247.4,True,,,,no_text,70.2
892,11,auto,1452,286,1919,997,1639,584,1753,662,0.372,247.4,True,TN03D9766,0.980,TN03D9766,accepted,221.1
892,11,auto,1452,286,1919,997,1633,579,1757,701,0.369,247.4,True,TN03,0.967,,rejected,189.4
893,25,car,1001,311,1333,581,1079,485,1169,516,0.757,230.4,True,TNOZAT8104,0.797,TN0ZAT8104,accepted,172.0
893,11,auto,1450,287,1919,996,1641,587,1755,657,0.437,230.4,True,TN03D9766,0.983,TN03D9766,accepted,199.2
893,11,auto,1450,287,1919,996,1639,584,1759,681,0.275,230.4,True,TN03D9766,0.975,TN03D9766,accepted,189.6
894,25,car,988,308,1329,586,1069,487,1160,519,0.730,259.1,True,TNOZATB104,0.841,TN0ZAT8104,accepted,159.8
894,11,auto,1452,287,1919,996,1639,585,1759,656,0.490,259.1,True,TN03D9766,0.976,TN03D9766,accepted,201.6
894,30,motorcycle,605,401,843,714,645,460,701,499,0.362,259.1,True,,,,no_text,49.0
894,11,auto,1452,287,1919,996,1636,580,1763,703,0.329,259.1,True,TN03D9766,0.973,TN03D9766,accepted,267.7
895,25,car,972,307,1324,593,1056,493,1152,524,0.677,262.4,True,TNOZAT8104,0.843,TN0ZAT8104,accepted,188.6
895,11,auto,1449,285,1919,994,1633,584,1760,703,0.411,262.4,True,TN03D9766,0.972,TN03D9766,accepted,300.4
895,11,auto,1449,285,1919,994,1639,587,1753,661,0.351,262.4,True,TN03D9766,0.972,TN03D9766,accepted,195.2
895,30,motorcycle,560,414,814,734,603,460,666,498,0.294,262.4,True,,,,no_text,54.7
896,25,car,960,309,1319,599,1043,498,1139,527,0.695,241.0,True,TNO4AT6104,0.818,NL4AT6104,accepted,186.1
896,11,auto,1450,287,1919,995,1632,587,1758,700,0.629,241.0,True,TN03D9766,0.978,TN03D9766,accepted,247.4
896,30,motorcycle,516,417,787,759,560,483,624,523,0.484,241.0,True,,,,no_text,51.0
896,11,auto,1450,287,1919,995,1635,588,1754,667,0.466,241.0,True,TN03D9766,0.954,TN03D9766,accepted,208.1
897,25,car,945,307,1317,606,1032,501,1129,532,0.674,235.6,True,TNO4AT6104,0.755,NL4AT6104,accepted,194.4
897,11,auto,1451,285,1919,995,1631,586,1761,705,0.470,235.6,True,TN03D9766,0.952,TN03D9766,accepted,261.7
898,25,car,917,307,1309,623,1006,514,1109,546,0.757,229.5,True,TNO4AT8104,0.835,NL4AT8104,accepted,192.8
898,11,auto,1452,286,1919,995,1637,584,1761,704,0.273,229.5,True,TN03D9766,0.950,TN03D9766,accepted,181.1
899,25,car,903,306,1306,631,991,521,1095,553,0.732,236.7,True,TN04AT8104,0.809,TN04AT8104,accepted,181.3
899,11,auto,1451,285,1920,996,1637,588,1761,695,0.396,236.7,True,TN03D9766,0.981,TN03D9766,accepted,204.0
899,11,auto,1451,285,1920,996,1638,590,1755,662,0.326,236.7,True,TN03D9766,0.979,TN03D9766,accepted,182.9
900,25,car,883,303,1300,638,975,525,1087,562,0.769,252.4,True,TN04AY8104,0.851,TN04AY8104,accepted,176.5
900,11,auto,1450,286,1919,995,1641,586,1752,657,0.299,252.4,True,TN03D9766,0.984,TN03D9766,accepted,210.5
901,25,car,866,304,1296,644,960,532,1070,569,0.782,231.9,True,TNO4AY8104,0.856,NL4AY8104,accepted,183.8
901,11,auto,1452,284,1919,993,1641,587,1754,659,0.295,231.9,True,TN03D9766,0.977,TN03D9766,accepted,273.0
901,11,auto,1452,284,1919,993,1638,584,1760,694,0.254,231.9,True,TN03D9766,0.968,TN03D9766,accepted,184.9
902,25,car,843,304,1292,656,944,542,1055,577,0.706,242.4,True,TNO4AT8104,0.819,NL4AT8104,accepted,194.0
902,11,auto,1453,286,1919,993,1636,586,1760,699,0.428,242.4,True,TN03D9766,0.976,TN03D9766,accepted,206.5
902,11,auto,1453,286,1919,993,1639,589,1756,669,0.257,242.4,True,TN03D9766,0.987,TN03D9766,accepted,190.7
903,25,car,823,303,1288,665,922,548,1041,584,0.762,246.7,True,INO4A78104,0.799,,rejected,191.4
903,11,auto,1452,285,1919,993,1637,586,1759,696,0.283,246.7,True,TN03D9766,0.971,TN03D9766,accepted,189.7
903,11,auto,1452,285,1919,993,1643,588,1758,669,0.267,246.7,True,970,0.504,,rejected,164.1
904,25,car,800,299,1285,672,904,553,1025,592,0.796,250.3,True,TN04AY8104,0.877,TN04AY8104,accepted,190.3
904,11,auto,1452,284,1919,993,1641,586,1755,655,0.433,250.3,True,TN03D9766,0.986,TN03D9766,accepted,217.3
905,25,car,775,300,1278,685,880,564,1006,600,0.723,239.7,True,TNO4AY8104,0.851,NL4AY8104,accepted,210.1
905,11,auto,1452,287,1919,994,1642,588,1759,665,0.431,239.7,True,TN03D9766,0.990,TN03D9766,accepted,191.9
905,11,auto,1452,287,1919,994,1637,586,1760,695,0.385,239.7,True,TN03D9766,0.938,TN03D9766,accepted,199.6
906,25,car,751,299,1272,699,858,572,987,612,0.771,242.4,True,TNO4AY8104,0.895,NL4AY8104,accepted,198.0
906,11,auto,1453,286,1919,994,1646,590,1759,666,0.379,242.4,True,TN03D9766,0.983,TN03D9766,accepted,203.6
907,25,car,723,299,1268,713,831,582,965,620,0.777,256.5,True,ETN04AY8104,0.882,TN04AY8104,accepted,195.9
907,11,auto,1453,287,1919,994,1641,587,1758,670,0.427,256.5,True,TN03D9766,0.986,TN03D9766,accepted,210.0
908,25,car,692,298,1261,725,805,589,945,628,0.719,294.3,True,TNO4AY8104,0.912,NL4AY8104,accepted,191.2
908,11,auto,1453,286,1919,994,1646,589,1758,660,0.350,294.3,True,TN03D9766,0.989,TN03D9766,accepted,216.2
908,11,auto,1453,286,1919,994,1641,587,1760,691,0.268,294.3,True,TN03D9766,0.970,TN03D9766,accepted,194.4
909,25,car,655,298,1250,740,775,598,921,641,0.807,230.8,True,TN04AY8104,0.904,TN04AY8104,accepted,181.6
909,11,auto,1453,285,1919,993,1637,587,1760,702,0.606,230.8,True,TN03D9766,0.979,TN03D9766,accepted,195.1
909,11,auto,1453,285,1919,993,1640,588,1755,665,0.397,230.8,True,TN03D9766,0.992,TN03D9766,accepted,191.1
910,25,car,619,297,1244,758,739,606,890,651,0.776,250.3,True,TN04AY8104,0.875,TN04AY8104,accepted,200.3
910,11,auto,1454,287,1919,994,1641,585,1762,704,0.470,250.3,True,,,,no_text,163.2
910,11,auto,1454,287,1919,994,1647,588,1761,675,0.399,250.3,True,,,,no_text,168.3
911,25,car,576,295,1236,779,708,621,862,663,0.762,256.9,True,TN04AY8104,0.930,TN04AY8104,accepted,180.8
911,11,auto,1454,287,1919,993,1634,586,1761,708,0.656,256.9,True,TN03D9766,0.962,TN03D9766,accepted,202.6
912,25,car,534,291,1227,801,662,632,827,680,0.745,226.1,True,TN04AY8104,0.912,TN04AY8104,accepted,174.7
912,11,auto,1452,286,1918,993,1636,588,1760,700,0.633,226.1,True,TN03D9766,0.962,TN03D9766,accepted,189.8
912,11,auto,1452,286,1918,993,1638,589,1756,665,0.465,226.1,True,TN03D9766,0.984,TN03D9766,accepted,193.1
913,25,car,484,288,1218,828,619,649,790,696,0.755,228.1,True,TN04AY8104,0.940,TN04AY8104,accepted,182.8
913,11,auto,1453,287,1918,993,1634,587,1761,706,0.731,228.1,True,TN03D9766,0.965,TN03D9766,accepted,198.9
914,25,car,428,284,1213,851,572,667,751,717,0.740,236.9,True,TN04AY8104,0.881,TN04AY8104,accepted,180.1
914,11,auto,1453,285,1919,993,1640,588,1761,704,0.560,236.9,True,TN03D9766,0.965,TN03D9766,accepted,192.8
914,11,auto,1453,285,1919,993,1641,589,1756,671,0.338,236.9,True,TN03D9766,0.990,TN03D9766,accepted,191.8
914,31,auto,1453,285,1919,993,1824,600,1919,742,0.295,236.9,True,,,,no_text,48.0
915,25,car,362,280,1204,885,513,686,705,743,0.765,268.3,True,TN04AY8104,0.961,TN04AY8104,accepted,199.2
915,11,auto,1453,286,1919,994,1644,587,1753,655,0.599,268.3,True,TN03D9766,0.980,TN03D9766,accepted,206.3
915,11,auto,1453,286,1919,994,1642,584,1756,683,0.404,268.3,True,TN03D9766,0.970,TN03D9766,accepted,190.7
916,25,car,295,276,1198,910,447,714,649,773,0.751,256.4,True,TN04AY8104,0.969,TN04AY8104,accepted,208.8
916,11,auto,1453,284,1919,993,1645,586,1757,663,0.485,256.4,True,TN03D9766,0.975,TN03D9766,accepted,211.3
916,11,auto,1453,284,1919,993,1641,583,1756,693,0.399,256.4,True,TN03D9766,0.964,TN03D9766,accepted,196.9
917,25,car,217,272,1186,952,373,739,586,812,0.772,241.4,True,ETN04AY8104,0.888,TN04AY8104,accepted,196.6
917,11,auto,1453,283,1919,993,1639,587,1760,703,0.545,241.4,True,TN03D9766,0.950,TN03D9766,accepted,194.2
917,11,auto,1453,283,1919,993,1640,589,1755,665,0.335,241.4,True,TN03D9766,0.982,TN03D9766,accepted,196.6
918,25,car,129,267,1174,990,289,774,515,853,0.706,233.3,True,TNO4AY8104,0.938,NL4AY8104,accepted,170.6
918,11,auto,1452,282,1919,993,1640,586,1761,702,0.516,233.3,True,TN03D9766,0.970,TN03D9766,accepted,190.3
918,11,auto,1452,282,1919,993,1644,588,1760,673,0.479,233.3,True,TN03D9766,0.978,TN03D9766,accepted,188.8
919,25,car,30,261,1161,1047,189,810,433,902,0.747,225.7,True,TNO4AY8104,0.941,NL4AY8104,accepted,168.3
919,11,auto,1451,282,1919,993,1641,586,1760,700,0.512,225.7,True,TN03D9766,0.971,TN03D9766,accepted,193.0
919,11,auto,1451,282,1919,993,1640,587,1756,662,0.360,225.7,True,TN03D9766,0.987,TN03D9766,accepted,192.9
920,25,car,1,256,1153,1076,63,853,332,958,0.726,225.1,True,TNO4AY8104,0.918,NL4AY8104,accepted,166.3
920,11,auto,1451,282,1919,993,1646,589,1759,666,0.498,225.1,True,TN03D9766,0.980,TN03D9766,accepted,203.2
920,11,auto,1451,282,1919,993,1643,586,1760,697,0.434,225.1,True,TN03D9766,0.971,TN03D9766,accepted,187.3
921,25,car,0,251,1140,1080,0,914,201,1034,0.810,233.5,True,04AY8104,0.915,,rejected,152.6
921,11,auto,1450,282,1919,993,1640,588,1760,702,0.600,233.5,True,TN03D9766,0.966,TN03D9766,accepted,197.1
921,11,auto,1450,282,1919,993,1639,589,1755,672,0.347,233.5,True,TN03D9766,0.984,TN03D9766,accepted,194.3
922,11,auto,1451,282,1919,994,1637,587,1761,705,0.663,251.0,True,TN03D9766,0.972,TN03D9766,accepted,195.0
923,11,auto,1450,283,1919,994,1641,588,1759,693,0.524,258.9,True,TN03D9766,0.970,TN03D9766,accepted,192.6
923,11,auto,1450,283,1919,994,1641,590,1755,662,0.426,258.9,True,TN03D9766,0.986,TN03D9766,accepted,200.8
924,11,auto,1449,279,1920,994,1637,588,1758,698,0.529,263.8,True,TN03D9766,0.975,TN03D9766,accepted,179.2
924,11,auto,1449,279,1920,994,1637,590,1753,665,0.362,263.8,True,TN03D9766,0.986,TN03D9766,accepted,192.9
925,11,auto,1449,279,1919,994,1638,588,1758,693,0.487,229.2,True,TN03D9766,0.962,TN03D9766,accepted,182.1
925,11,auto,1449,279,1919,994,1640,589,1755,663,0.388,229.2,True,TN03D9766,0.986,TN03D9766,accepted,199.6
926,11,auto,1450,279,1919,993,1641,586,1759,674,0.574,243.4,True,TN03D9766,0.985,TN03D9766,accepted,191.8
927,11,auto,1451,282,1919,993,1637,587,1761,702,0.644,257.6,True,TN03D9766,0.975,TN03D9766,accepted,193.2
927,11,auto,1451,282,1919,993,1638,587,1756,666,0.484,257.6,True,TN03D9766,0.979,TN03D9766,accepted,203.2
928,11,auto,1449,281,1919,993,1637,587,1761,700,0.576,239.4,True,TN03D9766,0.984,TN03D9766,accepted,193.9
928,11,auto,1449,281,1919,993,1638,587,1757,663,0.450,239.4,True,TN03D9766,0.982,TN03D9766,accepted,210.0
929,11,auto,1447,282,1920,993,1641,590,1749,656,0.291,254.2,True,TN03D9766,0.985,TN03D9766,accepted,257.6
930,11,auto,1451,285,1919,994,1641,586,1760,671,0.538,242.0,True,TN03D9766,0.986,TN03D9766,accepted,186.0
931,11,auto,1450,280,1920,994,1641,584,1762,703,0.458,267.0,True,TN03,0.862,,rejected,135.4
931,11,auto,1450,280,1920,994,1643,587,1758,667,0.326,267.0,True,TN03D9766,0.978,TN03D9766,accepted,195.1
932,32,car,729,319,1054,545,777,467,856,510,0.601,243.6,True,12339333,0.810,MZ339333,accepted,150.7
932,11,auto,1450,281,1919,994,1637,582,1761,705,0.366,243.6,True,TN03D9766,0.956,TN03D9766,accepted,185.3
933,32,car,680,319,1042,551,755,468,840,510,0.698,240.8,True,T128J9333,0.855,MZ8J9333,accepted,159.9
934,32,car,673,319,1035,558,737,472,820,511,0.679,254.8,True,TH128J9333,0.892,TN1ZBJ9333,accepted,153.4
934,11,auto,1450,283,1919,994,1636,585,1761,702,0.474,254.8,True,TN03D97663,0.907,,rejected,244.4
934,11,auto,1450,283,1919,994,1637,587,1757,665,0.303,254.8,True,TN03D9766,0.944,TN03D9766,accepted,198.0
935,32,car,635,316,1015,571,701,481,783,520,0.623,226.3,True,TN128J9333,0.815,TN1ZBJ9333,accepted,157.8
935,11,auto,1450,281,1919,994,1637,583,1761,706,0.394,226.3,True,TN03D9766,0.969,TN03D9766,accepted,184.5
936,32,car,616,317,1006,577,681,485,762,522,0.585,239.5,True,TN128J9333,0.898,TN1ZBJ9333,accepted,165.3
936,11,auto,1451,281,1919,994,1636,585,1762,707,0.510,239.5,True,TN03D9766,0.957,TN03D9766,accepted,246.8
936,33,car,1197,340,1319,455,1210,396,1257,410,0.277,239.5,True,JOOU,0.690,,rejected,199.4
936,11,auto,1451,281,1919,994,1640,588,1757,676,0.252,239.5,True,TN03D9766,0.977,TN03D9766,accepted,193.3
937,32,car,592,316,998,584,656,491,743,530,0.604,234.5,True,TN12839333,0.858,,rejected,158.0
937,11,auto,1450,280,1920,994,1641,586,1763,704,0.431,234.5,True,TN03D9766,0.969,TN03D9766,accepted,200.0
937,11,auto,1450,280,1920,994,1643,588,1759,668,0.372,234.5,True,TN03D9766,0.984,TN03D9766,accepted,189.0
938,32,car,568,315,987,591,633,496,720,531,0.626,251.8,True,TN128J9333,0.940,TN1ZBJ9333,accepted,158.5
938,11,auto,1452,282,1920,995,1640,586,1763,701,0.511,251.8,True,TN03D9766,0.945,TN03D9766,accepted,273.3
938,11,auto,1452,282,1920,995,1642,588,1759,671,0.463,251.8,True,TN03D9766,0.982,TN03D9766,accepted,192.5
938,33,car,1190,341,1319,459,1211,403,1261,417,0.343,251.8,True,,,,no_text,374.6
938,33,motorcycle,1089,388,1197,548,1109,410,1161,445,0.269,251.8,True,,,,no_text,97.2
939,32,car,539,313,977,599,606,500,697,544,0.505,279.3,True,TN128J9333,0.908,TN1ZBJ9333,accepted,151.4
939,11,auto,1452,284,1919,995,1641,584,1762,705,0.436,279.3,True,TN03D9766,0.972,TN03D9766,accepted,201.1
939,11,auto,1452,284,1919,995,1643,587,1758,667,0.309,279.3,True,TN03D9766,0.974,TN03D9766,accepted,213.2
939,33,motorcycle,1083,389,1192,550,1093,417,1140,450,0.261,279.3,True,,,,no_text,49.1
940,32,car,512,310,964,610,583,506,672,551,0.594,278.8,True,TN128J9333,0.925,TN1ZBJ9333,accepted,157.9
940,11,auto,1450,283,1919,996,1637,586,1764,708,0.575,278.8,True,TN03D9766,0.983,TN03D9766,accepted,205.7
941,32,car,482,308,955,618,548,510,645,553,0.540,234.1,True,TN128J9333,0.864,TN1ZBJ9333,accepted,174.9
941,11,auto,1450,285,1919,997,1638,585,1763,709,0.450,234.1,True,TN03D9766,0.932,TN03D9766,accepted,317.9
941,11,auto,1450,285,1919,997,1647,586,1762,679,0.383,234.1,True,TN03D9766,0.955,TN03D9766,accepted,246.5
942,32,car,411,311,927,635,479,525,583,569,0.631,252.3,True,TN128J9333,0.893,TN1ZBJ9333,accepted,164.6
942,34,auto,1452,287,1919,1000,1712,763,1847,837,0.392,252.3,True,,,,no_text,65.1
942,11,auto,1452,287,1919,1000,1638,587,1762,706,0.324,252.3,True,TN03D9766,0.973,TN03D9766,accepted,263.7
942,11,auto,1452,287,1919,1000,1645,589,1761,676,0.266,252.3,True,703,0.560,,rejected,146.2
943,32,car,374,307,909,644,443,531,546,573,0.682,246.0,True,TH128J9333,0.904,TN1ZBJ9333,accepted,161.6
943,11,auto,1451,286,1919,999,1639,587,1763,704,0.512,246.0,True,TN03D9766,0.974,TN03D9766,accepted,236.1
943,11,auto,1451,286,1919,999,1641,589,1759,666,0.310,246.0,True,TN03D9766,0.968,TN03D9766,accepted,193.3
944,32,car,323,306,894,659,402,539,506,581,0.602,231.1,True,TN128J9333,0.918,TN1ZBJ9333,accepted,168.9
944,11,auto,1450,285,1919,999,1638,585,1762,703,0.375,231.1,True,TN03D9766,0.950,TN03D9766,accepted,206.4
944,11,auto,1450,285,1919,999,1641,588,1759,672,0.324,231.1,True,TN03D9766,0.992,TN03D9766,accepted,187.5
945,32,car,285,304,881,669,356,543,467,588,0.609,228.4,True,TN12BJ9333,0.902,TN12BJ9333,accepted,167.9
945,11,auto,1450,286,1920,999,1636,588,1764,709,0.576,228.4,True,TN03D9766,0.954,TN03D9766,accepted,247.1
945,33,motorcycle,1018,387,1154,590,1035,440,1091,464,0.309,228.4,True,,,,no_text,66.0
946,32,car,233,304,863,681,310,555,424,596,0.686,267.7,True,TN128J9333,0.907,TN1ZBJ9333,accepted,179.8
946,11,auto,1455,286,1920,998,1650,590,1762,667,0.487,267.7,True,TN03D9766,0.976,TN03D9766,accepted,247.3
946,11,auto,1455,286,1920,998,1646,589,1764,704,0.475,267.7,True,TN03D9766,0.975,TN03D9766,accepted,227.5
947,32,car,182,303,841,696,256,563,372,604,0.707,238.6,True,TH128J9333,0.891,TN1ZBJ9333,accepted,192.3
947,11,auto,1452,286,1920,998,1644,589,1763,707,0.427,238.6,True,TN03D9766,0.972,TN03D9766,accepted,199.5
947,11,auto,1452,286,1920,998,1650,590,1761,673,0.416,238.6,True,TN03D9766,0.987,TN03D9766,accepted,268.8
947,35,auto,1452,286,1920,998,1829,610,1920,741,0.377,238.6,True,,,,no_text,54.3
948,32,car,67,299,802,726,131,586,258,628,0.708,252.0,True,TH128J3333,0.853,TN1ZBJ3333,accepted,190.0
948,11,auto,1451,285,1920,997,1651,589,1762,666,0.413,252.0,True,TN03D9766,0.975,TN03D9766,accepted,202.2
948,33,motorcycle,972,401,1110,617,992,461,1053,491,0.393,252.0,True,,,,no_text,50.5
948,11,auto,1451,285,1920,997,1647,588,1764,704,0.368,252.0,True,TN03D9766,0.969,TN03D9766,accepted,182.2
949,32,car,0,294,781,744,54,596,192,647,0.752,245.3,True,TH128J9333,0.913,TN1ZBJ9333,accepted,151.4
949,11,auto,1447,286,1919,997,1638,584,1763,707,0.450,245.3,True,TN03D9766,0.973,TN03D9766,accepted,292.3
950,32,car,0,296,756,764,0,612,116,667,0.779,225.2,True,128J3333,0.852,MZ8J3333,accepted,158.7
951,11,auto,1447,287,1919,998,1637,589,1762,707,0.420,258.2,True,TN03D9766,0.962,TN03D9766,accepted,280.0
951,33,motorcycle,915,408,1072,653,932,484,1006,509,0.383,258.2,True,TGEM,0.525,,rejected,210.0
952,11,auto,1449,286,1920,998,1638,588,1763,710,0.467,239.7,True,TN03D9766,0.957,TN03D9766,accepted,244.9
952,35,auto,1449,286,1920,998,1826,600,1920,742,0.376,239.7,True,,,,no_text,54.6
952,11,auto,1449,286,1920,998,1641,589,1757,675,0.276,239.7,True,TN03D9766,0.982,TN03D9766,accepted,206.9
953,11,auto,1451,286,1919,998,1647,590,1756,658,0.511,231.4,True,TN03D9766,0.973,TN03D9766,accepted,204.7
953,11,auto,1451,286,1919,998,1648,588,1761,685,0.369,231.4,True,TN03D9766,0.979,TN03D9766,accepted,175.3
953,33,motorcycle,880,417,1048,675,902,493,973,520,0.282,231.4,True,,,,no_text,171.6
954,33,motorcycle,862,412,1041,687,886,463,942,499,0.410,236.5,True,,,,no_text,45.4
954,36,car,1103,330,1287,485,1149,442,1208,460,0.357,236.5,True,,,,no_text,225.4
954,11,auto,1449,286,1920,996,1650,588,1763,666,0.357,236.5,True,TN03D9766,0.974,TN03D9766,accepted,275.6
954,11,auto,1449,286,1920,996,1645,586,1764,704,0.302,236.5,True,,,,no_text,139.5
955,11,auto,1446,286,1920,999,1646,589,1762,670,0.472,260.8,True,TN03D9766,0.974,TN03D9766,accepted,197.9
955,33,motorcycle,837,413,1023,699,859,506,937,535,0.472,260.8,True,,,,no_text,173.0
955,11,auto,1446,286,1920,999,1639,587,1762,701,0.450,260.8,True,TN03D9766,0.966,TN03D9766,accepted,192.7
955,36,car,1095,331,1283,488,1145,443,1200,462,0.328,260.8,True,,,,no_text,188.3
956,11,auto,1446,287,1919,997,1635,585,1763,706,0.514,249.4,True,,,,no_text,174.4
956,33,motorcycle,811,419,1007,712,839,509,913,537,0.476,249.4,True,TNGEZ1TEA,0.704,,rejected,172.6
956,33,motorcycle,811,419,1007,712,834,513,912,541,0.408,249.4,True,ING9EZ1TEA,0.619,,rejected,185.7
956,11,auto,1446,287,1919,997,1641,587,1759,677,0.370,249.4,True,TN03D9766,0.970,TN03D9766,accepted,193.4
957,33,motorcycle,783,424,991,726,816,516,893,547,0.606,225.2,True,TN0321714,0.598,TN03Z1714,accepted,165.4
957,36,car,1084,330,1277,490,1130,445,1194,463,0.447,225.2,True,,,,no_text,111.6
957,11,auto,1449,286,1919,997,1635,585,1763,709,0.395,225.2,True,TN03D9766,0.938,TN03D9766,accepted,263.6
958,36,car,1070,331,1273,497,1115,447,1176,467,0.632,230.5,True,,,,no_text,185.2
958,33,motorcycle,713,426,952,763,756,532,842,565,0.535,230.5,True,TN09Z174,0.818,TN09Z174,accepted,180.7
958,11,auto,1449,288,1919,999,1630,585,1759,708,0.534,230.5,True,,,,no_text,190.2
958,11,auto,1449,288,1919,999,1639,588,1755,678,0.392,230.5,True,TN03D9766,0.977,TN03D9766,accepted,250.0
959,11,auto,1446,287,1919,999,1632,587,1760,707,0.671,230.9,True,TN03D9766,0.974,TN03D9766,accepted,225.8
959,33,motorcycle,683,428,941,780,721,542,811,571,0.643,230.9,True,IN09Z174,0.681,TN09Z174,accepted,197.2
959,36,car,1065,330,1270,497,1116,447,1180,469,0.609,230.9,True,1083574,0.547,,rejected,193.8
959,11,auto,1446,287,1919,999,1639,589,1756,681,0.305,230.9,True,TN03D9766,0.967,TN03D9766,accepted,194.9
960,33,motorcycle,646,434,916,803,691,550,784,582,0.684,227.2,True,TNO9EZ1TE4,0.696,,rejected,178.1
960,36,car,1061,328,1267,503,1107,448,1171,470,0.610,227.2,True,,,,no_text,79.8
960,11,auto,1448,287,1919,999,1643,588,1763,680,0.576,227.2,True,TN03D9766,0.975,TN03D9766,accepted,206.7
961,33,motorcycle,606,443,896,825,647,561,749,596,0.612,225.6,True,IN09EZ1784,0.727,TN09EZ1784,accepted,170.1
961,36,car,1056,328,1268,503,1104,449,1167,472,0.482,225.6,True,,,,no_text,187.7
961,11,auto,1447,285,1919,998,1647,586,1762,673,0.291,225.6,True,,,,no_text,195.3
961,11,auto,1447,285,1919,998,1638,584,1763,706,0.278,225.6,True,TN03D9766,0.953,TN03D9766,accepted,180.4
962,11,auto,1444,287,1919,999,1635,587,1763,706,0.578,224.0,True,TN03D9766,0.984,TN03D9766,accepted,243.4
962,33,motorcycle,447,450,811,920,497,598,619,640,0.505,224.0,True,TNC9EZ1TE4,0.608,,rejected,195.6
962,36,car,1030,328,1258,511,1083,455,1153,481,0.463,224.0,True,,,,no_text,189.1
963,11,auto,1444,285,1919,998,1632,586,1761,708,0.606,244.9,True,TN03D9766,0.953,TN03D9766,accepted,173.7
963,36,car,1020,329,1253,513,1069,458,1149,481,0.559,244.9,True,103374,0.641,,rejected,206.2
963,33,motorcycle,369,462,778,963,429,617,560,659,0.382,244.9,True,TNG9EZ17E4,0.607,,rejected,212.8
963,11,auto,1444,285,1919,998,1636,588,1755,678,0.356,244.9,True,TN03D9766,0.982,TN03D9766,accepted,194.6
964,33,motorcycle,290,463,737,1003,360,638,499,678,0.621,240.7,True,TAGSEZ1TEA,0.604,,rejected,188.2
964,11,auto,1444,287,1919,999,1634,586,1762,707,0.611,240.7,True,TN03D9766,0.926,TN03D9766,accepted,291.3
964,36,car,1013,330,1250,517,1067,460,1147,484,0.604,240.7,True,810613374,0.737,,rejected,193.7
965,11,auto,1445,287,1920,998,1633,587,1763,707,0.608,232.3,True,TN03D9766,0.972,TN03D9766,accepted,284.4
965,36,car,1009,330,1247,520,1054,462,1135,487,0.595,232.3,True,10013374,0.684,,rejected,192.0
965,33,motorcycle,197,477,699,1047,282,659,422,701,0.518,232.3,True,,,,no_text,214.2
965,35,auto,1445,287,1920,998,1822,601,1920,743,0.277,232.3,True,,,,no_text,57.7
966,36,car,1003,329,1244,523,1048,463,1131,488,0.596,236.0,True,T10892374,0.757,,rejected,189.5
966,33,motorcycle,86,483,652,1075,184,684,334,730,0.525,236.0,True,,,,no_text,219.1
966,11,auto,1447,286,1919,997,1641,585,1756,659,0.477,236.0,True,TN03D9766,0.985,TN03D9766,accepted,269.0
966,11,auto,1447,286,1919,997,1637,582,1759,702,0.440,236.0,True,,,,no_text,189.5
967,33,motorcycle,0,479,597,1078,67,713,229,760,0.543,303.3,True,,,,no_text,189.9
967,11,auto,1448,285,1919,997,1635,583,1763,703,0.472,303.3,True,TN03D9766,0.981,TN03D9766,accepted,210.1
967,36,car,995,329,1242,525,1046,468,1124,490,0.448,303.3,True,1C8T3374,0.525,,rejected,189.8
967,11,auto,1448,285,1919,997,1640,587,1758,666,0.445,303.3,True,TN03D9766,0.988,TN03D9766,accepted,209.2
968,36,car,985,327,1239,529,1043,470,1122,492,0.546,241.8,True,10813374,0.627,,rejected,164.3
968,33,motorcycle,0,484,550,1078,0,749,114,803,0.506,241.8,True,,,,no_text,176.7
968,11,auto,1449,285,1919,997,1636,585,1762,702,0.388,241.8,True,TN03D9766,0.957,TN03D9766,accepted,240.9
968,11,auto,1449,285,1919,997,1641,588,1757,663,0.369,241.8,True,TN03D9766,0.992,TN03D9766,accepted,204.5
969,11,auto,1448,288,1919,998,1633,583,1760,691,0.649,248.0,True,TN03D9766,0.979,TN03D9766,accepted,186.5
969,36,car,976,331,1232,532,1028,472,1104,496,0.605,248.0,True,ETK10913374,0.716,,rejected,199.8
970,11,auto,1447,286,1919,998,1644,587,1762,685,0.601,256.8,True,TN03D9766,0.978,TN03D9766,accepted,182.4
970,36,car,967,328,1228,534,1020,473,1101,499,0.589,256.8,True,R10873374,0.676,,rejected,274.9
970,11,auto,1447,286,1919,998,1616,588,1763,710,0.332,256.8,True,TN03D97667,0.852,,rejected,302.3
971,11,auto,1446,287,1919,998,1631,587,1761,708,0.657,248.7,True,TN03D9766,0.977,TN03D9766,accepted,228.8
971,36,car,960,329,1222,539,1011,476,1097,502,0.489,248.7,True,N108Y3574,0.722,NL0BY3574,accepted,209.2
971,11,auto,1446,287,1919,998,1638,588,1756,681,0.377,248.7,True,TN03D9766,0.970,TN03D9766,accepted,200.5
972,11,auto,1447,286,1919,998,1633,584,1761,707,0.526,240.4,True,TN03D9766,0.933,TN03D9766,accepted,277.1
972,36,car,947,328,1220,541,996,478,1082,503,0.516,240.4,True,TN10BY3974,0.637,TN10BY3974,accepted,195.8
972,11,auto,1447,286,1919,998,1640,586,1754,665,0.387,240.4,True,TN03D9766,0.988,TN03D9766,accepted,198.6
972,35,auto,1447,286,1919,998,1823,599,1919,739,0.253,240.4,True,LPO,0.756,,rejected,195.5
973,36,car,936,328,1215,545,993,480,1078,507,0.673,236.9,True,N108V3374,0.746,NL0BV3374,accepted,188.3
973,11,auto,1447,285,1919,998,1643,586,1762,681,0.524,236.9,True,TN03D9766,0.984,TN03D9766,accepted,255.2
974,36,car,928,331,1211,553,984,484,1068,512,0.693,228.6,True,FIN10813974,0.786,TN1OBI3974,accepted,189.0
974,11,auto,1449,289,1919,998,1640,587,1759,678,0.431,228.6,True,TN03D9766,0.980,TN03D9766,accepted,195.9
975,36,car,915,328,1206,555,974,487,1056,513,0.709,224.8,True,ETN108Y3974,0.753,TN1OBY3974,accepted,180.1
975,11,auto,1448,286,1919,998,1633,586,1762,708,0.588,224.8,True,TN03D9766,0.970,TN03D9766,accepted,200.0
975,11,auto,1448,286,1919,998,1637,586,1757,673,0.462,224.8,True,TN03D9766,0.982,TN03D9766,accepted,197.2
976,36,car,904,328,1202,560,959,489,1047,517,0.685,231.5,True,ETN10BY3974,0.867,TN10BY3974,accepted,181.8
976,11,auto,1446,286,1919,997,1628,586,1762,708,0.674,231.5,True,TN03D9766,0.945,TN03D9766,accepted,266.7
977,36,car,874,328,1190,568,943,497,1029,525,0.754,246.0,True,ETN108Y3974,0.886,TN1OBY3974,accepted,196.7
977,11,auto,1446,285,1919,997,1629,587,1762,708,0.668,246.0,True,TN03D9766,0.980,TN03D9766,accepted,324.9
978,36,car,866,329,1186,573,925,501,1012,528,0.693,266.1,True,FTN108Y3974,0.800,TN1OBY3974,accepted,201.1
978,11,auto,1448,286,1919,998,1631,586,1760,708,0.651,266.1,True,TN03D9766,0.951,TN03D9766,accepted,198.0
978,11,auto,1448,286,1919,998,1637,587,1755,669,0.471,266.1,True,TN03D9766,0.991,TN03D9766,accepted,185.1
979,36,car,852,328,1181,581,910,504,1000,536,0.745,229.4,True,ETN108V3974,0.748,TN1OBV3974,accepted,178.8
979,11,auto,1450,286,1920,998,1634,586,1761,705,0.621,229.4,True,TN03D9766,0.976,TN03D9766,accepted,200.6
980,36,car,837,329,1174,588,899,509,991,541,0.749,246.9,True,FTN10BY3974,0.824,TN10BY3974,accepted,170.7
980,11,auto,1450,287,1919,998,1633,587,1759,705,0.601,246.9,True,TN03D9766,0.971,TN03D9766,accepted,313.6
981,36,car,804,327,1162,597,867,517,962,548,0.682,261.2,True,FTN10BY3974,0.879,TN10BY3974,accepted,186.0
981,11,auto,1450,286,1919,997,1633,586,1761,705,0.664,261.2,True,TN03D9766,0.954,TN03D9766,accepted,295.9
981,11,auto,1450,286,1919,997,1637,587,1756,669,0.534,261.2,True,TN03D9766,0.986,TN03D9766,accepted,216.6
982,36,car,784,325,1153,605,853,521,949,552,0.735,419.0,True,FTN10BY3974,0.886,TN10BY3974,accepted,214.4
982,11,auto,1448,285,1919,997,1641,588,1753,660,0.419,419.0,True,TN03D9766,0.959,TN03D9766,accepted,238.7
982,11,auto,1448,285,1919,997,1636,586,1755,690,0.341,419.0,True,TN03D9766,0.942,TN03D9766,accepted,194.3
983,36,car,766,325,1147,613,839,527,935,562,0.744,254.0,True,FTN108Y3974,0.893,TN1OBY3974,accepted,176.0
983,11,auto,1451,286,1919,998,1630,586,1762,708,0.709,254.0,True,TN03D9766,0.966,TN03D9766,accepted,264.6
984,36,car,749,324,1142,620,819,531,917,565,0.768,236.1,True,FTN10BY3974,0.878,TN10BY3974,accepted,196.2
984,11,auto,1451,286,1919,997,1631,585,1761,708,0.669,236.1,True,TN03D9766,0.947,TN03D9766,accepted,262.9
984,11,auto,1451,286,1919,997,1636,586,1755,679,0.490,236.1,True,TN03D9766,0.981,TN03D9766,accepted,196.7
985,36,car,722,324,1132,625,800,537,905,573,0.786,260.3,True,FIN10BY3974,0.884,TN10BY3974,accepted,194.9
985,11,auto,1451,286,1919,997,1635,586,1759,699,0.586,260.3,True,TN03D9766,0.966,TN03D9766,accepted,256.7
985,11,auto,1451,286,1919,997,1639,588,1756,666,0.461,260.3,True,TN03D9766,0.958,TN03D9766,accepted,187.6
986,36,car,704,324,1124,635,779,543,883,577,0.740,236.6,True,IN108Y3974,0.910,TN1OBY3974,accepted,191.6
986,11,auto,1451,286,1919,997,1631,587,1760,706,0.692,236.6,True,TN03D9766K,0.832,,rejected,302.8
987,36,car,676,324,1120,645,755,550,863,590,0.801,227.1,True,FTN10BY3974,0.897,TN10BY3974,accepted,167.2
987,11,auto,1452,287,1919,998,1632,584,1759,705,0.458,227.1,True,TN03D9766,0.957,TN03D9766,accepted,253.8
988,36,car,655,322,1109,654,731,555,841,595,0.799,222.4,True,FTN10BY3974,0.924,TN10BY3974,accepted,187.3
988,11,auto,1451,285,1919,996,1631,584,1761,708,0.651,222.4,True,TN03D9766,0.931,TN03D9766,accepted,251.5
988,11,auto,1451,285,1919,996,1636,585,1756,672,0.504,222.4,True,TN03D9766,0.981,TN03D9766,accepted,190.1
989,36,car,624,320,1102,665,706,565,818,602,0.770,246.7,True,FTN10BV3974,0.879,TN10BV3974,accepted,193.7
989,11,auto,1449,284,1919,996,1633,588,1758,705,0.603,246.7,True,TN03D9766,0.962,TN03D9766,accepted,204.4
989,11,auto,1449,284,1919,996,1636,589,1752,673,0.344,246.7,True,TN03D9766,0.984,TN03D9766,accepted,217.0
990,36,car,567,319,1084,688,644,583,770,624,0.746,234.1,True,FTN10BY3974,0.861,TN10BY3974,accepted,187.4
990,11,auto,1448,285,1919,997,1627,586,1761,709,0.716,234.1,True,TN03D9766,0.961,TN03D9766,accepted,262.8
991,11,auto,1450,284,1919,996,1627,585,1762,708,0.660,245.4,True,TN03D9766,0.967,TN03D9766,accepted,308.7
991,36,car,528,315,1074,705,613,591,741,634,0.648,245.4,True,TN10BY3974,0.890,TN10BY3974,accepted,198.3
992,36,car,493,315,1061,723,576,602,712,645,0.718,243.9,True,TN10BY3974,0.902,TN10BY3974,accepted,173.6
992,11,auto,1450,284,1919,997,1630,585,1760,706,0.616,243.9,True,TN03D9766,0.936,TN03D9766,accepted,297.0
992,11,auto,1450,284,1919,997,1634,586,1755,672,0.497,243.9,True,TN03D9766,0.986,TN03D9766,accepted,184.5
993,36,car,454,311,1051,732,540,612,678,657,0.714,240.5,True,FTN10BY3974,0.868,TN10BY3974,accepted,188.0
993,11,auto,1449,284,1919,996,1629,585,1762,708,0.663,240.5,True,TN03D9766,0.937,TN03D9766,accepted,311.1
994,36,car,412,311,1035,748,496,622,641,671,0.712,234.1,True,FTN10BY3974,0.889,TN10BY3974,accepted,189.5
994,11,auto,1451,285,1919,996,1628,584,1762,709,0.669,234.1,True,TN03D9766,0.929,TN03D9766,accepted,273.6
995,36,car,365,309,1022,767,449,637,595,685,0.737,378.8,True,IN10BY3974,0.856,TN10BY3974,accepted,267.7
995,11,auto,1449,285,1919,996,1630,585,1762,708,0.661,378.8,True,TN03D9766,0.954,TN03D9766,accepted,347.6
996,36,car,309,307,1008,788,399,652,551,701,0.627,250.9,True,TN10BY3974,0.889,TN10BY3974,accepted,198.7
996,11,auto,1448,284,1919,997,1632,586,1760,707,0.589,250.9,True,,,,no_text,275.6
996,11,auto,1448,284,1919,997,1635,587,1756,675,0.393,250.9,True,TN03D9766,0.957,TN03D9766,accepted,205.1
997,36,car,252,305,993,815,338,668,501,724,0.737,247.3,True,TM10BV3974,0.845,TN10BV3974,accepted,204.5
997,11,auto,1449,285,1919,997,1630,585,1760,707,0.611,247.3,True,,,,no_text,154.3
998,36,car,186,302,979,839,273,687,441,744,0.736,253.8,True,FTN10BV3974,0.849,TN10BV3974,accepted,183.5
998,11,auto,1448,285,1919,997,1628,585,1759,707,0.632,253.8,True,,,,no_text,198.9
999,36,car,120,301,961,862,201,706,377,770,0.753,253.6,True,ETM10BY3974,0.817,TN10BY3974,accepted,178.1
999,11,auto,1451,285,1919,997,1628,585,1761,708,0.654,253.6,True,,,,no_text,163.3
1000,36,car,33,298,941,898,117,732,300,797,0.744,243.0,True,TN10B13974,0.838,TN1OBI3974,accepted,186.2
1000,11,auto,1450,286,1919,998,1636,584,1758,683,0.559,243.0,True,TN03D9766,0.978,TN03D9766,accepted,205.2
1000,37,auto,1450,286,1919,998,1825,624,1919,744,0.267,243.0,True,,,,no_text,47.9
1001,36,car,2,294,923,937,20,754,215,829,0.802,285.5,True,TM10813974,0.812,TN1OBI3974,accepted,184.2
1001,11,auto,1448,285,1919,997,1635,586,1759,692,0.612,285.5,True,TN03D9766,0.958,TN03D9766,accepted,183.6
1002,11,auto,1448,285,1919,997,1636,585,1759,696,0.591,404.7,True,TN03D9766,0.922,TN03D9766,accepted,283.1
1003,11,auto,1448,286,1919,998,1636,584,1761,689,0.473,387.6,True,TN03D9766,0.967,TN03D9766,accepted,192.7
1004,11,auto,1448,285,1919,999,1640,588,1759,675,0.413,238.0,True,TN03D9766,0.964,TN03D9766,accepted,194.7
1005,11,auto,1448,285,1919,998,1637,585,1760,689,0.450,238.9,True,TN03D9766,0.946,TN03D9766,accepted,185.8
1006,11,auto,1448,285,1919,998,1632,585,1762,708,0.602,226.8,True,TN03D9766,0.952,TN03D9766,accepted,193.6
1007,37,auto,1451,286,1920,998,1825,605,1919,744,0.335,265.0,True,,,,no_text,48.1
1008,37,auto,1453,287,1919,998,1824,600,1919,744,0.311,266.1,True,,,,no_text,41.1
1010,11,auto,1451,286,1919,998,1635,586,1762,707,0.340,265.0,True,TN03D9766,0.986,TN03D9766,accepted,388.2
1010,38,car,1069,342,1212,456,1103,414,1142,433,0.331,265.0,True,,,,no_text,49.4
1011,11,auto,1453,286,1920,998,1636,585,1764,709,0.435,420.6,True,TN03D9766,0.979,TN03D9766,accepted,279.0
1011,37,auto,1453,286,1920,998,1824,609,1919,745,0.275,420.6,True,,,,no_text,54.3
1011,38,car,1066,343,1209,456,1103,414,1141,433,0.272,420.6,True,,,,no_text,70.1
1012,11,auto,1455,287,1919,998,1644,587,1759,663,0.531,268.5,True,TN03D9766,0.983,TN03D9766,accepted,283.2
1012,38,car,1062,344,1207,457,1097,416,1136,433,0.370,268.5,True,,,,no_text,67.6
1013,11,auto,1451,285,1920,997,1645,589,1757,662,0.440,430.4,True,TN03D9766,0.976,TN03D9766,accepted,221.7
1013,11,auto,1451,285,1920,997,1645,587,1763,696,0.377,430.4,True,TN03D9766,0.962,TN03D9766,accepted,197.1
1013,38,car,1057,344,1204,458,1095,414,1131,432,0.280,430.4,True,,,,no_text,64.0
1014,11,auto,1448,285,1919,997,1640,584,1764,709,0.407,269.2,True,,,,no_text,152.1
1014,11,auto,1448,285,1919,997,1641,586,1759,670,0.347,269.2,True,TN03D9766,0.979,TN03D9766,accepted,198.1
1014,38,car,1052,342,1200,458,1088,415,1124,432,0.275,269.2,True,,,,no_text,53.9
1014,37,auto,1448,285,1919,997,1828,607,1920,742,0.252,269.2,True,,,,no_text,56.2
1015,11,auto,1446,286,1920,998,1635,585,1765,710,0.527,266.3,True,TN03D9766,0.921,TN03D9766,accepted,205.8
1015,37,auto,1446,286,1920,998,1824,602,1919,743,0.261,266.3,True,,,,no_text,32.8
1016,38,car,1043,346,1194,462,1078,417,1114,432,0.379,257.8,True,,,,no_text,57.6
1016,11,auto,1451,287,1920,998,1637,584,1763,708,0.372,257.8,True,TN03D9766,0.972,TN03D9766,accepted,308.1
1016,37,auto,1451,287,1920,998,1826,610,1919,743,0.337,257.8,True,,,,no_text,61.7
1016,11,auto,1451,287,1920,998,1642,588,1758,669,0.275,257.8,True,TN03D9766,0.958,TN03D9766,accepted,193.5
1017,11,auto,1451,286,1919,998,1645,589,1757,661,0.462,250.9,True,TN03D9766,0.980,TN03D9766,accepted,193.0
1017,38,car,1036,346,1191,463,1075,419,1114,433,0.397,250.9,True,,,,no_text,81.5
1017,11,auto,1451,286,1919,998,1645,587,1763,691,0.333,250.9,True,TN03D9766,0.955,TN03D9766,accepted,203.4
1018,11,auto,1449,285,1920,997,1649,588,1764,675,0.551,249.9,True,TN03D9766,0.971,TN03D9766,accepted,190.2
1019,11,auto,1449,285,1920,997,1648,588,1763,677,0.503,244.1,True,TN03D9766,0.976,TN03D9766,accepted,186.9
1020,11,auto,1451,286,1920,998,1644,588,1759,660,0.521,244.0,True,TN03D9766,0.980,TN03D9766,accepted,202.1
1020,11,auto,1451,286,1920,998,1644,585,1763,692,0.400,244.0,True,TN03D9766,0.915,TN03D9766,accepted,187.4
1021,38,car,1009,341,1178,469,1048,421,1091,439,0.409,480.3,True,,,,no_text,67.0
1021,11,auto,1452,284,1920,997,1650,587,1763,670,0.340,480.3,True,TN03D9766,0.980,TN03D9766,accepted,238.0
1021,11,auto,1452,284,1920,997,1644,585,1764,705,0.295,480.3,True,976,0.970,,rejected,316.5
1022,38,car,1003,344,1173,473,1043,425,1088,442,0.570,241.2,True,,,,no_text,171.6
1022,11,auto,1452,288,1920,998,1644,589,1758,664,0.394,241.2,True,TN03D9766,0.984,TN03D9766,accepted,202.5
1022,11,auto,1452,288,1920,998,1640,585,1763,708,0.385,241.2,True,TN03D9766,0.955,TN03D9766,accepted,242.6
1023,38,car,996,346,1170,474,1036,425,1083,442,0.642,245.7,True,,,,no_text,181.6
1023,11,auto,1452,286,1919,998,1645,589,1757,662,0.509,245.7,True,TN03D9766,0.974,TN03D9766,accepted,321.3
1023,11,auto,1452,286,1919,998,1644,587,1761,696,0.371,245.7,True,TN03D9766,0.925,TN03D9766,accepted,192.8
1024,38,car,988,344,1168,476,1027,425,1073,443,0.631,247.3,True,,,,no_text,63.4
1024,11,auto,1449,285,1920,996,1651,589,1761,665,0.484,247.3,True,TN03D9766,0.983,TN03D9766,accepted,216.3
1024,11,auto,1449,285,1920,996,1648,588,1762,697,0.396,247.3,True,TN03D9766,0.975,TN03D9766,accepted,199.6
1025,38,car,979,344,1162,479,1020,430,1067,446,0.685,261.7,True,,,,no_text,237.2
1025,11,auto,1452,284,1920,998,1649,588,1764,672,0.601,261.7,True,,,,no_text,169.6
1025,11,auto,1452,284,1920,998,1642,587,1765,705,0.514,261.7,True,TN03D9766,0.973,TN03D9766,accepted,223.6
1026,38,car,969,345,1158,479,1011,430,1058,448,0.566,277.4,True,,,,no_text,66.2
1026,11,auto,1449,286,1920,998,1645,589,1758,661,0.448,277.4,True,TN03D9766,0.977,TN03D9766,accepted,287.6
1026,11,auto,1449,286,1920,998,1644,587,1762,692,0.252,277.4,True,TN03D9766,0.986,TN03D9766,accepted,184.8
1027,38,car,964,341,1152,481,1008,430,1052,449,0.520,231.6,True,,,,no_text,62.3
1027,11,auto,1448,284,1919,996,1644,585,1759,661,0.486,231.6,True,TN03D9766,0.971,TN03D9766,accepted,258.9
1027,11,auto,1448,284,1919,996,1642,584,1763,691,0.288,231.6,True,TN03D9766,0.978,TN03D9766,accepted,208.0
1028,38,car,958,342,1147,482,999,431,1046,450,0.508,257.2,True,,,,no_text,61.6
1028,11,auto,1451,284,1919,998,1649,586,1763,670,0.394,257.2,True,69703,0.556,,rejected,165.4
1028,11,auto,1451,284,1919,998,1645,585,1764,701,0.380,257.2,True,TN03D9766,0.961,TN03D9766,accepted,199.0
1029,11,auto,1451,283,1919,998,1642,585,1766,707,0.473,229.9,True,TN03D9766,0.963,TN03D9766,accepted,178.5
1029,38,car,951,342,1145,485,992,431,1041,451,0.412,229.9,True,,,,no_text,170.7
1029,11,auto,1451,283,1919,998,1644,587,1762,672,0.325,229.9,True,TN03D9766,0.982,TN03D9766,accepted,211.2
1029,38,car,951,342,1145,485,994,436,1042,456,0.302,229.9,True,,,,no_text,167.8
1030,38,car,940,346,1142,488,985,437,1036,456,0.565,237.9,True,,,,no_text,171.2
1030,11,auto,1451,285,1919,997,1645,589,1758,662,0.558,237.9,True,TN03D9766,0.980,TN03D9766,accepted,244.6
1030,11,auto,1451,285,1919,997,1645,587,1762,690,0.457,237.9,True,TN03D9766,0.967,TN03D9766,accepted,185.7
1031,38,car,931,344,1137,490,976,435,1023,456,0.546,230.7,True,,,,no_text,177.0
1031,11,auto,1449,283,1919,996,1646,587,1759,662,0.281,230.7,True,TN03D9766,0.959,TN03D9766,accepted,264.5
1032,38,car,923,345,1131,492,968,438,1021,457,0.657,265.6,True,,,,no_text,192.4
1032,11,auto,1451,283,1920,997,1649,589,1762,668,0.459,265.6,True,TN03D9766,0.992,TN03D9766,accepted,242.2
1033,38,car,914,344,1124,495,960,443,1014,461,0.545,412.2,True,,,,no_text,194.3
1033,11,auto,1450,284,1919,996,1649,585,1765,678,0.517,412.2,True,TN03D9766,0.958,TN03D9766,accepted,300.3
1034,38,car,909,344,1121,498,952,441,1006,460,0.663,275.6,True,,,,no_text,187.0
1034,11,auto,1450,284,1920,997,1649,588,1763,672,0.474,275.6,True,TN03D9766,0.971,TN03D9766,accepted,311.4
1034,11,auto,1450,284,1920,997,1643,587,1764,702,0.406,275.6,True,TN03D9766,0.961,TN03D9766,accepted,205.0
1035,38,car,896,345,1119,501,943,443,1001,464,0.676,392.1,True,,,,no_text,191.2
1035,11,auto,1449,285,1920,997,1648,588,1761,667,0.585,392.1,True,TN03D9766,0.946,TN03D9766,accepted,207.7
1035,11,auto,1449,285,1920,997,1643,587,1762,696,0.471,392.1,True,TN03D9766,0.979,TN03D9766,accepted,197.8
1036,38,car,891,344,1113,502,933,443,993,463,0.691,393.3,True,,,,no_text,186.7
1036,11,auto,1452,284,1920,996,1649,588,1763,671,0.530,393.3,True,TN03D9766,0.971,TN03D9766,accepted,233.4
1037,38,car,877,344,1109,504,923,445,983,464,0.683,400.7,True,,,,no_text,161.5
1037,11,auto,1450,284,1920,996,1649,588,1763,671,0.481,400.7,True,TN03D9766,0.964,TN03D9766,accepted,200.4
1037,11,auto,1450,284,1920,996,1645,587,1764,702,0.424,400.7,True,TN03D9766,0.953,TN03D9766,accepted,198.6
1038,38,car,869,342,1103,508,916,447,973,467,0.696,267.1,True,,,,no_text,175.4
1038,11,auto,1451,284,1919,996,1649,588,1763,674,0.507,267.1,True,TN03D9766,0.950,TN03D9766,accepted,239.1
1039,38,car,860,343,1096,510,907,449,964,468,0.725,232.7,True,,,,no_text,169.9
1039,11,auto,1453,285,1920,996,1647,587,1762,675,0.528,232.7,True,,,,no_text,150.1
1039,11,auto,1453,285,1920,996,1641,586,1763,704,0.479,232.7,True,TN03D9766,0.945,TN03D9766,accepted,189.5
1040,38,car,848,341,1091,514,893,452,952,471,0.706,256.2,True,,,,no_text,179.2
1040,11,auto,1453,287,1920,996,1637,586,1763,708,0.456,256.2,True,TN03D9766,0.957,TN03D9766,accepted,322.0
1040,11,auto,1453,287,1920,996,1642,589,1757,672,0.333,256.2,True,TN03D9766,0.984,TN03D9766,accepted,194.9
1040,37,auto,1453,287,1920,996,1827,610,1920,742,0.276,256.2,True,,,,no_text,57.2
1041,38,car,835,342,1085,517,886,455,945,475,0.669,242.2,True,N,0.754,,rejected,196.8
1041,11,auto,1453,287,1920,996,1638,586,1762,707,0.378,242.2,True,TN03D9766,0.966,TN03D9766,accepted,259.3
1041,11,auto,1453,287,1920,996,1647,588,1760,680,0.337,242.2,True,TN03D9766,0.977,TN03D9766,accepted,234.9
1041,37,auto,1453,287,1920,996,1826,611,1920,743,0.277,242.2,True,,,,no_text,160.8
1042,38,car,823,345,1079,520,873,455,934,478,0.576,245.9,True,,,,no_text,169.3
1042,11,auto,1453,287,1920,997,1644,588,1757,664,0.475,245.9,True,TN03D9766,0.982,TN03D9766,accepted,277.6
1042,11,auto,1453,287,1920,997,1642,585,1762,695,0.371,245.9,True,TN03D9766,0.979,TN03D9766,accepted,185.7
1043,38,car,811,343,1074,522,863,457,926,480,0.644,246.1,True,,,,no_text,186.5
1043,11,auto,1454,285,1920,996,1645,586,1760,658,0.406,246.1,True,TN03D9766,0.981,TN03D9766,accepted,264.0
1044,38,car,796,340,1068,526,848,457,914,482,0.689,273.8,True,,,,no_text,179.9
1044,11,auto,1453,284,1920,996,1645,586,1758,659,0.403,273.8,True,TN03D9766,0.974,TN03D9766,accepted,262.6
1044,11,auto,1453,284,1920,996,1646,584,1764,700,0.288,273.8,True,TN03D9766,0.971,TN03D9766,accepted,202.3
1045,38,car,781,338,1062,530,837,460,902,484,0.714,266.0,True,,,,no_text,189.3
1045,11,auto,1452,285,1920,995,1650,586,1762,669,0.403,266.0,True,TN03D9766,0.971,TN03D9766,accepted,210.0
1045,11,auto,1452,285,1920,995,1644,584,1763,705,0.315,266.0,True,0,0.692,,rejected,199.4
1046,38,car,771,338,1057,534,823,464,892,489,0.697,254.2,True,,,,no_text,189.6
1046,11,auto,1453,286,1920,995,1650,589,1761,664,0.498,254.2,True,TN03D9766,0.982,TN03D9766,accepted,212.3
1046,11,auto,1453,286,1920,995,1646,588,1763,695,0.433,254.2,True,TN03D9766,0.960,TN03D9766,accepted,198.4
1047,38,car,757,341,1050,539,808,468,880,492,0.723,241.5,True,736,0.675,,rejected,170.8
1047,11,auto,1455,287,1920,995,1646,589,1755,657,0.524,241.5,True,TN03D9766,0.978,TN03D9766,accepted,210.8
1047,11,auto,1455,287,1920,995,1647,588,1761,688,0.399,241.5,True,TN03D9766,0.974,TN03D9766,accepted,220.5
1048,38,car,738,338,1043,543,793,470,863,493,0.656,393.6,True,74,0.585,,rejected,166.6
1048,11,auto,1454,285,1920,995,1644,587,1764,705,0.488,393.6,True,TN03D9766,0.979,TN03D9766,accepted,194.4
1048,11,auto,1454,285,1920,995,1649,588,1763,675,0.472,393.6,True,TN03D9766,0.941,TN03D9766,accepted,222.7
1049,38,car,723,337,1033,547,777,472,851,496,0.683,338.8,True,,,,no_text,181.4
1049,11,auto,1453,286,1920,995,1638,586,1764,709,0.531,338.8,True,N03D9766,0.965,NL3D9766,accepted,264.9
1049,11,auto,1453,286,1920,995,1641,587,1758,673,0.326,338.8,True,,,,no_text,152.0
1050,38,car,705,337,1025,551,762,476,834,499,0.733,244.1,True,7735,0.800,,rejected,192.9
1050,11,auto,1455,285,1920,995,1644,586,1756,655,0.340,244.1,True,TN03D9766,0.984,TN03D9766,accepted,277.9
1050,37,auto,1455,285,1920,995,1830,604,1920,738,0.296,244.1,True,,,,no_text,53.2
1051,38,car,684,339,1018,557,744,480,816,504,0.578,261.8,True,IN073736,0.659,TN073736,accepted,197.9
1051,11,auto,1453,286,1919,996,1638,585,1764,709,0.507,261.8,True,TN03D9766,0.969,TN03D9766,accepted,319.3
1052,38,car,670,340,1010,563,727,483,802,509,0.732,262.8,True,TN07N3736,0.782,TN07N3736,accepted,200.9
1052,11,auto,1455,287,1919,996,1650,587,1764,668,0.465,262.8,True,TN03D9766,0.982,TN03D9766,accepted,222.6
1053,38,car,650,338,1002,567,710,486,785,510,0.736,228.8,True,IN073735,0.828,TN073735,accepted,188.3
1053,11,auto,1457,286,1919,996,1645,585,1760,658,0.561,228.8,True,TN03D9766,0.981,TN03D9766,accepted,214.3
1053,11,auto,1457,286,1919,996,1644,583,1762,689,0.370,228.8,True,TN03D9766,0.963,TN03D9766,accepted,201.3
1054,38,car,627,339,990,573,686,492,767,517,0.734,248.2,True,TN073735,0.818,TN073735,accepted,182.7
1054,11,auto,1457,288,1919,996,1641,587,1764,708,0.594,248.2,True,TN03D9766,0.948,TN03D9766,accepted,261.0
1054,11,auto,1457,288,1919,996,1642,588,1758,674,0.418,248.2,True,TN03D9766,0.976,TN03D9766,accepted,193.2
1055,38,car,581,340,972,586,642,501,724,528,0.753,262.1,True,IN073735,0.863,TN073735,accepted,190.9
1055,11,auto,1457,289,1920,995,1645,587,1758,658,0.519,262.1,True,TN03D9766,0.969,TN03D9766,accepted,322.1
1055,11,auto,1457,289,1920,995,1646,586,1763,700,0.368,262.1,True,TN03D9766,0.946,TN03D9766,accepted,260.0
1055,37,auto,1457,289,1920,995,1827,606,1920,741,0.254,262.1,True,,,,no_text,174.3
1056,38,car,554,337,961,592,618,505,704,533,0.713,282.8,True,IN073736,0.870,TN073736,accepted,202.9
1056,11,auto,1457,288,1919,995,1650,587,1763,664,0.563,282.8,True,TN03D9766,0.979,TN03D9766,accepted,283.7
1056,11,auto,1457,288,1919,995,1648,586,1764,695,0.441,282.8,True,TN03D9766,0.982,TN03D9766,accepted,191.2
1057,38,car,502,336,940,611,563,517,656,545,0.708,244.1,True,TN073736,0.880,TN073736,accepted,197.1
1057,11,auto,1457,289,1920,996,1646,587,1759,674,0.401,244.1,True,,,,no_text,161.1
1057,11,auto,1457,289,1920,996,1638,585,1761,705,0.396,244.1,True,TN03D9766,0.954,TN03D9766,accepted,325.8
1057,37,auto,1457,289,1920,996,1828,611,1920,742,0.292,244.1,True,,,,no_text,61.0
1058,38,car,469,335,925,619,534,520,624,550,0.762,264.8,True,TN073736,0.835,TN073736,accepted,189.5
1058,11,auto,1457,289,1920,996,1649,588,1762,666,0.524,264.8,True,TN03D9766,0.981,TN03D9766,accepted,305.2
1058,11,auto,1457,289,1920,996,1645,586,1763,699,0.440,264.8,True,TN03D9766,0.976,TN03D9766,accepted,193.0
1058,37,auto,1457,289,1920,996,1826,603,1920,743,0.309,264.8,True,,,,no_text,46.1
1059,38,car,434,334,914,626,503,527,595,555,0.731,232.9,True,TNO7E3736,0.901,NL7E3736,accepted,191.8
1059,11,auto,1458,289,1920,996,1646,588,1758,659,0.616,232.9,True,TN03D9766,0.977,TN03D9766,accepted,291.7
1059,11,auto,1458,289,1920,996,1647,586,1763,691,0.417,232.9,True,TN03D9766,0.975,TN03D9766,accepted,234.3
1060,38,car,403,335,898,637,469,533,566,563,0.718,371.2,True,TN07EN3736,0.810,TN07EN3736,accepted,201.9
1060,11,auto,1458,290,1919,997,1648,587,1761,665,0.644,371.2,True,TN03D9766,0.981,TN03D9766,accepted,225.8
1061,38,car,364,334,884,649,430,542,531,572,0.747,274.1,True,TN07N3736,0.838,TN07N3736,accepted,198.9
1061,11,auto,1457,290,1919,999,1649,586,1762,669,0.547,274.1,True,,,,no_text,156.9
1062,38,car,322,330,873,660,390,547,495,579,0.704,248.7,True,TN073736,0.902,TN073736,accepted,173.3
1062,11,auto,1457,291,1919,999,1648,587,1762,667,0.602,248.7,True,TN03D9766,0.968,TN03D9766,accepted,193.6
1063,38,car,230,331,836,683,298,563,408,598,0.781,265.5,True,TN073736,0.819,TN073736,accepted,187.4
1063,11,auto,1457,289,1920,998,1643,587,1757,664,0.562,265.5,True,TN03D9766,0.968,TN03D9766,accepted,283.6
1063,11,auto,1457,289,1920,998,1640,583,1762,700,0.419,265.5,True,TN03D9766,0.971,TN03D9766,accepted,242.7
1063,37,auto,1457,289,1920,998,1828,605,1920,742,0.318,265.5,True,,,,no_text,48.1
1064,38,car,172,331,816,700,244,575,362,610,0.781,245.3,True,TN07N3736,0.792,TN07N3736,accepted,195.4
1064,11,auto,1457,292,1919,999,1645,587,1757,665,0.651,245.3,True,TN03D9766,0.983,TN03D9766,accepted,272.7
1065,38,car,48,329,776,729,121,594,250,633,0.816,282.3,True,T7N3736,0.629,,rejected,201.0
1065,11,auto,1456,289,1919,998,1645,588,1759,665,0.595,282.3,True,TN03D9766,0.985,TN03D9766,accepted,190.0
1065,11,auto,1456,289,1919,998,1644,585,1762,694,0.428,282.3,True,TN03D9766,0.960,TN03D9766,accepted,192.1
1066,38,car,0,331,754,747,51,609,185,649,0.796,263.6,True,07336,0.585,,rejected,193.5
1066,11,auto,1457,291,1919,999,1645,587,1758,666,0.629,263.6,True,TN03D9766,0.984,TN03D9766,accepted,339.3
1067,38,car,0,331,731,764,0,625,112,665,0.779,302.5,True,,,,no_text,188.2
1067,11,auto,1457,290,1919,998,1648,585,1761,675,0.602,302.5,True,TN03D9766,0.975,TN03D9766,accepted,199.6
1068,38,car,0,326,702,790,0,640,30,685,0.683,240.3,True,,,,no_text,53.2
1068,11,auto,1457,291,1920,999,1648,584,1762,676,0.604,240.3,True,TN03D9766,0.967,TN03D9766,accepted,213.2
1069,11,auto,1457,291,1920,999,1648,588,1761,673,0.616,238.5,True,DN703,0.599,,rejected,148.5
1070,11,auto,1456,290,1920,998,1649,589,1762,671,0.614,246.6,True,TN03D9766,0.953,TN03D9766,accepted,196.9
1071,11,auto,1457,290,1920,999,1648,590,1761,679,0.648,281.9,True,,,,no_text,151.4
1071,37,auto,1457,290,1920,999,1832,622,1920,751,0.296,281.9,True,,,,no_text,43.8
1071,11,auto,1457,290,1920,999,1621,592,1763,707,0.261,281.9,True,TN03D9766,0.967,TN03D9766,accepted,210.8
1072,11,auto,1456,290,1920,999,1640,590,1760,688,0.632,258.4,True,TN03D9766,0.977,TN03D9766,accepted,193.5
1072,11,auto,1456,290,1920,999,1618,591,1764,707,0.291,258.4,True,TN03D97663,0.833,,rejected,330.8
1073,11,auto,1456,290,1920,1000,1640,592,1757,685,0.643,230.1,True,TN03D9766,0.973,TN03D9766,accepted,192.9
1073,37,auto,1456,290,1920,1000,1831,631,1920,750,0.264,230.1,True,2020,0.594,,rejected,152.1
1073,11,auto,1456,290,1920,1000,1621,593,1760,706,0.251,230.1,True,TN03D9766,0.945,TN03D9766,accepted,311.8
1074,11,auto,1458,290,1920,999,1647,588,1762,679,0.688,310.3,True,TN03D9766,0.970,TN03D9766,accepted,171.3
1074,37,auto,1458,290,1920,999,1830,610,1920,749,0.301,310.3,True,,,,no_text,52.6
1074,11,auto,1458,290,1920,999,1619,591,1763,706,0.258,310.3,True,TN03D9766,0.969,TN03D9766,accepted,270.6
1075,11,auto,1456,288,1920,1000,1639,590,1760,692,0.662,253.6,True,TN03D9766,0.978,TN03D9766,accepted,195.0
1076,11,auto,1455,289,1920,1000,1641,590,1761,687,0.581,259.3,True,TN03D9766,0.984,TN03D9766,accepted,192.3
1077,11,auto,1455,289,1919,1000,1644,590,1763,703,0.544,263.5,True,,,,no_text,231.7
1078,11,auto,1454,289,1920,1001,1648,589,1762,684,0.542,233.2,True,TN03D9766,0.965,TN03D9766,accepted,248.7
1078,37,auto,1454,289,1920,1001,1831,613,1920,750,0.255,233.2,True,,,,no_text,50.1
1079,11,auto,1454,288,1919,1002,1650,590,1759,671,0.457,265.2,True,,,,no_text,158.7
1080,11,auto,1452,288,1919,1002,1644,589,1756,667,0.447,279.9,True,TN03D9766,0.976,TN03D9766,accepted,320.7
1081,11,auto,1450,290,1919,1000,1640,587,1764,705,0.487,383.5,True,TN03D9766,0.975,TN03D9766,accepted,339.9
1082,11,auto,1452,289,1919,1001,1638,591,1759,694,0.567,239.9,True,TN03D9766,0.980,TN03D9766,accepted,198.6
1083,11,auto,1451,289,1919,1001,1643,588,1763,703,0.546,261.9,True,,,,no_text,144.2
1084,11,auto,1451,290,1919,1001,1644,590,1761,700,0.452,262.0,True,TN03D9766,0.976,TN03D9766,accepted,183.4
1085,11,auto,1452,289,1919,1000,1648,588,1763,677,0.494,255.2,True,,,,no_text,150.6
1086,11,auto,1452,289,1919,1001,1644,590,1757,666,0.361,257.1,True,TN03D9766,0.988,TN03D9766,accepted,279.1
1087,11,auto,1449,290,1919,1001,1643,589,1755,665,0.452,255.4,True,TN03D9766,0.983,TN03D9766,accepted,192.5
1088,11,auto,1449,289,1919,999,1641,587,1763,700,0.500,249.9,True,TN03D9766,0.965,TN03D9766,accepted,300.5
1089,11,auto,1450,289,1919,1000,1644,590,1755,667,0.505,246.3,True,TN03D9766,0.985,TN03D9766,accepted,268.1
1090,11,auto,1448,289,1919,1000,1646,592,1755,662,0.487,251.2,True,TN03D9766,0.983,TN03D9766,accepted,281.3
1090,37,auto,1448,289,1919,1000,1833,651,1920,752,0.266,251.2,True,,,,no_text,41.3
1091,11,auto,1447,288,1920,999,1651,588,1764,684,0.446,250.3,True,TN03D9766,0.979,TN03D9766,accepted,195.4
1092,11,auto,1449,289,1919,1000,1647,590,1759,668,0.544,252.2,True,TN03D9766,0.973,TN03D9766,accepted,269.0
1093,11,auto,1448,290,1919,1001,1645,589,1761,682,0.626,327.5,True,TN03D9766,0.986,TN03D9766,accepted,203.2
1094,11,auto,1446,290,1919,1001,1648,591,1758,667,0.611,238.3,True,TN03D9766,0.973,TN03D9766,accepted,198.5
1095,11,auto,1447,289,1920,1001,1647,590,1757,664,0.525,282.0,True,TN03D9766,0.981,TN03D9766,accepted,292.7
1096,11,auto,1448,290,1920,1002,1649,593,1756,665,0.435,421.3,True,TN03D9766,0.970,TN03D9766,accepted,289.4
1096,37,auto,1448,290,1920,1002,1833,686,1919,753,0.275,421.3,True,LPG,0.964,,rejected,152.8
1097,11,auto,1436,292,1920,1002,1648,592,1757,666,0.498,312.1,True,TN03D9766,0.990,TN03D9766,accepted,264.9
1098,11,auto,1441,290,1920,1002,1651,591,1757,664,0.406,338.2,True,TN03D9766,0.978,TN03D9766,accepted,270.1
1099,11,auto,1435,290,1920,1003,1652,591,1758,663,0.397,326.5,True,TN03D9766,0.983,TN03D9766,accepted,292.1
1100,11,auto,1434,292,1920,1003,1652,591,1759,667,0.316,325.9,True,TN03D9766,0.977,TN03D9766,accepted,241.5
1101,11,auto,1436,291,1920,1004,1652,592,1758,664,0.290,274.2,True,TN03D9766,0.974,TN03D9766,accepted,254.4
1101,37,auto,1436,291,1920,1004,1831,691,1919,753,0.256,274.2,True,LPG,0.989,,rejected,149.5
1102,11,auto,1446,291,1920,1003,1646,592,1760,684,0.542,346.1,True,TN03D9766,0.964,TN03D9766,accepted,291.6
1102,37,auto,1446,291,1920,1003,1835,686,1919,754,0.296,346.1,True,LPG,0.989,,rejected,154.0
1103,11,auto,1448,290,1920,1004,1648,592,1761,687,0.562,378.1,True,TN03D9766,0.980,TN03D9766,accepted,199.8
1104,11,auto,1450,291,1920,1004,1649,595,1759,677,0.423,373.7,True,TN03D9766,0.972,TN03D9766,accepted,210.6
1104,37,auto,1450,291,1920,1004,1830,679,1919,754,0.253,373.7,True,,,,no_text,41.6
1105,11,auto,1446,287,1919,1000,1649,593,1755,662,0.523,357.4,True,TN03D9766,0.983,TN03D9766,accepted,262.6
1106,37,auto,1449,288,1919,1004,1830,691,1919,755,0.412,333.0,True,LPG,0.985,,rejected,151.1
1106,11,auto,1449,288,1919,1004,1651,590,1759,669,0.361,333.0,True,TN03D9766,0.985,TN03D9766,accepted,205.6
1106,37,auto,1449,288,1919,1004,1830,633,1920,758,0.273,333.0,True,2020,0.815,,rejected,156.5
1107,11,auto,1451,290,1920,1004,1648,594,1759,685,0.503,242.6,True,TN03D9766,0.976,TN03D9766,accepted,190.7
1108,11,auto,1450,287,1920,1002,1648,592,1756,663,0.457,235.0,True,TN03D9766,0.982,TN03D9766,accepted,289.2
1109,11,auto,1454,291,1920,1002,1652,591,1761,666,0.491,262.6,True,TN03D9766,0.983,TN03D9766,accepted,254.3
1109,37,auto,1454,291,1920,1002,1831,687,1919,755,0.282,262.6,True,,,,no_text,46.9
1110,11,auto,1453,287,1919,1002,1649,593,1753,660,0.485,246.8,True,TN03D9766,0.981,TN03D9766,accepted,248.2
1110,37,auto,1453,287,1919,1002,1833,689,1919,754,0.280,246.8,True,,,,no_text,45.6
1111,37,auto,1453,290,1920,1003,1830,686,1919,756,0.429,254.8,True,,,,no_text,42.7
1111,11,auto,1453,290,1920,1003,1645,595,1757,674,0.321,254.8,True,TN03D9766,0.987,TN03D9766,accepted,218.5
1111,37,auto,1453,290,1920,1003,1830,631,1920,760,0.272,254.8,True,2020LPG,0.917,,rejected,196.2
1112,37,auto,1451,290,1920,1003,1830,684,1919,754,0.269,257.9,True,,,,no_text,43.6
1113,11,auto,1449,288,1920,1002,1641,591,1758,682,0.386,270.0,True,TN03D9766,0.980,TN03D9766,accepted,188.4
1115,11,auto,1449,288,1920,1002,1646,593,1753,664,0.266,262.3,True,TN03D9766,0.966,TN03D9766,accepted,248.2
1116,11,auto,1448,290,1919,1001,1637,590,1759,699,0.482,265.1,True,TN03D9766,0.968,TN03D9766,accepted,231.9
1117,11,auto,1446,287,1919,1001,1644,591,1758,680,0.609,282.4,True,TN703,0.615,,rejected,129.9
1118,11,auto,1449,290,1920,1001,1640,591,1758,688,0.566,351.9,True,TN03D9766,0.989,TN03D9766,accepted,243.8
1119,11,auto,1451,287,1919,1001,1642,590,1758,678,0.591,267.7,True,TN03D9766,0.982,TN03D9766,accepted,196.5
1120,11,auto,1450,290,1920,1003,1647,593,1756,675,0.556,267.1,True,970,0.621,,rejected,151.6
1120,37,auto,1450,290,1920,1003,1832,688,1919,754,0.317,267.1,True,,,,no_text,52.7
1120,37,auto,1450,290,1920,1003,1828,616,1920,757,0.290,267.1,True,5402,0.965,,rejected,218.1
1121,11,auto,1452,288,1920,1002,1646,593,1752,663,0.341,360.9,True,TN03D9766,0.989,TN03D9766,accepted,262.1
1123,11,auto,1449,294,1920,1002,1642,590,1754,683,0.573,241.5,True,TN03D9766,0.981,TN03D9766,accepted,246.7
1124,11,auto,1449,288,1919,1001,1640,590,1751,673,0.425,361.2,True,,,,no_text,182.4
1124,39,car,1112,348,1245,454,1147,412,1179,432,0.274,361.2,True,,,,no_text,51.6
1125,11,auto,1448,292,1920,1003,1644,593,1751,670,0.597,307.7,True,TN03D9766,0.976,TN03D9766,accepted,240.0
1126,11,auto,1449,290,1919,1005,1643,595,1751,674,0.641,327.4,True,TN03D9766,0.984,TN03D9766,accepted,235.7
1126,39,car,1107,377,1243,449,1135,411,1170,432,0.315,327.4,True,,,,no_text,52.9
1126,37,auto,1449,290,1919,1005,1826,608,1919,754,0.269,327.4,True,,,,no_text,158.6
1126,37,auto,1449,290,1919,1005,1828,681,1919,749,0.253,327.4,True,,,,no_text,48.1
1127,11,auto,1448,292,1920,1001,1637,594,1747,666,0.596,259.6,True,TN03D9766,0.971,TN03D9766,accepted,286.2
1127,39,car,1101,349,1240,456,1135,413,1170,432,0.348,259.6,True,,,,no_text,52.8
1128,11,auto,1446,292,1920,1002,1638,595,1742,664,0.575,281.1,True,TN03D9766,0.982,TN03D9766,accepted,186.9
1128,39,car,1094,349,1237,456,1129,413,1163,432,0.318,281.1,True,,,,no_text,59.7
1129,11,auto,1446,292,1920,1002,1638,596,1741,662,0.608,270.7,True,TN03D9766,0.989,TN03D9766,accepted,262.6
1129,39,car,1090,350,1232,458,1123,414,1161,432,0.420,270.7,True,,,,no_text,58.8
1129,37,auto,1446,292,1920,1002,1716,778,1840,844,0.293,270.7,True,,,,no_text,70.6
1130,11,auto,1447,292,1919,1001,1639,594,1742,660,0.515,332.8,True,TN03D9766,0.987,TN03D9766,accepted,255.3
1130,39,car,1084,348,1230,458,1119,414,1157,432,0.457,332.8,True,,,,no_text,65.0
1131,11,auto,1446,293,1919,1001,1638,595,1741,663,0.529,424.3,True,TN03D9766,0.965,TN03D9766,accepted,280.9
1132,11,auto,1447,293,1919,999,1637,593,1743,663,0.589,255.0,True,TN03D9766,0.983,TN03D9766,accepted,211.5
1132,39,car,1076,347,1223,459,1114,415,1148,432,0.476,255.0,True,,,,no_text,65.3
1133,11,auto,1446,293,1920,1000,1637,594,1744,666,0.580,314.7,True,TN03D9766,0.977,TN03D9766,accepted,239.8
1133,39,car,1070,348,1223,463,1107,417,1146,432,0.404,314.7,True,,,,no_text,196.5
1133,37,auto,1446,293,1920,1000,1705,767,1833,841,0.258,314.7,True,,,,no_text,60.3
1134,11,auto,1441,292,1919,999,1635,592,1739,663,0.656,292.7,True,TN03D9766,0.986,TN03D9766,accepted,284.6
1134,39,car,1063,347,1219,463,1100,417,1141,432,0.416,292.7,True,,,,no_text,73.8
1134,37,auto,1441,292,1919,999,1699,766,1831,840,0.403,292.7,True,,,,no_text,73.6
1135,11,auto,1436,289,1919,1001,1631,592,1738,669,0.640,257.9,True,TN03D9766,0.978,TN03D9766,accepted,239.2
1135,39,car,1056,346,1215,463,1098,420,1136,434,0.322,257.9,True,,,,no_text,177.8
1135,37,auto,1436,289,1919,1001,1699,768,1828,839,0.316,257.9,True,,,,no_text,62.4
1136,11,auto,1436,292,1919,1000,1631,595,1737,659,0.588,260.6,True,TN03D9766,0.983,TN03D9766,accepted,200.0
1136,39,car,1052,347,1213,467,1092,419,1131,433,0.352,260.6,True,,,,no_text,98.3
1137,11,auto,1433,291,1919,1001,1629,595,1735,661,0.707,427.1,True,TN03D9766,0.964,TN03D9766,accepted,190.3
1137,39,car,1046,349,1208,466,1084,420,1126,436,0.277,427.1,True,,,,no_text,73.6
1138,11,auto,1432,291,1919,1001,1628,595,1735,660,0.725,267.1,True,TN03D9766,0.983,TN03D9766,accepted,191.7
1138,39,car,1039,347,1205,470,1078,421,1118,440,0.422,267.1,True,,,,no_text,61.6
1139,11,auto,1432,292,1919,999,1627,595,1736,661,0.739,241.1,True,TN03D9766,0.972,TN03D9766,accepted,192.7
1139,39,car,1033,347,1200,472,1073,424,1111,440,0.360,241.1,True,,,,no_text,70.5
1140,11,auto,1432,293,1919,1000,1623,593,1733,668,0.776,338.9,True,TN03D9766,0.972,TN03D9766,accepted,280.5
1140,39,car,1010,348,1186,477,1048,427,1092,445,0.534,338.9,True,,,,no_text,66.3
1141,11,auto,1433,294,1919,1000,1623,593,1733,671,0.755,244.3,True,DTN03D9766,0.869,TN03D9766,accepted,246.6
1141,39,car,1003,347,1183,478,1045,429,1089,446,0.536,244.3,True,,,,no_text,173.4
1142,11,auto,1430,293,1919,1000,1621,592,1732,673,0.719,244.6,True,TN03D9766,0.974,TN03D9766,accepted,234.0
1142,39,car,996,346,1179,480,1036,429,1075,447,0.579,244.6,True,,,,no_text,68.0
1143,11,auto,1430,294,1919,1000,1618,591,1733,681,0.739,344.2,True,TN03D9766,0.977,TN03D9766,accepted,192.8
1143,39,car,987,347,1174,482,1030,431,1072,449,0.546,344.2,True,,,,no_text,69.9
1144,11,auto,1431,293,1919,1000,1620,593,1734,674,0.740,247.9,True,TN03D9766,0.982,TN03D9766,accepted,210.2
1144,39,car,981,347,1172,485,1023,431,1070,450,0.510,247.9,True,,,,no_text,189.4
1145,11,auto,1433,293,1919,1001,1624,594,1731,670,0.714,319.2,True,TN03D9766,0.977,TN03D9766,accepted,193.4
1145,39,car,975,347,1170,487,1018,431,1066,452,0.433,319.2,True,,,,no_text,64.8
1145,39,car,975,347,1170,487,1019,434,1070,456,0.257,319.2,True,,,,no_text,195.8
1146,11,auto,1432,293,1919,1001,1619,592,1734,681,0.759,285.3,True,TN03D9766,0.977,TN03D9766,accepted,232.9
1146,39,car,970,347,1166,486,1012,431,1062,452,0.482,285.3,True,,,,no_text,71.9
1147,11,auto,1434,293,1919,1000,1623,594,1734,670,0.750,302.2,True,TN03D9766,0.976,TN03D9766,accepted,197.4
1147,39,car,965,347,1163,489,1004,437,1056,456,0.451,302.2,True,,,,no_text,182.7
1147,39,car,965,347,1163,489,1009,431,1057,454,0.270,302.2,True,,,,no_text,64.8
1148,11,auto,1434,292,1919,1001,1623,595,1734,671,0.745,377.7,True,TN03D9766,0.980,TN03D9766,accepted,205.7
1148,39,car,956,348,1158,492,999,438,1052,456,0.584,377.7,True,,,,no_text,102.8
1149,11,auto,1433,292,1919,1001,1622,594,1734,672,0.755,261.9,True,TN03D9766,0.984,TN03D9766,accepted,215.3
1149,39,car,946,349,1155,493,990,440,1044,458,0.454,261.9,True,,,,no_text,179.7
1150,11,auto,1431,291,1919,1001,1622,592,1732,670,0.716,457.9,True,TN03D9766,0.977,TN03D9766,accepted,297.3
1150,39,car,940,347,1152,494,986,439,1037,459,0.516,457.9,True,,,,no_text,71.5
1151,11,auto,1433,292,1919,1000,1622,593,1732,669,0.764,243.3,True,TN03D9766,0.986,TN03D9766,accepted,239.6
1151,39,car,932,347,1148,498,981,441,1031,460,0.489,243.3,True,,,,no_text,178.5
1152,11,auto,1435,292,1919,1000,1621,592,1734,672,0.753,407.0,True,TN03D9766,0.974,TN03D9766,accepted,204.2
1152,39,car,923,347,1144,502,966,444,1021,463,0.522,407.0,True,,,,no_text,95.7
1153,11,auto,1436,293,1919,1000,1622,593,1734,670,0.746,402.9,True,TN03D9766,0.974,TN03D9766,accepted,198.2
1153,39,car,914,347,1139,504,962,444,1013,464,0.496,402.9,True,,,,no_text,179.7
1154,11,auto,1434,293,1919,1001,1621,591,1734,673,0.744,330.7,True,TN03D9766,0.953,TN03D9766,accepted,201.4
1154,39,car,903,345,1133,506,952,446,1010,467,0.534,330.7,True,,,,no_text,187.2
1155,11,auto,1433,292,1919,1001,1620,592,1732,675,0.747,351.5,True,TN03D9766,0.984,TN03D9766,accepted,198.6
1155,39,car,894,346,1129,510,937,447,999,469,0.532,351.5,True,,,,no_text,79.3
1156,11,auto,1437,292,1919,1000,1624,594,1734,669,0.746,443.0,True,TN03D9766,0.978,TN03D9766,accepted,311.4
1156,39,car,885,347,1125,514,934,452,995,473,0.621,443.0,True,,,,no_text,209.6
1157,39,car,822,345,1097,528,875,460,942,484,0.749,338.9,True,DTN03CS1012,0.688,TN03CS1012,accepted,184.5
1157,11,auto,1432,292,1919,1001,1616,589,1735,680,0.724,338.9,True,N703,0.590,,rejected,226.4
1157,37,auto,1432,292,1919,1001,1702,772,1819,841,0.260,338.9,True,,,,no_text,54.8
1158,39,car,809,342,1089,530,865,462,935,485,0.688,396.5,True,TNO9CS1012,0.745,NL9CS1012,accepted,184.4
1158,11,auto,1429,289,1919,1000,1623,591,1733,676,0.595,396.5,True,TN03D9766,0.950,TN03D9766,accepted,205.9
1158,40,car,1152,332,1309,481,1198,428,1240,442,0.291,396.5,True,,,,no_text,79.9
1159,39,car,795,346,1083,536,852,467,921,490,0.706,285.5,True,FT03CS1R12,0.644,,rejected,179.3
1159,11,auto,1430,291,1919,1001,1618,590,1732,680,0.684,285.5,True,876,0.520,,rejected,194.4
1160,39,car,780,344,1078,541,836,467,909,493,0.700,255.0,True,TN03CS1012,0.775,TN03CS1012,accepted,195.1
1160,11,auto,1430,291,1919,1001,1620,592,1733,674,0.657,255.0,True,TN03D9766,0.984,TN03D9766,accepted,242.8
1161,39,car,767,344,1070,546,823,472,900,498,0.718,417.9,True,FTN03CS1812,0.814,TN03CS1812,accepted,189.6
1161,11,auto,1431,291,1919,1002,1619,592,1733,677,0.677,417.9,True,N703,0.517,,rejected,151.0
1161,40,car,1138,336,1306,490,1187,437,1237,456,0.439,417.9,True,,,,no_text,206.7
1162,11,auto,1429,291,1919,1002,1621,593,1732,674,0.707,280.2,True,TN03D9766,0.988,TN03D9766,accepted,235.1
1162,39,car,749,342,1060,551,809,475,884,501,0.706,280.2,True,FTND9CS1012,0.762,,rejected,187.9
1162,40,car,1134,335,1305,493,1187,440,1234,456,0.414,280.2,True,,,,no_text,199.4
1163,39,car,733,344,1054,556,796,482,870,506,0.723,353.7,True,STN09CS1812,0.791,TN09CS1812,accepted,185.4
1163,11,auto,1431,295,1919,1002,1619,594,1732,678,0.682,353.7,True,TN03D9766,0.974,TN03D9766,accepted,240.6
1163,40,car,1130,336,1303,497,1182,443,1232,459,0.464,353.7,True,,,,no_text,192.6
1164,39,car,717,340,1046,561,777,483,852,508,0.729,273.4,True,STM03CS1812,0.898,TN03CS1812,accepted,200.1
1164,11,auto,1432,292,1919,1001,1622,593,1731,670,0.578,273.4,True,TN03D9766,0.982,TN03D9766,accepted,247.8
1164,40,car,1126,334,1302,498,1176,443,1229,460,0.529,273.4,True,,,,no_text,185.0
1165,39,car,696,343,1037,569,761,490,842,513,0.706,259.4,True,ETN03CS1812,0.851,TN03CS1812,accepted,198.2
1165,11,auto,1432,292,1919,1001,1618,592,1734,680,0.676,259.4,True,,,,no_text,209.1
1165,40,car,1123,335,1300,502,1170,445,1222,461,0.401,259.4,True,SOSTSTON,0.550,,rejected,206.4
1166,11,auto,1431,291,1919,1001,1619,592,1734,677,0.727,299.7,True,TN03D9766,0.989,TN03D9766,accepted,223.8
1166,39,car,675,341,1032,573,740,493,825,518,0.698,299.7,True,ETN09CS1812,0.879,TN09CS1812,accepted,202.5
1166,40,car,1118,333,1300,504,1168,445,1219,463,0.431,299.7,True,,,,no_text,213.7
1167,39,car,658,339,1024,581,718,496,807,524,0.740,400.7,True,ETNO9CS1812,0.801,TN09CS1812,accepted,176.0
1167,11,auto,1430,292,1919,1001,1619,591,1734,679,0.738,400.7,True,,,,no_text,209.4
1167,40,car,1112,332,1298,506,1165,446,1215,464,0.465,400.7,True,,,,no_text,179.8
1168,11,auto,1430,292,1919,1001,1620,593,1733,675,0.710,241.1,True,TN03D9766,0.983,TN03D9766,accepted,196.7
1168,39,car,632,340,1015,589,699,501,785,529,0.694,241.1,True,FTN09CS1012,0.862,TN09CS1012,accepted,190.1
1168,40,car,1109,331,1296,511,1163,447,1214,466,0.558,241.1,True,,,,no_text,191.0
1169,11,auto,1431,291,1919,1000,1618,592,1734,678,0.740,392.8,True,TN03D9766,0.988,TN03D9766,accepted,201.2
1169,39,car,583,338,997,602,653,511,743,539,0.695,392.8,True,FTNO9CS1012,0.863,TN09CS1012,accepted,187.3
1169,40,car,1096,330,1294,517,1154,447,1210,467,0.372,392.8,True,,,,no_text,188.7
1170,11,auto,1431,292,1919,1001,1618,591,1735,681,0.727,409.8,True,TN03D9766,0.974,TN03D9766,accepted,215.8
1170,39,car,562,336,986,612,626,516,722,547,0.688,409.8,True,FTN09CS1812,0.879,TN09CS1812,accepted,183.7
1170,40,car,1090,330,1293,519,1144,450,1204,471,0.600,409.8,True,,,,no_text,188.4
1171,11,auto,1430,294,1919,1001,1618,590,1734,677,0.706,374.4,True,TN03D9766,0.987,TN03D9766,accepted,191.7
1171,40,car,1109,333,1302,494,1141,453,1203,473,0.586,374.4,True,,,,no_text,185.8
1171,39,car,524,332,976,621,600,519,695,553,0.568,374.4,True,TN09CS1812,0.932,TN09CS1812,accepted,189.9
1172,11,auto,1432,293,1919,1001,1619,594,1733,676,0.700,242.6,True,TN03D9766,0.967,TN03D9766,accepted,187.2
1172,39,car,501,336,965,629,573,528,669,563,0.628,242.6,True,FTN09CS1812,0.876,TN09CS1812,accepted,182.9
1172,40,car,1076,329,1290,529,1134,460,1198,480,0.421,242.6,True,,,,no_text,201.9
1173,11,auto,1432,293,1918,1000,1618,592,1734,679,0.721,260.4,True,TN03D9766,0.966,TN03D9766,accepted,189.6
1173,39,car,467,333,952,638,540,534,640,568,0.703,260.4,True,FTN09CS1812,0.908,TN09CS1812,accepted,183.9
1173,40,car,1067,326,1287,532,1129,459,1195,481,0.628,260.4,True,ATMOSOIE3SN,0.554,,rejected,192.3
1174,11,auto,1431,293,1919,1000,1620,593,1734,674,0.703,240.7,True,TN03D9766,0.986,TN03D9766,accepted,192.9
1174,40,car,1061,326,1284,536,1121,461,1190,484,0.676,240.7,True,AEN05024330,0.543,,rejected,179.5
1174,39,car,427,333,940,651,503,543,609,577,0.646,240.7,True,FTN09CS1812,0.907,TN09CS1812,accepted,194.9
1175,39,car,356,332,914,673,427,561,539,596,0.696,243.9,True,FTN09CS1812,0.859,TN09CS1812,accepted,193.2
1175,11,auto,1432,293,1919,1000,1620,594,1732,673,0.687,243.9,True,TN03D9766,0.981,TN03D9766,accepted,196.4
1175,40,car,1044,326,1281,545,1108,468,1179,490,0.602,243.9,True,ETN05084398,0.697,TN0SOB4398,accepted,184.9
1176,11,auto,1433,295,1918,1000,1619,594,1732,673,0.696,235.0,True,TN03D9766,0.984,TN03D9766,accepted,192.7
1176,39,car,303,332,895,688,380,566,495,604,0.673,235.0,True,TN09CS1812,0.877,TN09CS1812,accepted,188.7
1176,40,car,1037,328,1280,552,1101,470,1174,494,0.651,235.0,True,FIN05084390,0.736,TN0SOB4390,accepted,193.1
1177,39,car,258,326,880,705,331,577,450,615,0.752,240.3,True,FTN09CS1812,0.891,TN09CS1812,accepted,182.1
1177,11,auto,1432,293,1919,1001,1621,592,1734,672,0.736,240.3,True,TN03D9766,0.981,TN03D9766,accepted,269.5
1177,40,car,1029,324,1276,556,1093,471,1168,495,0.690,240.3,True,STNO5084398,0.741,TN0SOB4398,accepted,217.2
1178,39,car,79,325,824,753,155,615,289,654,0.779,246.9,True,TH09CS1812,0.945,TN09CS1812,accepted,197.5
1178,11,auto,1433,290,1918,998,1624,594,1732,668,0.725,246.9,True,TN03D9766,0.976,TN03D9766,accepted,277.7
1178,40,car,1000,322,1270,571,1071,483,1149,508,0.689,246.9,True,STN05084398,0.788,TN0SOB4398,accepted,208.8
1178,40,car,1000,322,1270,571,1008,448,1048,477,0.333,246.9,True,,,,no_text,55.2
1179,39,car,2,323,800,772,78,630,220,672,0.750,263.2,True,TH09CS1812,0.943,TN09CS1812,accepted,213.1
1179,11,auto,1434,293,1919,1000,1623,594,1733,671,0.729,263.2,True,TN03D9766,0.987,TN03D9766,accepted,200.5
1179,40,car,985,322,1269,580,1059,485,1140,513,0.651,263.2,True,TN05084398,0.850,TN0SOB4398,accepted,212.6
1180,39,car,0,320,776,800,0,645,144,695,0.762,386.2,True,TH09CS1812,0.927,TN09CS1812,accepted,177.1
1180,11,auto,1433,294,1919,1000,1621,594,1733,674,0.731,386.2,True,TN03D9766,0.981,TN03D9766,accepted,217.5
1180,40,car,975,320,1264,588,1049,491,1132,516,0.657,386.2,True,FTNO50B4398,0.760,TN0SOB4398,accepted,198.8
1181,11,auto,1435,293,1919,1000,1623,594,1732,668,0.761,255.8,True,TN03D9766,0.984,TN03D9766,accepted,256.9
1181,40,car,964,321,1261,594,1038,496,1125,523,0.734,255.8,True,TNO5084398,0.898,TN0SOB4398,accepted,206.8
1181,39,car,0,319,749,833,0,668,53,723,0.613,255.8,True,812,0.862,,rejected,175.5
1182,11,auto,1435,292,1919,999,1624,595,1734,670,0.727,435.1,True,TN03D9766,0.986,TN03D9766,accepted,227.8
1182,40,car,949,321,1258,602,1026,498,1115,529,0.703,435.1,True,FTNO50B4398,0.881,TN0SOB4398,accepted,203.5
1183,11,auto,1436,289,1920,997,1624,594,1733,671,0.729,300.9,True,TN03D9766,0.987,TN03D9766,accepted,232.1
1183,40,car,932,321,1254,612,1012,503,1105,534,0.683,300.9,True,TNO50B4398,0.871,NL50B4398,accepted,186.1
1184,11,auto,1433,292,1919,1000,1622,593,1732,668,0.759,426.3,True,TN03D9766,0.989,TN03D9766,accepted,326.0
1184,40,car,916,319,1251,621,999,508,1096,539,0.703,426.3,True,TN050B4398,0.838,TN0SOB4398,accepted,190.0
1184,41,auto,1433,292,1919,1000,1721,786,1820,840,0.279,426.3,True,,,,no_text,63.7
1185,40,car,884,320,1243,643,966,525,1070,556,0.733,405.7,True,TN050B4398,0.915,TN0SOB4398,accepted,206.9
1185,11,auto,1435,293,1919,1000,1621,594,1732,670,0.713,405.7,True,TN03D9766,0.985,TN03D9766,accepted,329.8
1186,40,car,864,319,1238,654,952,533,1057,566,0.773,283.9,True,FTN050B4398,0.848,TN0SOB4398,accepted,193.3
1186,11,auto,1436,294,1919,999,1624,596,1731,668,0.712,283.9,True,TN03D9766,0.985,TN03D9766,accepted,212.8
1187,40,car,842,317,1234,666,930,543,1042,575,0.760,455.2,True,TN05084398,0.946,TN0SOB4398,accepted,260.1
1187,11,auto,1437,291,1919,998,1624,594,1733,671,0.699,455.2,True,TN03D9766,0.983,TN03D9766,accepted,288.0
1188,40,car,816,313,1226,677,910,551,1027,584,0.783,394.9,True,TN050B4398,0.933,TN0SOB4398,accepted,193.1
1188,11,auto,1438,291,1919,998,1624,594,1733,664,0.776,394.9,True,TN03D9766,0.978,TN03D9766,accepted,215.9
1188,41,auto,1438,291,1919,998,1702,775,1821,840,0.268,394.9,True,,,,no_text,56.5
1189,11,auto,1437,292,1919,998,1624,593,1731,667,0.775,375.8,True,TN03D9766,0.988,TN03D9766,accepted,271.5
1189,40,car,788,310,1225,693,885,562,1006,599,0.742,375.8,True,FTN050B4398,0.863,TN0SOB4398,accepted,228.1
1190,40,car,758,312,1217,712,860,575,988,610,0.768,327.9,True,TN050B4398,0.866,TN0SOB4398,accepted,203.9
1190,11,auto,1437,293,1919,999,1625,594,1732,672,0.686,327.9,True,TN03D9766,0.989,TN03D9766,accepted,230.5
1191,11,auto,1438,291,1919,999,1624,593,1732,665,0.756,274.5,True,TN03D9766,0.970,TN03D9766,accepted,204.9
1191,40,car,722,309,1210,729,829,584,964,622,0.745,274.5,True,TNO50B4398,0.899,NL50B4398,accepted,179.6
1192,11,auto,1439,290,1919,997,1623,591,1733,671,0.793,259.6,True,TN03D9766,0.987,TN03D9766,accepted,240.6
1192,40,car,644,306,1197,774,760,611,909,652,0.744,259.6,True,TN050B4398,0.890,TN0SOB4398,accepted,205.7
1192,41,auto,1439,290,1919,997,1701,771,1822,840,0.459,259.6,True,,,,no_text,63.5
1193,11,auto,1440,290,1919,998,1624,593,1733,662,0.782,421.5,True,TN03D9766,0.985,TN03D9766,accepted,221.9
1193,40,car,591,303,1191,801,728,625,879,672,0.726,421.5,True,TN05DB4398,0.929,TN05DB4398,accepted,210.9
1193,41,auto,1440,290,1919,998,1702,768,1822,841,0.394,421.5,True,,,,no_text,58.4
1194,11,auto,1439,290,1919,998,1622,591,1732,669,0.777,384.4,True,TN03D9766,0.985,TN03D9766,accepted,262.7
1194,40,car,540,301,1179,831,671,645,837,690,0.730,384.4,True,TN05DB4398,0.881,TN05DB4398,accepted,216.4
1194,41,auto,1439,290,1919,998,1699,771,1823,840,0.425,384.4,True,,,,no_text,63.9
1195,40,car,478,298,1167,861,613,666,795,715,0.728,278.6,True,TNO5DB4398,0.851,NL5DB4398,accepted,187.8
1195,11,auto,1438,291,1919,996,1622,590,1733,675,0.724,278.6,True,TN03D9766,0.976,TN03D9766,accepted,221.1
1196,11,auto,1439,290,1916,997,1623,593,1733,674,0.702,257.5,True,TN03D9766,0.957,TN03D9766,accepted,255.7
1196,40,car,318,291,1143,947,468,725,682,792,0.658,257.5,True,TN05DB4398,0.928,TN05DB4398,accepted,213.2
1197,11,auto,1437,288,1918,998,1624,594,1733,673,0.720,262.1,True,TN03D9766,0.989,TN03D9766,accepted,189.3
1197,40,car,218,283,1130,1002,377,765,608,838,0.672,262.1,True,TNO5DB4398,0.927,NL5DB4398,accepted,189.1
1198,11,auto,1438,288,1919,998,1621,592,1733,674,0.745,252.0,True,TN03D9766,0.984,TN03D9766,accepted,187.6
1198,40,car,102,277,1118,1065,259,809,513,898,0.553,252.0,True,TN05DB4398,0.887,TN05DB4398,accepted,181.9
1199,11,auto,1439,290,1919,999,1620,591,1733,674,0.743,253.6,True,TN03D9766,0.977,TN03D9766,accepted,192.7
1199,40,car,0,267,1109,1078,106,870,393,976,0.701,253.6,True,TH05DB4398,0.877,TN05DB4398,accepted,191.4
1199,41,auto,1439,290,1919,999,1712,775,1818,840,0.270,253.6,True,,,,no_text,60.1
1200,11,auto,1438,287,1919,998,1624,593,1731,664,0.725,247.3,True,TN03D9766,0.986,TN03D9766,accepted,269.0
1201,11,auto,1437,289,1918,999,1623,594,1733,670,0.715,250.1,True,TN03D9766,0.979,TN03D9766,accepted,212.0
1202,11,auto,1436,290,1917,998,1622,594,1733,671,0.689,238.5,True,TN03D9766,0.964,TN03D9766,accepted,238.5
1203,11,auto,1437,290,1918,999,1621,594,1732,672,0.741,352.1,True,TN03D9766,0.982,TN03D9766,accepted,238.6
1204,11,auto,1434,288,1919,999,1620,592,1733,676,0.673,261.2,True,TN03D9766,0.988,TN03D9766,accepted,304.5
1205,11,auto,1435,288,1919,999,1620,593,1733,675,0.700,273.6,True,TN03D9766,0.975,TN03D9766,accepted,180.8
1206,11,auto,1433,290,1918,998,1618,592,1734,675,0.734,267.1,True,TN03D9766,0.987,TN03D9766,accepted,185.9
1207,11,auto,1434,287,1918,997,1617,589,1734,684,0.685,255.9,True,TN03D9766,0.969,TN03D9766,accepted,195.2
1207,11,auto,1434,287,1918,997,1607,584,1745,703,0.254,255.9,True,TN03D9766,0.956,TN03D9766,accepted,191.2
1208,11,auto,1432,290,1918,998,1619,593,1734,674,0.646,251.9,True,TN03D9766,0.986,TN03D9766,accepted,197.7
1208,41,auto,1432,290,1918,998,1691,765,1819,843,0.254,251.9,True,,,,no_text,53.2
1209,11,auto,1436,286,1920,998,1620,592,1733,672,0.671,248.9,True,TN03D9766,0.963,TN03D9766,accepted,179.0
1209,41,auto,1436,286,1920,998,1691,769,1816,840,0.301,248.9,True,,,,no_text,53.2
1210,11,auto,1431,289,1918,999,1619,593,1734,675,0.628,251.5,True,TN03D9766,0.987,TN03D9766,accepted,193.2
1211,11,auto,1434,287,1918,998,1620,591,1734,673,0.633,242.1,True,TN03D9766,0.976,TN03D9766,accepted,258.7
1212,11,auto,1433,290,1917,999,1620,592,1734,675,0.585,257.5,True,TN03D9766,0.990,TN03D9766,accepted,200.8
1212,41,auto,1433,290,1917,999,1698,778,1820,844,0.255,257.5,True,,,,no_text,57.0
1213,11,auto,1433,289,1918,999,1619,593,1732,674,0.674,275.1,True,TN03D9766,0.984,TN03D9766,accepted,183.0
1214,11,auto,1433,291,1919,999,1619,593,1733,672,0.698,267.1,True,TN03D9766,0.971,TN03D9766,accepted,215.6
1215,11,auto,1435,291,1919,999,1620,592,1733,673,0.624,270.0,True,TN03D9766,0.986,TN03D9766,accepted,311.0
1216,11,auto,1434,292,1919,1000,1618,592,1733,677,0.675,380.6,True,TN03D9766,0.984,TN03D9766,accepted,251.6
1217,11,auto,1432,291,1918,1000,1619,593,1732,676,0.699,343.2,True,TN03D9766,0.984,TN03D9766,accepted,191.0
1218,11,auto,1433,293,1919,1002,1619,593,1733,676,0.711,243.3,True,TN03D9766,0.949,TN03D9766,accepted,204.6
1219,11,auto,1429,293,1919,1003,1617,593,1730,680,0.727,265.3,True,TN03D9766,0.983,TN03D9766,accepted,237.9
1220,11,auto,1431,291,1919,1000,1621,595,1731,673,0.576,397.0,True,TN03D9766,0.988,TN03D9766,accepted,286.9
1221,11,auto,1431,294,1919,1003,1620,593,1733,678,0.584,385.4,True,,,,no_text,161.4
1221,41,auto,1431,294,1919,1003,1706,785,1819,844,0.272,385.4,True,,,,no_text,58.2
1222,11,auto,1432,291,1919,1001,1622,596,1732,673,0.582,392.4,True,TN03D9766,0.985,TN03D9766,accepted,225.3
1223,11,auto,1430,290,1918,1001,1622,596,1730,672,0.489,378.0,True,TN03D9766,0.989,TN03D9766,accepted,198.8
1224,11,auto,1431,290,1917,1001,1621,594,1733,680,0.625,249.5,True,TN733,0.521,,rejected,157.1
1225,11,auto,1430,288,1919,1001,1620,595,1731,670,0.696,252.9,True,TN03D9766,0.986,TN03D9766,accepted,241.7
1226,11,auto,1429,291,1918,1001,1622,596,1731,670,0.694,245.8,True,TN03D9766,0.976,TN03D9766,accepted,188.6
1226,42,car,1236,353,1376,465,1273,417,1310,434,0.278,245.8,True,,,,no_text,66.2
1227,11,auto,1430,291,1918,1001,1620,594,1732,676,0.679,257.0,True,TN03D9766,0.991,TN03D9766,accepted,196.2
1228,11,auto,1430,291,1918,1000,1621,595,1731,672,0.665,248.6,True,TN03D9766,0.991,TN03D9766,accepted,196.0
1229,11,auto,1430,290,1918,1000,1619,594,1732,672,0.691,252.0,True,TN03D9766,0.991,TN03D9766,accepted,241.3
1230,11,auto,1424,289,1918,1000,1619,594,1731,672,0.673,245.4,True,TN03D9766,0.983,TN03D9766,accepted,230.9
1231,11,auto,1418,291,1918,1001,1621,595,1732,671,0.562,238.4,True,TN03D9766,0.979,TN03D9766,accepted,239.2
1231,42,car,1143,341,1279,443,1254,425,1293,439,0.273,238.4,True,,,,no_text,189.3
1232,11,auto,1431,288,1915,1003,1618,592,1732,673,0.723,240.4,True,TN03D9766,0.978,TN03D9766,accepted,185.3
1233,11,auto,1429,289,1914,1004,1618,595,1731,671,0.715,243.8,True,TN03D9766,0.982,TN03D9766,accepted,265.2
1233,42,car,1194,350,1353,477,1231,425,1273,442,0.266,243.8,True,,,,no_text,62.3
1233,42,car,1194,350,1353,477,1233,421,1275,439,0.252,243.8,True,,,,no_text,79.5
1234,11,auto,1430,291,1914,1003,1620,595,1733,670,0.669,245.7,True,TN03D9766,0.990,TN03D9766,accepted,244.7
1234,43,motorcycle,1314,412,1486,679,1393,480,1441,516,0.304,245.7,True,,,,no_text,51.2
1234,42,car,1191,351,1352,479,1226,428,1269,443,0.260,245.7,True,,,,no_text,208.8
1235,11,auto,1431,290,1915,1005,1621,596,1731,668,0.645,259.3,True,TN03D9766,0.970,TN03D9766,accepted,256.5
1235,43,motorcycle,1303,415,1477,682,1378,483,1433,520,0.377,259.3,True,,,,no_text,51.8
1235,42,car,1183,351,1350,479,1224,429,1268,444,0.361,259.3,True,,,,no_text,218.4
1236,11,auto,1427,289,1916,1003,1617,594,1731,671,0.782,243.9,True,TN03D9766,0.979,TN03D9766,accepted,257.6
1236,42,car,1177,351,1346,479,1218,426,1265,441,0.260,243.9,True,MA,0.577,,rejected,195.5
1237,11,auto,1424,292,1917,1004,1618,596,1730,671,0.746,244.2,True,TN03D9766,0.983,TN03D9766,accepted,189.5
1237,42,car,1176,349,1347,482,1215,429,1264,445,0.414,244.2,True,,,,no_text,188.3
1238,11,auto,1429,290,1915,1005,1621,596,1729,668,0.700,248.9,True,TN03D9766,0.976,TN03D9766,accepted,252.9
1238,42,car,1172,349,1345,484,1213,430,1256,447,0.443,248.9,True,,,,no_text,77.7
1238,43,motorcycle,1260,407,1480,690,1342,481,1391,518,0.349,248.9,True,,,,no_text,64.9
1239,11,auto,1425,291,1916,1002,1616,594,1731,673,0.774,259.4,True,TN03D9766,0.980,TN03D9766,accepted,192.1
1240,11,auto,1423,292,1917,1003,1616,594,1728,674,0.753,234.0,True,TN03D9766,0.985,TN03D9766,accepted,190.3
1240,42,car,1163,347,1335,482,1202,430,1247,449,0.270,234.0,True,,,,no_text,64.6
1241,11,auto,1424,294,1917,1003,1615,595,1729,673,0.735,245.9,True,TN03D9766,0.978,TN03D9766,accepted,192.4
1241,42,car,1159,347,1341,483,1197,430,1248,448,0.320,245.9,True,,,,no_text,88.7
1242,11,auto,1428,291,1917,1003,1616,595,1727,668,0.749,235.8,True,TN03D9766,0.981,TN03D9766,accepted,190.8
1242,42,car,1090,338,1221,456,1196,431,1246,451,0.269,235.8,True,,,,no_text,69.7
1243,11,auto,1425,294,1918,1002,1613,593,1730,674,0.755,253.1,True,TN03D9766,0.978,TN03D9766,accepted,198.2
1243,42,car,1147,347,1327,485,1191,431,1242,450,0.435,253.1,True,,,,no_text,167.5
1243,11,auto,1425,294,1918,1002,1610,594,1742,702,0.264,253.1,True,TN03D9766,0.958,TN03D9766,accepted,304.1
1244,11,auto,1425,295,1919,1002,1615,595,1726,666,0.763,237.6,True,TN03D9766,0.981,TN03D9766,accepted,256.2
1244,42,car,1141,344,1316,488,1190,431,1238,449,0.409,237.6,True,,,,no_text,71.4
1245,11,auto,1423,293,1918,1002,1613,593,1728,672,0.752,238.1,True,TN03D9766,0.975,TN03D9766,accepted,322.6
1245,42,car,1135,343,1310,488,1185,431,1236,451,0.267,238.1,True,,,,no_text,63.6
1246,11,auto,1428,294,1918,1002,1615,595,1724,667,0.752,252.2,True,TN03D9766,0.971,TN03D9766,accepted,261.2
1246,43,motorcycle,1154,408,1465,698,1237,482,1297,522,0.284,252.2,True,,,,no_text,56.1
1247,11,auto,1428,293,1917,1002,1611,593,1725,673,0.762,257.5,True,TN03D9766,0.975,TN03D9766,accepted,190.3
1247,42,car,1064,336,1203,458,1172,436,1223,456,0.292,257.5,True,,,,no_text,169.7
1248,11,auto,1429,293,1917,1002,1613,595,1722,668,0.750,251.0,True,TN03D9766,0.984,TN03D9766,accepted,244.8
1249,11,auto,1427,294,1917,1003,1614,596,1722,667,0.772,244.3,True,TN03D9766,0.972,TN03D9766,accepted,240.5
1249,43,motorcycle,1093,403,1456,711,1183,481,1248,518,0.338,244.3,True,,,,no_text,55.0
1250,11,auto,1430,293,1919,1002,1612,594,1725,669,0.771,257.2,True,TN03D9766,0.981,TN03D9766,accepted,241.8
1251,11,auto,1432,292,1917,1003,1615,597,1720,664,0.753,248.4,True,TN03D9766,0.971,TN03D9766,accepted,190.5
1251,44,auto,1432,292,1917,1003,1714,788,1813,844,0.272,248.4,True,,,,no_text,52.3
1252,11,auto,1429,293,1919,1002,1615,595,1720,664,0.730,245.2,True,TN03D9766,0.972,TN03D9766,accepted,192.0
1253,11,auto,1428,292,1919,1003,1615,597,1718,663,0.736,242.9,True,TN03D9766,0.970,TN03D9766,accepted,244.7
1253,43,motorcycle,1043,408,1429,725,1127,491,1183,522,0.270,242.9,True,,,,no_text,54.9
1254,11,auto,1429,293,1919,1003,1617,598,1718,661,0.766,257.8,True,TN03D9766,0.980,TN03D9766,accepted,189.2
1254,44,auto,1429,293,1919,1003,1712,788,1813,844,0.280,257.8,True,,,,no_text,56.8
1254,43,car,1074,343,1278,515,1105,492,1160,524,0.252,257.8,True,,,,no_text,66.4
1255,11,auto,1429,293,1919,1002,1616,596,1720,662,0.739,260.7,True,TN03D9766,0.981,TN03D9766,accepted,200.3
1256,11,auto,1429,293,1919,1002,1616,596,1722,665,0.747,358.9,True,TN03D9766,0.982,TN03D9766,accepted,203.1
1256,43,motorcycle,981,404,1377,749,1067,483,1128,515,0.360,358.9,True,,,,no_text,63.2
1256,43,motorcycle,981,404,1377,749,1075,495,1134,529,0.293,358.9,True,,,,no_text,71.3
1257,11,auto,1430,292,1919,1003,1616,597,1723,665,0.757,244.5,True,TN03D9766,0.981,TN03D9766,accepted,192.7
1258,11,auto,1430,294,1919,1001,1615,595,1726,669,0.752,231.8,True,TN03D9766,0.973,TN03D9766,accepted,194.9
1259,11,auto,1429,294,1919,1002,1615,596,1723,668,0.740,243.5,True,TN03D9766,0.983,TN03D9766,accepted,200.9
1260,11,auto,1429,292,1919,1002,1615,597,1721,664,0.747,232.7,True,TN03D9766,0.979,TN03D9766,accepted,236.5
1261,11,auto,1429,292,1919,1003,1615,595,1726,670,0.727,250.3,True,TN03D9766,0.986,TN03D9766,accepted,377.6
1262,11,auto,1429,295,1919,1003,1614,594,1729,671,0.742,266.7,True,TN03D9766,0.988,TN03D9766,accepted,263.1
1263,11,auto,1428,294,1919,1003,1614,595,1728,672,0.722,243.7,True,TN03D9766,0.992,TN03D9766,accepted,186.5
1264,11,auto,1428,292,1919,1004,1615,595,1726,667,0.729,243.3,True,TN03D9766,0.978,TN03D9766,accepted,206.7
1265,11,auto,1428,294,1919,1004,1615,595,1726,668,0.746,256.2,True,TN03D9766,0.982,TN03D9766,accepted,249.2
1265,44,auto,1428,294,1919,1004,1712,785,1814,844,0.275,256.2,True,,,,no_text,51.9
1266,11,auto,1428,293,1919,1003,1616,596,1726,668,0.763,253.1,True,TN03D9766,0.988,TN03D9766,accepted,189.1
1266,44,auto,1428,293,1919,1003,1714,785,1816,844,0.329,253.1,True,,,,no_text,57.3
1267,11,auto,1428,293,1919,1003,1615,595,1728,674,0.745,255.8,True,TN03D9766,0.984,TN03D9766,accepted,191.3
1267,43,car,956,331,1259,505,952,432,1031,481,0.299,255.8,True,,,,no_text,52.3
1268,11,auto,1427,293,1919,1003,1616,595,1726,667,0.738,244.8,True,TN03D9766,0.975,TN03D9766,accepted,194.2
1269,11,auto,1426,292,1919,1003,1615,595,1722,665,0.748,273.0,True,TN03D9766,0.984,TN03D9766,accepted,230.3
1270,11,auto,1427,294,1919,1003,1615,595,1725,668,0.726,398.2,True,TN03D9766,0.982,TN03D9766,accepted,261.5
1271,11,auto,1428,294,1919,1002,1615,594,1729,677,0.745,378.6,True,TN03D9766,0.981,TN03D9766,accepted,204.9
1272,11,auto,1427,294,1919,1002,1614,595,1727,672,0.754,378.7,True,TN03D9766,0.977,TN03D9766,accepted,201.6
1273,11,auto,1427,293,1919,1002,1615,595,1726,669,0.743,374.7,True,TN03D9766,0.976,TN03D9766,accepted,278.5
1274,11,auto,1429,293,1919,1002,1616,595,1725,668,0.750,394.2,True,TN03D9766,0.984,TN03D9766,accepted,216.2
1274,44,auto,1429,293,1919,1002,1715,787,1814,844,0.296,394.2,True,,,,no_text,55.5
1275,11,auto,1429,294,1919,1002,1614,593,1728,671,0.726,248.4,True,TN03D9766,0.969,TN03D9766,accepted,242.3
1276,11,auto,1428,291,1919,1002,1617,591,1729,678,0.702,238.4,True,,,,no_text,154.0
1277,11,auto,1428,294,1919,1002,1614,593,1730,679,0.745,237.7,True,N703,0.551,,rejected,155.3
1277,11,auto,1428,294,1919,1002,1601,595,1731,704,0.256,237.7,True,TN03D9766L,0.817,,rejected,260.1
1278,11,auto,1428,292,1919,1000,1614,592,1726,671,0.714,240.5,True,TN03D9766,0.975,TN03D9766,accepted,189.1
1279,11,auto,1428,292,1919,1000,1614,593,1725,673,0.724,230.1,True,TN03D9766,0.985,TN03D9766,accepted,186.2
1280,11,auto,1429,292,1919,1000,1614,592,1726,671,0.707,247.9,True,TN03D9766,0.981,TN03D9766,accepted,188.5
1281,11,auto,1428,292,1919,999,1614,592,1724,670,0.711,239.1,True,TN03D9766,0.988,TN03D9766,accepted,198.8
1282,11,auto,1427,289,1919,999,1615,590,1721,660,0.680,255.6,True,TN03D9766,0.988,TN03D9766,accepted,273.6
1283,11,auto,1428,290,1919,999,1616,591,1721,661,0.702,487.9,True,TN03D9766,0.985,TN03D9766,accepted,321.7
1284,11,auto,1426,291,1919,1000,1614,591,1716,657,0.694,383.7,True,TN03D9766,0.983,TN03D9766,accepted,226.8
1285,11,auto,1427,288,1920,996,1613,589,1721,657,0.641,391.3,True,TN03D9766,0.981,TN03D9766,accepted,225.3
1285,44,auto,1427,288,1920,996,1683,759,1809,836,0.286,391.3,True,,,,no_text,48.5
1286,11,auto,1425,287,1919,996,1613,589,1716,655,0.705,393.7,True,TN03D9766,0.985,TN03D9766,accepted,227.7
1287,11,auto,1429,287,1920,997,1612,589,1715,657,0.704,343.6,True,TN03D9766,0.969,TN03D9766,accepted,234.7
1288,11,auto,1427,288,1919,996,1612,590,1715,657,0.702,249.2,True,DTN03D9766,0.865,TN03D9766,accepted,244.6
1288,44,auto,1427,288,1919,996,1678,766,1807,838,0.303,249.2,True,,,,no_text,53.0
1289,11,auto,1425,289,1919,996,1610,590,1713,657,0.669,255.9,True,TN03D9766,0.990,TN03D9766,accepted,241.6
1289,44,auto,1425,289,1919,996,1678,767,1808,838,0.306,255.9,True,,,,no_text,57.8
1290,11,auto,1427,289,1920,997,1610,589,1713,657,0.678,323.3,True,TN03D9766,0.986,TN03D9766,accepted,255.9
1290,44,auto,1427,289,1920,997,1678,767,1808,838,0.303,323.3,True,,,,no_text,55.0
1291,11,auto,1423,287,1920,995,1610,588,1717,663,0.609,239.5,True,TN03D9766,0.985,TN03D9766,accepted,193.8
1292,11,auto,1424,289,1920,997,1607,591,1714,660,0.675,232.1,True,TN03D9766,0.987,TN03D9766,accepted,192.4
1293,11,auto,1424,290,1920,996,1607,590,1713,658,0.635,230.6,True,TN03D9766,0.977,TN03D9766,accepted,239.2
1293,44,auto,1424,290,1920,996,1682,768,1804,838,0.288,230.6,True,,,,no_text,55.5
1294,11,auto,1421,290,1920,997,1605,590,1714,662,0.632,244.4,True,TN03D9766,0.976,TN03D9766,accepted,191.6
1295,11,auto,1421,288,1920,996,1607,588,1712,660,0.587,234.4,True,TN03D9766,0.978,TN03D9766,accepted,233.6
1296,11,auto,1421,286,1920,996,1606,587,1712,660,0.607,243.0,True,TN03D9766,0.971,TN03D9766,accepted,187.0
1297,11,auto,1420,290,1920,996,1606,593,1710,663,0.619,248.5,True,TN03D9766,0.981,TN03D9766,accepted,190.6
1297,44,auto,1420,290,1920,996,1678,778,1798,838,0.310,248.5,True,,,,no_text,59.4
1298,11,auto,1421,293,1919,998,1607,592,1710,663,0.629,283.7,True,TN03D9766,0.966,TN03D9766,accepted,175.6
1298,44,auto,1421,293,1919,998,1680,777,1798,838,0.324,283.7,True,,,,no_text,62.9
1299,11,auto,1422,290,1920,997,1606,592,1714,667,0.603,247.7,True,TN03D9766,0.962,TN03D9766,accepted,190.2
1299,44,auto,1422,290,1920,997,1681,777,1798,837,0.252,247.7,True,,,,no_text,67.2
1300,45,car,400,311,1084,842,456,665,627,720,0.710,256.3,True,TN976500,0.876,TN976500,accepted,193.4
1300,11,auto,1421,292,1919,999,1607,592,1710,660,0.547,256.3,True,TN03D9766,0.976,TN03D9766,accepted,265.3
1300,44,auto,1421,292,1919,999,1679,775,1799,839,0.353,256.3,True,,,,no_text,51.6
1301,45,car,325,312,1078,863,418,680,599,735,0.741,246.4,True,TN976500,0.989,TN976500,accepted,203.9
1301,11,auto,1421,292,1919,998,1604,592,1711,665,0.665,246.4,True,TN03D9766,0.977,TN03D9766,accepted,209.9
1301,44,auto,1421,292,1919,998,1679,774,1796,837,0.268,246.4,True,,,,no_text,57.9
1302,45,car,260,311,1072,881,377,687,564,748,0.744,251.1,True,TN976500,0.980,TN976500,accepted,195.5
1302,11,auto,1421,293,1919,998,1603,593,1712,670,0.676,251.1,True,TN03D9766,0.969,TN03D9766,accepted,209.7
1302,44,auto,1421,293,1919,998,1677,773,1797,837,0.259,251.1,True,,,,no_text,60.5
1303,45,car,204,310,1065,907,336,705,529,763,0.729,257.6,True,TN9766500,0.937,TN97G6500,accepted,244.2
1303,11,auto,1420,292,1919,998,1605,593,1710,662,0.661,257.6,True,TN03D9766,0.977,TN03D9766,accepted,196.9
1303,44,auto,1420,292,1919,998,1679,775,1795,837,0.261,257.6,True,,,,no_text,61.5
1304,45,car,168,310,1055,924,291,718,493,784,0.670,262.8,True,TN976500,0.962,TN976500,accepted,202.0
1304,11,auto,1420,291,1919,998,1604,592,1710,663,0.646,262.8,True,TN03D9766,0.958,TN03D9766,accepted,200.9
1305,45,car,129,308,1047,946,242,734,452,802,0.705,250.5,True,TN976500,0.979,TN976500,accepted,184.9
1305,11,auto,1420,292,1920,998,1605,592,1710,661,0.627,250.5,True,TN03D9766,0.982,TN03D9766,accepted,192.8
1306,45,car,1,305,1012,1054,8,811,251,894,0.611,234.5,True,TN976500,0.986,TN976500,accepted,173.5
1306,11,auto,1421,291,1919,998,1606,593,1709,660,0.569,234.5,True,TN03D9766,0.985,TN03D9766,accepted,201.7
1307,45,car,2,303,1005,1070,0,838,186,930,0.637,242.8,True,976500,0.984,,rejected,156.4
1307,11,auto,1420,291,1920,998,1606,593,1709,660,0.617,242.8,True,TN03D9766,0.984,TN03D9766,accepted,207.4
1307,44,auto,1420,291,1920,998,1679,775,1796,837,0.265,242.8,True,,,,no_text,57.7
1308,11,auto,1420,289,1920,997,1607,592,1712,664,0.544,240.8,True,TN03D9766,0.989,TN03D9766,accepted,184.2
1308,45,car,1,306,990,1078,0,905,39,1031,0.346,240.8,True,,,,no_text,46.1
1309,11,auto,1420,290,1920,997,1607,592,1711,666,0.467,249.8,True,TN03D9766,0.982,TN03D9766,accepted,261.8
1310,11,auto,1419,291,1920,997,1606,592,1711,661,0.574,240.8,True,TN03D9766,0.970,TN03D9766,accepted,193.1
1311,11,auto,1420,290,1920,997,1606,593,1710,661,0.592,241.5,True,TN03D9766,0.982,TN03D9766,accepted,201.0
1312,11,auto,1420,289,1920,997,1607,593,1711,661,0.546,248.4,True,TN03D9766,0.987,TN03D9766,accepted,198.0
1313,11,auto,1421,288,1920,997,1606,587,1715,665,0.594,367.3,True,TN03D9766,0.985,TN03D9766,accepted,234.4
1314,11,auto,1423,291,1919,998,1603,588,1717,685,0.659,232.5,True,TN03D9766,0.980,TN03D9766,accepted,182.3
1315,11,auto,1423,290,1919,999,1606,592,1713,668,0.673,249.3,True,TN03D9766,0.977,TN03D9766,accepted,192.7
1316,11,auto,1421,291,1919,1000,1607,591,1713,675,0.620,239.4,True,TN03D9766,0.964,TN03D9766,accepted,188.6
1317,11,auto,1420,289,1919,1000,1607,590,1712,662,0.649,235.7,True,TN03D9766,0.966,TN03D9766,accepted,256.9
1318,11,auto,1422,291,1919,1000,1609,592,1713,669,0.662,252.7,True,TN03D9766,0.984,TN03D9766,accepted,190.0
1319,11,auto,1423,292,1919,999,1605,590,1716,667,0.646,238.7,True,TN03D9766,0.969,TN03D9766,accepted,199.7
1319,11,auto,1423,292,1919,999,1606,586,1721,692,0.278,238.7,True,TN03D9766,0.952,TN03D9766,accepted,198.1
1320,11,auto,1422,292,1919,999,1607,588,1720,674,0.576,239.0,True,,,,no_text,150.0
1321,11,auto,1420,291,1920,998,1603,589,1717,685,0.576,262.6,True,TN03D9766,0.975,TN03D9766,accepted,191.8
1321,44,auto,1420,291,1920,998,1676,771,1804,840,0.253,262.6,True,,,,no_text,57.3
1322,11,auto,1422,291,1920,999,1608,588,1719,669,0.449,248.4,True,,,,no_text,153.0
1323,11,auto,1420,290,1920,999,1604,590,1713,668,0.636,232.1,True,TN03D9766,0.956,TN03D9766,accepted,199.9
1324,11,auto,1416,290,1920,997,1601,591,1709,665,0.608,238.7,True,TN03D9766,0.975,TN03D9766,accepted,246.4
1324,44,auto,1416,290,1920,997,1678,772,1796,838,0.375,238.7,True,,,,no_text,55.6
1325,11,auto,1420,291,1920,999,1605,592,1714,664,0.450,230.1,True,TN03D9766,0.971,TN03D9766,accepted,201.0
1326,11,auto,1423,292,1919,999,1609,587,1718,669,0.596,237.8,True,TN03D9766,0.985,TN03D9766,accepted,188.2
1327,11,auto,1420,289,1920,999,1605,586,1714,663,0.545,235.6,True,TN03D9766,0.975,TN03D9766,accepted,191.0
1328,11,auto,1416,287,1920,998,1604,587,1711,656,0.635,278.6,True,TN03D9766,0.986,TN03D9766,accepted,223.5
