frame_id,track_id,vehicle_type,vehicle_bbox_x1,vehicle_bbox_y1,vehicle_bbox_x2,vehicle_bbox_y2,plate_bbox_x1,plate_bbox_y1,plate_bbox_x2,plate_bbox_y2,plate_confidence,detect_inference_ms,ocr_ran,ocr_raw_text,ocr_confidence,ocr_validated_plate,ocr_status,ocr_inference_ms
1,1,auto,1274,354,1803,1053,1463,656,1564,726,0.411,90.2,True,TN03D9766,0.983,TN03D9766,accepted,394.7
1,2,motorcycle,526,493,755,773,568,588,636,616,0.396,90.2,True,,,,no_text,109.8
2,1,auto,1279,354,1805,1053,1463,653,1567,748,0.506,18,False,,,,,
2,2,motorcycle,470,500,711,808,500,599,570,633,0.266,18,True,,,,no_text,110.9
2,2,motorcycle,470,500,711,808,504,587,565,615,0.266,18,True,,,,no_text,38.3
3,2,motorcycle,420,508,687,832,462,616,533,647,0.52,17.1,True,,,,no_text,177.8
3,1,auto,1275,356,1803,1054,1463,659,1565,727,0.394,17.1,False,,,,,
4,3,car,1130,405,1227,512,1139,466,1179,486,0.408,33.8,True,,,,no_text,49.9
4,2,motorcycle,366,509,661,853,413,617,498,655,0.382,33.8,True,,,,no_text,99.7
4,2,motorcycle,366,509,661,853,418,585,482,623,0.321,33.8,True,,,,no_text,37.5
5,2,motorcycle,252,513,593,912,311,653,397,691,0.547,36.6,True,17055280,0.64,,rejected,127.8
5,3,car,1124,410,1227,514,1137,470,1178,490,0.421,36.6,True,,,,no_text,46.6
6,2,motorcycle,96,538,523,997,171,690,266,734,0.462,21.5,False,,,,,
6,1,auto,1285,356,1805,1056,1466,660,1566,728,0.305,21.5,False,,,,,
7,2,motorcycle,0,556,419,1075,0,735,83,793,0.348,19,False,,,,,
7,3,motorcycle,1049,454,1111,533,1046,455,1109,502,0.27,19,True,,,,no_text,41.5
8,3,car,1099,416,1216,527,1117,486,1157,505,0.361,18,True,,,,no_text,47.1
9,3,car,1097,416,1210,527,1119,484,1155,504,0.385,36.9,True,,,,no_text,23.7
9,1,auto,1275,366,1804,1069,1457,669,1564,734,0.272,36.9,False,,,,,
10,3,car,1091,419,1212,531,1114,487,1151,504,0.54,16.7,True,,,,no_text,29.8
10,1,auto,1278,369,1803,1071,1463,671,1565,734,0.445,16.7,False,,,,,
11,3,car,1088,416,1208,532,1107,487,1147,505,0.519,17.2,True,,,,no_text,28.4
11,1,auto,1282,367,1804,1071,1464,666,1570,734,0.326,17.2,False,,,,,
12,3,car,1069,418,1206,538,1103,490,1145,505,0.472,17.1,True,,,,no_text,72.2
12,1,auto,1285,368,1806,1072,1469,667,1577,737,0.271,17.1,False,,,,,
12,3,motorcycle,986,455,1079,606,996,496,1044,523,0.259,17.1,True,,,,no_text,22.5
13,3,car,1068,418,1206,539,1103,491,1144,506,0.509,17,True,,,,no_text,75.6
13,1,auto,1288,367,1814,1071,1471,666,1581,738,0.352,17,False,,,,,
13,3,motorcycle,984,455,1078,611,996,490,1044,522,0.345,17,True,,,,no_text,19.9
14,3,car,1053,417,1196,541,1094,491,1133,507,0.554,19.3,True,,,,no_text,45.1
14,1,auto,1287,371,1808,1070,1469,668,1576,736,0.37,19.3,False,,,,,
15,3,car,1044,414,1193,544,1084,493,1124,511,0.564,16.8,True,,,,no_text,32.5
15,1,auto,1283,369,1805,1070,1464,668,1570,734,0.361,16.8,False,,,,,
15,3,motorcycle,943,453,1052,628,960,495,1012,523,0.266,16.8,True,,,,no_text,22.9
16,3,car,1032,412,1185,546,1070,492,1114,511,0.604,16.9,True,,,,no_text,30.1
17,3,car,1030,407,1185,552,1068,497,1111,515,0.584,16.5,True,,,,no_text,29.1
18,3,car,1019,411,1181,553,1061,499,1108,517,0.627,16.5,True,,,,no_text,32.2
18,4,motorcycle,889,460,1015,667,899,529,961,558,0.319,16.5,True,,,,no_text,23.7
19,3,car,1014,406,1173,555,1057,501,1100,518,0.608,17.1,True,,,,no_text,32.3
19,4,motorcycle,871,456,1006,675,896,583,941,617,0.391,17.1,True,,,,no_text,20
19,4,motorcycle,871,456,1006,675,889,533,948,559,0.257,17.1,True,,,,no_text,25.4
20,3,car,1003,408,1171,563,1045,503,1092,521,0.703,17.2,True,,,,no_text,29.4
20,4,motorcycle,848,469,992,693,864,547,927,573,0.456,17.2,True,,,,no_text,27.1
21,4,motorcycle,836,471,981,699,852,554,913,579,0.66,17.4,True,,,,no_text,27.4
21,3,car,999,406,1171,563,1044,503,1091,523,0.659,17.4,True,,,,no_text,25.2
22,3,car,995,408,1170,565,1041,507,1089,528,0.573,17.2,True,,,,no_text,30.4
22,4,motorcycle,820,474,971,710,840,555,905,583,0.482,17.2,True,,,,no_text,26.8
22,4,motorcycle,820,474,971,710,846,610,894,640,0.266,17.2,True,,,,no_text,21.7
23,3,car,943,405,1149,583,995,516,1053,540,0.653,17.2,True,,,,no_text,27.1
23,5,motorcycle,639,484,870,828,670,615,737,653,0.649,17.2,True,8199,0.569,,rejected,89.1
23,5,motorcycle,639,484,870,828,690,530,757,558,0.315,17.2,False,,,,,
24,3,car,934,406,1146,585,989,517,1052,543,0.691,17.8,True,,,,no_text,69.1
24,5,motorcycle,610,470,850,850,661,530,732,565,0.515,17.8,False,,,,,
24,5,motorcycle,610,470,850,850,635,626,705,665,0.476,17.8,False,,,,,
25,5,motorcycle,577,494,830,879,599,638,679,683,0.725,17.2,False,,,,,
25,3,car,929,407,1144,590,985,519,1046,545,0.709,17.2,True,,,,no_text,69.7
25,5,motorcycle,577,494,830,879,634,542,696,571,0.424,17.2,False,,,,,
26,3,car,921,408,1141,592,977,521,1041,549,0.743,17.1,True,INIERL7XEL,0.584,,rejected,76.8
26,5,motorcycle,527,479,808,907,562,650,637,696,0.72,17.1,False,,,,,
26,5,motorcycle,527,479,808,907,591,546,665,579,0.43,17.1,False,,,,,
27,5,motorcycle,405,489,760,972,456,683,548,736,0.743,23.3,False,,,,,
27,3,car,901,405,1135,601,963,525,1026,552,0.565,23.3,False,,,,,
27,5,motorcycle,405,489,760,972,509,561,584,598,0.541,23.3,False,,,,,
28,3,car,893,408,1129,602,953,531,1020,557,0.719,18.5,False,,,,,
28,5,motorcycle,360,516,730,1010,452,577,529,614,0.47,18.5,False,,,,,
28,5,motorcycle,360,516,730,1010,394,704,492,759,0.454,18.5,False,,,,,
29,3,car,886,408,1126,607,946,532,1014,560,0.751,16.7,False,,,,,
29,5,motorcycle,281,517,698,1066,325,729,428,788,0.613,16.7,False,,,,,
29,6,motorcycle,281,517,698,1066,394,586,473,627,0.42,16.7,True,,,,no_text,69.7
30,3,car,871,411,1118,616,929,537,999,564,0.734,17,False,,,,,
30,5,motorcycle,82,547,610,1077,146,792,262,859,0.574,17,False,,,,,
30,7,motorcycle,82,547,610,1077,240,626,325,664,0.57,17,True,,,,no_text,37.3
31,3,car,862,409,1116,619,923,539,996,569,0.747,16.7,False,,,,,
31,5,motorcycle,0,566,568,1078,26,834,150,907,0.48,16.7,False,,,,,
31,7,motorcycle,0,566,568,1078,139,649,226,689,0.393,16.7,True,,,,no_text,24.5
32,3,car,848,407,1109,620,910,542,986,571,0.736,16.6,False,,,,,
33,3,car,826,408,1102,633,891,548,969,578,0.665,16.2,False,,,,,
34,3,car,816,406,1097,639,881,552,959,582,0.748,16.5,False,,,,,
35,3,car,807,406,1092,645,870,553,950,585,0.765,16.9,False,,,,,
35,8,auto,1292,367,1813,1062,1473,659,1586,739,0.309,16.9,True,TN03D9766,0.983,TN03D9766,accepted,91
36,3,car,734,402,1067,674,807,575,897,607,0.792,17.7,False,,,,,
36,8,auto,1287,367,1812,1063,1473,661,1578,730,0.261,17.7,False,,,,,
37,3,car,719,401,1061,683,793,581,885,612,0.784,17.1,False,,,,,
38,3,car,702,404,1056,692,775,588,872,621,0.798,16.6,False,,,,,
38,8,bus,1289,360,1817,1062,1474,664,1585,739,0.292,16.6,False,,,,,
39,3,car,681,402,1049,702,756,590,856,626,0.727,17.5,False,,,,,
40,3,car,658,401,1043,714,736,597,842,635,0.737,16.1,False,,,,,
40,8,auto,1286,364,1819,1062,1474,666,1577,732,0.271,16.1,False,,,,,
41,3,car,636,402,1037,721,718,605,825,643,0.773,16.4,False,,,,,
42,3,car,615,400,1028,728,696,611,806,649,0.781,17,False,,,,,
42,8,auto,1290,363,1817,1061,1475,664,1581,732,0.252,17,False,,,,,
43,3,car,588,398,1020,738,673,617,786,655,0.797,16.2,False,,,,,
44,3,car,531,394,1005,762,618,635,744,675,0.764,15.7,False,,,,,
44,8,auto,1289,362,1818,1061,1474,657,1585,739,0.375,15.7,False,,,,,
45,3,car,492,393,997,780,589,641,720,686,0.806,16.3,False,,,,,
45,8,auto,1288,362,1820,1061,1474,658,1586,746,0.475,16.3,False,,,,,
46,3,car,460,390,986,792,557,654,690,695,0.788,16.4,False,,,,,
46,8,auto,1290,360,1817,1064,1474,657,1585,755,0.457,16.4,False,,,,,
47,3,car,375,388,964,828,481,678,627,720,0.772,17.7,False,,,,,
47,8,auto,1290,363,1818,1062,1470,651,1588,769,0.585,17.7,False,,,,,
48,3,car,332,387,955,850,438,689,591,735,0.755,16.2,False,,,,,
48,8,auto,1290,361,1820,1061,1471,652,1588,769,0.531,16.2,False,,,,,
49,3,car,278,385,941,869,389,698,550,755,0.791,16.3,False,,,,,
49,8,auto,1285,361,1823,1060,1471,653,1586,763,0.308,16.3,False,,,,,
50,3,car,215,380,928,897,336,721,504,774,0.744,15.1,False,,,,,
50,8,auto,1283,358,1824,1061,1471,663,1575,729,0.386,15.1,False,,,,,
51,3,car,160,378,914,925,277,745,452,796,0.724,14,False,,,,,
51,8,auto,1286,359,1822,1059,1472,661,1579,734,0.278,14,False,,,,,
52,3,car,7,373,886,980,128,794,328,856,0.769,13.5,False,,,,,
52,8,auto,1280,358,1823,1058,1470,661,1578,728,0.439,13.5,False,,,,,
53,3,car,0,373,869,1021,36,827,251,892,0.75,14.1,False,,,,,
53,8,auto,1284,360,1824,1059,1472,654,1587,754,0.402,14.1,False,,,,,
54,8,auto,1285,360,1825,1054,1470,662,1577,729,0.502,13.6,False,,,,,
54,3,car,0,370,828,1076,0,904,45,994,0.371,13.6,False,,,,,
55,8,auto,1285,358,1825,1054,1470,662,1574,725,0.52,14,False,,,,,
56,8,auto,1290,360,1823,1057,1471,653,1585,750,0.522,13.7,False,,,,,
57,8,auto,1290,359,1820,1053,1470,654,1575,736,0.543,14.5,False,,,,,
58,8,auto,1289,358,1822,1053,1471,655,1576,737,0.47,14.3,False,,,,,
59,9,car,998,388,1145,511,1034,451,1076,466,0.298,14,True,,,,no_text,28.5
59,8,auto,1291,355,1819,1048,1474,652,1574,736,0.296,14,False,,,,,
60,8,auto,1292,353,1822,1048,1473,648,1581,742,0.473,13.7,False,,,,,
60,9,car,995,387,1144,512,1034,454,1072,468,0.289,13.7,True,,,,no_text,35.3
61,8,auto,1289,349,1819,1047,1476,650,1581,723,0.525,16.8,False,,,,,
62,8,auto,1289,349,1824,1048,1476,651,1579,725,0.603,16.2,False,,,,,
63,8,auto,1286,350,1821,1045,1474,646,1577,734,0.273,15,False,,,,,
64,8,auto,1283,351,1820,1049,1474,651,1572,724,0.374,12.7,False,,,,,
64,10,car,962,380,1126,518,998,442,1046,465,0.275,12.7,True,,,,no_text,25.2
65,8,auto,1286,351,1818,1045,1474,651,1570,714,0.598,14.5,False,,,,,
66,8,auto,1285,349,1821,1047,1474,650,1574,717,0.67,13.8,False,,,,,
66,10,car,948,378,1122,519,989,443,1041,465,0.337,13.8,True,,,,no_text,35.1
67,8,auto,1292,347,1832,1044,1481,649,1584,717,0.553,13.9,False,,,,,
68,8,auto,1287,345,1830,1041,1485,647,1593,717,0.289,13.4,False,,,,,
72,11,car,895,360,1121,535,947,471,1008,492,0.505,13.4,True,,,,no_text,73.3
72,12,auto,1323,339,1869,1040,1515,635,1625,719,0.342,13.4,True,TN03D9766,0.987,TN03D9766,accepted,83.2
73,11,car,890,359,1120,537,939,469,1006,492,0.49,15.4,True,,,,no_text,30.7
73,12,auto,1323,342,1869,1040,1514,636,1626,743,0.295,15.4,False,,,,,
74,11,car,883,358,1117,542,932,476,996,499,0.586,14.2,True,,,,no_text,30.5
74,12,auto,1327,342,1872,1040,1519,640,1627,722,0.475,14.2,False,,,,,
75,12,auto,1329,343,1874,1040,1528,638,1634,714,0.334,15,False,,,,,
76,12,auto,1333,336,1882,1035,1526,640,1634,713,0.543,13.8,False,,,,,
76,11,car,867,356,1116,546,925,481,984,504,0.479,13.8,True,,,,no_text,69.9
77,11,car,863,356,1115,551,922,484,980,505,0.55,14.4,True,,,,no_text,70.3
77,12,auto,1333,337,1892,1039,1529,640,1639,710,0.434,14.4,False,,,,,
78,11,car,855,355,1112,553,911,484,972,505,0.641,14.8,True,,,,no_text,69.5
79,11,car,845,353,1111,557,902,485,959,507,0.632,14.7,True,,,,no_text,31
79,12,auto,1335,338,1896,1039,1536,637,1645,722,0.253,14.7,False,,,,,
80,11,car,825,352,1106,566,883,491,955,515,0.672,14.1,True,,,,no_text,71.9
81,11,car,815,350,1102,568,875,491,949,516,0.694,14.5,True,RINO1CKSOCO,0.521,,rejected,97.7
82,11,car,804,348,1101,571,866,493,937,516,0.647,19.6,False,,,,,
82,12,auto,1356,335,1905,1037,1556,639,1661,703,0.556,19.6,False,,,,,
83,11,car,791,345,1097,576,852,494,929,521,0.73,14.2,False,,,,,
83,12,auto,1362,332,1909,1035,1556,637,1664,704,0.59,14.2,False,,,,,
84,11,car,773,343,1094,580,835,498,914,525,0.701,14.3,False,,,,,
84,12,auto,1360,334,1908,1038,1556,635,1666,707,0.599,14.3,False,,,,,
84,12,auto,1360,334,1908,1038,1556,633,1670,738,0.268,14.3,False,,,,,
85,11,car,759,342,1090,586,825,504,900,531,0.643,15.4,False,,,,,
85,12,auto,1363,332,1909,1035,1561,636,1667,703,0.611,15.4,False,,,,,
86,11,car,743,341,1083,592,813,504,890,530,0.663,14.1,False,,,,,
86,12,auto,1366,329,1909,1036,1565,633,1672,706,0.487,14.1,False,,,,,
87,11,car,701,336,1071,602,778,511,860,538,0.749,13.1,False,,,,,
87,12,auto,1367,328,1914,1031,1564,629,1674,706,0.646,13.1,False,,,,,
87,12,auto,1367,328,1914,1031,1559,624,1679,747,0.326,13.1,False,,,,,
88,11,car,682,334,1065,613,756,519,841,547,0.734,14.7,False,,,,,
88,12,auto,1368,330,1913,1033,1566,632,1673,704,0.654,14.7,False,,,,,
88,12,auto,1368,330,1913,1033,1562,626,1678,738,0.35,14.7,False,,,,,
89,11,car,660,334,1057,622,732,523,822,553,0.701,15.2,False,,,,,
89,12,auto,1372,331,1914,1033,1566,633,1675,711,0.553,15.2,False,,,,,
89,12,auto,1372,331,1914,1033,1559,628,1681,758,0.501,15.2,False,,,,,
90,11,car,634,332,1052,629,709,525,801,555,0.725,14,False,,,,,
90,12,auto,1373,329,1914,1030,1567,629,1677,710,0.489,14,False,,,,,
90,12,auto,1373,329,1914,1030,1560,624,1682,758,0.306,14,False,,,,,
91,11,car,604,331,1047,641,684,533,781,565,0.741,13.2,False,,,,,
91,12,auto,1374,330,1914,1033,1563,630,1684,730,0.662,13.2,False,,,,,
91,12,auto,1374,330,1914,1033,1549,631,1686,757,0.3,13.2,False,,,,,
92,11,car,576,329,1035,643,657,540,760,572,0.706,14.5,False,,,,,
92,12,auto,1374,330,1916,1033,1565,631,1679,710,0.607,14.5,False,,,,,
92,12,auto,1374,330,1916,1033,1564,628,1683,756,0.439,14.5,False,,,,,
93,13,car,266,305,954,744,355,604,490,644,0.747,15.3,True,THO9CX5000,0.909,,rejected,128.2
93,12,auto,1372,323,1914,1028,1566,629,1675,705,0.585,15.3,False,,,,,
94,13,car,198,303,937,763,294,620,434,660,0.79,15.8,False,,,,,
94,12,auto,1373,324,1913,1028,1567,629,1674,701,0.617,15.8,False,,,,,
95,13,car,136,296,918,786,220,635,367,677,0.778,14.3,False,,,,,
95,12,auto,1375,326,1913,1027,1567,627,1673,703,0.592,14.3,False,,,,,
96,13,car,54,292,904,819,132,655,289,699,0.791,15.4,False,,,,,
96,12,auto,1376,322,1916,1024,1567,629,1673,704,0.559,15.4,False,,,,,
97,13,car,1,286,884,851,29,675,198,725,0.753,14.4,False,,,,,
97,12,auto,1375,326,1914,1027,1567,628,1673,702,0.526,14.4,False,,,,,
98,12,auto,1372,325,1913,1028,1567,629,1672,700,0.586,13.6,False,,,,,
99,12,auto,1373,325,1912,1028,1568,628,1675,703,0.571,14.5,False,,,,,
100,12,auto,1373,326,1912,1029,1567,628,1673,702,0.548,13.9,False,,,,,
101,12,auto,1374,324,1914,1026,1567,628,1672,701,0.616,14.2,False,,,,,
102,12,auto,1374,323,1914,1025,1567,629,1672,700,0.562,14.6,False,,,,,
103,12,auto,1375,326,1913,1028,1566,626,1673,703,0.577,14,False,,,,,
104,12,auto,1374,323,1914,1025,1568,628,1672,700,0.568,13.7,False,,,,,
105,12,auto,1371,325,1912,1028,1566,628,1673,701,0.632,14.1,False,,,,,
106,12,auto,1372,322,1914,1026,1565,629,1675,705,0.662,14,False,,,,,
106,12,auto,1372,322,1914,1026,1563,624,1681,752,0.343,14,False,,,,,
107,12,auto,1373,324,1912,1028,1566,626,1674,701,0.609,13.7,False,,,,,
108,12,auto,1373,325,1912,1028,1566,627,1674,706,0.569,13.5,False,,,,,
109,12,auto,1371,323,1913,1029,1563,628,1676,708,0.605,13.4,False,,,,,
109,12,auto,1371,323,1913,1029,1560,622,1682,756,0.351,13.4,False,,,,,
110,12,auto,1370,322,1914,1029,1564,627,1675,703,0.595,13.9,False,,,,,
111,12,auto,1369,323,1912,1031,1562,628,1677,707,0.632,14.8,False,,,,,
111,12,auto,1369,323,1912,1031,1559,622,1681,755,0.357,14.8,False,,,,,
112,12,auto,1374,322,1916,1028,1569,624,1676,703,0.739,14.2,False,,,,,
113,12,auto,1372,319,1916,1030,1569,626,1678,700,0.681,13.9,False,,,,,
114,12,auto,1376,322,1914,1030,1570,626,1683,701,0.665,13.9,False,,,,,
115,12,auto,1374,318,1915,1028,1565,625,1682,709,0.617,13.8,False,,,,,
115,12,auto,1374,318,1915,1028,1560,623,1685,749,0.389,13.8,False,,,,,
116,12,auto,1375,321,1915,1027,1566,625,1677,704,0.695,14,False,,,,,
116,12,auto,1375,321,1915,1027,1562,623,1681,746,0.293,14,False,,,,,
117,12,auto,1370,322,1914,1028,1564,623,1677,707,0.695,13.5,False,,,,,
118,12,auto,1371,321,1913,1030,1565,627,1675,702,0.645,13,False,,,,,
119,12,auto,1368,322,1913,1026,1564,627,1678,704,0.546,13.9,False,,,,,
120,12,auto,1368,320,1915,1027,1566,627,1677,702,0.657,13.4,False,,,,,
121,12,auto,1368,320,1913,1029,1566,626,1676,701,0.616,12.4,False,,,,,
122,12,auto,1370,317,1913,1028,1566,624,1676,701,0.641,13.6,False,,,,,
123,12,auto,1369,317,1911,1028,1566,626,1674,698,0.43,17.7,False,,,,,
124,12,auto,1373,318,1913,1026,1567,626,1677,696,0.681,29,False,,,,,
125,12,auto,1375,315,1912,1024,1567,620,1683,698,0.504,14,False,,,,,
126,12,auto,1373,316,1913,1024,1568,622,1681,695,0.582,14,False,,,,,
127,12,auto,1371,312,1915,1022,1567,617,1680,695,0.533,13.5,False,,,,,
128,12,auto,1373,315,1913,1023,1569,620,1684,692,0.447,13.6,False,,,,,
129,12,auto,1373,315,1913,1021,1567,615,1680,693,0.538,13.9,False,,,,,
130,12,auto,1376,311,1914,1021,1567,615,1683,693,0.53,14.6,False,,,,,
131,12,auto,1375,311,1914,1021,1571,614,1685,695,0.35,13.2,False,,,,,
132,12,auto,1375,313,1914,1022,1571,615,1686,695,0.468,13.5,False,,,,,
133,12,auto,1377,312,1915,1022,1571,616,1685,695,0.469,13.3,False,,,,,
134,12,auto,1377,314,1915,1023,1573,615,1687,696,0.499,13.4,False,,,,,
135,12,auto,1376,311,1916,1021,1569,617,1684,693,0.384,13.3,False,,,,,
136,12,auto,1377,316,1916,1022,1573,616,1687,695,0.489,14.1,False,,,,,
137,12,auto,1376,317,1916,1021,1569,618,1687,694,0.63,14,False,,,,,
138,12,auto,1377,318,1915,1022,1569,617,1684,694,0.381,13.6,False,,,,,
139,12,auto,1376,317,1916,1023,1570,617,1683,692,0.351,14.1,False,,,,,
140,12,auto,1377,315,1916,1021,1573,619,1690,699,0.554,14.3,False,,,,,
141,12,auto,1377,316,1915,1023,1569,618,1684,693,0.384,17.1,False,,,,,
142,12,auto,1374,311,1914,1021,1568,618,1681,692,0.418,16.7,False,,,,,
143,12,auto,1376,317,1912,1023,1569,621,1683,691,0.498,14.3,False,,,,,
144,12,auto,1376,315,1914,1023,1569,619,1683,690,0.432,14.3,False,,,,,
145,12,auto,1375,315,1914,1024,1569,619,1681,691,0.486,13.9,False,,,,,
147,12,auto,1372,312,1912,1024,1565,619,1684,698,0.292,14,False,,,,,
148,12,auto,1375,317,1914,1025,1567,621,1682,695,0.6,14.2,False,,,,,
149,12,auto,1373,315,1914,1025,1567,620,1682,694,0.461,14.4,False,,,,,
150,12,auto,1370,310,1914,1024,1566,619,1679,695,0.252,13.5,False,,,,,
154,14,auto,1370,310,1913,1022,1566,615,1679,692,0.359,13.4,True,TN03D9766,0.985,TN03D9766,accepted,87.4
156,14,auto,1375,311,1914,1020,1566,617,1680,694,0.42,13.8,False,,,,,
157,14,auto,1376,313,1915,1021,1567,618,1681,694,0.544,13.9,False,,,,,
158,14,auto,1375,312,1916,1020,1567,616,1682,690,0.46,13.6,False,,,,,
159,14,auto,1377,312,1914,1019,1567,615,1680,695,0.511,13.5,False,,,,,
160,14,auto,1376,312,1915,1019,1566,613,1683,700,0.533,14,False,,,,,
161,14,auto,1373,308,1915,1019,1568,617,1679,693,0.404,13.3,False,,,,,
162,14,auto,1370,311,1914,1020,1566,617,1682,695,0.423,13.9,False,,,,,
163,14,auto,1372,308,1915,1019,1567,611,1681,699,0.504,15,False,,,,,
164,14,auto,1371,305,1916,1019,1565,609,1679,700,0.526,13.4,False,,,,,
165,14,auto,1371,305,1915,1019,1566,611,1681,705,0.482,13.3,False,,,,,
166,14,auto,1370,307,1911,1020,1565,610,1680,700,0.501,13.7,False,,,,,
167,14,auto,1372,308,1911,1019,1564,609,1679,694,0.528,14.1,False,,,,,
168,14,auto,1371,309,1912,1020,1565,610,1678,694,0.44,14.2,False,,,,,
169,14,auto,1369,308,1908,1019,1563,610,1676,695,0.575,18.9,False,,,,,
170,14,auto,1367,308,1906,1021,1563,611,1676,696,0.496,12.3,False,,,,,
171,14,auto,1368,311,1908,1020,1563,610,1677,697,0.445,13.5,False,,,,,
174,14,auto,1368,310,1910,1020,1566,616,1679,693,0.435,13.9,False,,,,,
175,14,auto,1369,312,1910,1019,1566,616,1678,692,0.434,13.6,False,,,,,
176,14,auto,1368,311,1910,1020,1566,611,1677,693,0.519,13.6,False,,,,,
177,14,auto,1369,309,1911,1019,1565,611,1676,693,0.457,13.6,False,,,,,
178,14,auto,1370,307,1910,1020,1565,611,1676,695,0.376,13.5,False,,,,,
179,14,auto,1370,310,1911,1019,1567,610,1678,702,0.363,13.4,False,,,,,
180,14,auto,1371,310,1911,1019,1567,610,1678,700,0.423,13.5,False,,,,,
181,14,auto,1370,312,1910,1021,1568,612,1678,698,0.36,11.5,False,,,,,
182,14,auto,1370,312,1909,1021,1565,610,1681,702,0.415,14.3,False,,,,,
184,14,auto,1370,311,1910,1022,1564,608,1683,703,0.481,13.3,False,,,,,
185,14,auto,1371,311,1909,1022,1565,610,1682,699,0.458,15,False,,,,,
186,14,auto,1370,312,1909,1021,1565,611,1682,700,0.477,13.1,False,,,,,
187,14,auto,1369,312,1908,1021,1566,614,1681,696,0.473,12.6,False,,,,,
188,14,auto,1370,311,1909,1020,1566,613,1679,696,0.524,13.6,False,,,,,
189,14,auto,1369,311,1909,1020,1567,613,1679,695,0.421,13.4,False,,,,,
190,14,auto,1375,313,1910,1022,1566,615,1681,698,0.345,13.7,False,,,,,
191,14,auto,1374,312,1912,1023,1566,616,1682,696,0.266,13.7,False,,,,,
192,14,auto,1372,314,1911,1023,1565,617,1679,694,0.315,13.7,False,,,,,
193,14,auto,1370,315,1909,1023,1566,618,1679,694,0.35,13.8,False,,,,,
194,14,auto,1368,315,1910,1022,1565,617,1679,693,0.321,13.1,False,,,,,
195,14,auto,1373,313,1908,1023,1565,621,1683,697,0.437,13.9,False,,,,,
196,14,auto,1372,312,1910,1022,1565,621,1682,702,0.456,13.6,False,,,,,
197,14,auto,1369,312,1911,1021,1564,621,1683,698,0.349,13.3,False,,,,,
198,14,auto,1369,313,1911,1022,1565,622,1681,696,0.457,13.3,False,,,,,
199,14,auto,1371,313,1911,1022,1565,621,1682,696,0.475,12.6,False,,,,,
200,14,auto,1370,313,1911,1021,1564,621,1682,697,0.467,13.3,False,,,,,
201,14,auto,1369,316,1912,1023,1564,622,1678,700,0.527,12.9,False,,,,,
202,14,auto,1370,316,1913,1022,1565,624,1677,697,0.516,13.9,False,,,,,
203,14,auto,1372,318,1912,1023,1567,627,1673,693,0.633,13.8,False,,,,,
204,14,auto,1372,317,1914,1024,1566,627,1674,695,0.463,13.4,False,,,,,
205,14,auto,1374,315,1913,1023,1565,623,1680,699,0.575,12.6,False,,,,,
206,14,auto,1372,321,1913,1023,1565,624,1673,699,0.699,13.4,False,,,,,
207,14,auto,1370,320,1913,1025,1565,624,1674,698,0.671,13.7,False,,,,,
208,14,auto,1371,321,1913,1022,1563,626,1678,710,0.656,13.6,False,,,,,
209,14,auto,1374,321,1911,1022,1566,624,1675,699,0.673,13.7,False,,,,,
210,14,auto,1374,320,1914,1021,1565,623,1682,712,0.638,16.2,False,,,,,
211,14,auto,1375,320,1912,1026,1564,626,1681,714,0.642,12.5,False,,,,,
211,14,auto,1375,320,1912,1026,1561,622,1685,749,0.306,12.5,False,,,,,
212,14,auto,1377,323,1914,1027,1569,623,1680,710,0.675,13.9,False,,,,,
212,14,auto,1377,323,1914,1027,1563,620,1682,741,0.404,13.9,False,,,,,
213,14,auto,1376,322,1911,1025,1565,626,1679,707,0.608,13.2,False,,,,,
214,14,auto,1371,321,1912,1024,1565,625,1673,699,0.676,13.5,False,,,,,
215,14,auto,1372,322,1911,1026,1565,627,1674,702,0.652,13.3,False,,,,,
216,14,auto,1376,321,1912,1026,1567,624,1675,699,0.684,13.4,False,,,,,
217,14,auto,1376,321,1912,1024,1565,622,1681,703,0.541,13.7,False,,,,,
218,14,auto,1374,318,1913,1024,1566,623,1681,698,0.597,15,False,,,,,
219,14,auto,1374,320,1913,1027,1566,626,1676,698,0.714,17.8,False,,,,,
220,14,auto,1376,320,1914,1023,1566,624,1680,700,0.61,17.6,False,,,,,
221,14,auto,1375,319,1913,1022,1566,626,1676,697,0.448,13.4,False,,,,,
222,14,auto,1374,319,1914,1025,1566,624,1678,698,0.624,13.9,False,,,,,
223,14,auto,1374,318,1913,1025,1565,623,1679,699,0.655,13.8,False,,,,,
224,14,auto,1376,318,1913,1024,1564,622,1682,705,0.559,13.8,False,,,,,
225,14,auto,1376,319,1914,1024,1566,623,1681,699,0.654,13.3,False,,,,,
226,14,auto,1376,319,1914,1024,1564,622,1680,700,0.647,14.4,False,,,,,
227,14,auto,1376,320,1914,1022,1566,625,1678,696,0.581,13.4,False,,,,,
228,14,auto,1376,320,1914,1021,1564,622,1682,703,0.604,13.5,False,,,,,
229,14,auto,1375,320,1913,1021,1565,624,1677,699,0.54,13.5,False,,,,,
230,14,auto,1376,321,1913,1021,1566,623,1678,698,0.59,13.7,False,,,,,
231,14,auto,1376,320,1915,1022,1566,623,1680,699,0.521,13.3,False,,,,,
232,14,auto,1375,320,1914,1021,1567,626,1674,693,0.487,13.8,False,,,,,
233,14,auto,1375,319,1914,1021,1567,623,1680,699,0.617,14.2,False,,,,,
234,14,auto,1375,320,1914,1020,1565,625,1679,696,0.604,14,False,,,,,
235,14,auto,1375,319,1914,1021,1565,624,1681,700,0.534,13.6,False,,,,,
236,14,auto,1375,320,1914,1021,1567,625,1679,696,0.67,13.9,False,,,,,
237,14,auto,1375,321,1913,1021,1566,623,1681,699,0.625,13,False,,,,,
238,14,auto,1375,320,1912,1020,1567,624,1680,698,0.578,13.5,False,,,,,
239,14,auto,1377,321,1913,1019,1567,624,1679,696,0.637,13.9,False,,,,,
240,14,auto,1372,319,1914,1022,1567,626,1678,701,0.61,13.3,False,,,,,
241,14,auto,1370,319,1913,1022,1567,623,1680,699,0.554,13.5,False,,,,,
242,14,auto,1374,322,1914,1023,1567,625,1679,698,0.609,14.1,False,,,,,
242,15,car,961,381,1152,520,1008,471,1057,487,0.414,14.1,True,,,,no_text,79.8
243,14,auto,1377,323,1914,1026,1570,620,1686,711,0.641,14.6,False,,,,,
243,14,auto,1377,323,1914,1026,1562,619,1687,748,0.317,14.6,False,,,,,
243,15,car,951,383,1149,525,998,478,1048,494,0.307,14.6,True,,,,no_text,96.4
244,14,auto,1378,322,1915,1026,1564,624,1685,716,0.645,15.1,False,,,,,
244,14,auto,1378,322,1915,1026,1559,621,1687,749,0.438,15.1,False,,,,,
244,15,car,941,383,1143,528,987,478,1042,495,0.434,15.1,True,,,,no_text,29.8
245,14,auto,1377,323,1914,1025,1565,623,1686,721,0.613,14.2,False,,,,,
245,15,car,930,382,1139,532,976,478,1031,496,0.293,14.2,True,,,,no_text,29.2
246,14,auto,1375,322,1914,1025,1566,626,1683,712,0.563,14.3,False,,,,,
246,14,auto,1375,322,1914,1025,1562,622,1686,749,0.343,14.3,False,,,,,
246,15,car,920,382,1134,534,969,485,1024,504,0.269,14.3,True,,,,no_text,72.4
247,14,auto,1372,323,1914,1024,1568,624,1683,703,0.591,15.4,False,,,,,
247,15,car,907,383,1129,539,956,487,1014,505,0.379,15.4,True,,,,no_text,80.1
248,14,auto,1376,323,1916,1021,1570,627,1682,701,0.652,15.3,False,,,,,
248,15,car,894,382,1126,543,948,487,1006,506,0.527,15.3,True,,,,no_text,93.9
249,14,auto,1375,325,1916,1025,1569,624,1685,710,0.633,15.5,False,,,,,
249,15,car,870,384,1114,553,925,494,986,515,0.475,15.5,True,,,,no_text,28.5
249,14,auto,1375,325,1916,1025,1567,621,1689,744,0.435,15.5,False,,,,,
250,14,auto,1375,325,1916,1024,1567,625,1688,720,0.693,15.5,False,,,,,
250,15,car,858,382,1109,557,907,495,966,515,0.534,15.5,True,,,,no_text,72.1
251,14,auto,1379,324,1917,1023,1571,623,1689,705,0.592,16,False,,,,,
251,15,car,825,383,1097,567,881,506,950,528,0.584,16,True,,,,no_text,75.3
251,14,auto,1379,324,1917,1023,1567,622,1693,751,0.29,16,False,,,,,
252,15,car,810,383,1089,572,869,507,936,531,0.614,16.2,True,TNAIARSE,0.613,,rejected,73
252,14,auto,1379,324,1916,1022,1571,624,1689,702,0.559,16.2,False,,,,,
253,15,car,792,382,1083,579,852,509,924,536,0.628,17.1,False,,,,,
253,14,auto,1379,324,1917,1023,1572,625,1687,700,0.532,17.1,False,,,,,
254,15,car,771,381,1075,586,831,515,904,541,0.616,16.7,False,,,,,
254,14,auto,1379,324,1917,1022,1571,626,1690,711,0.559,16.7,False,,,,,
254,14,auto,1379,324,1917,1022,1568,624,1694,751,0.343,16.7,False,,,,,
255,14,auto,1380,323,1917,1022,1572,623,1692,708,0.656,17,False,,,,,
255,15,car,750,381,1068,593,816,520,897,547,0.585,17,False,,,,,
255,14,auto,1380,323,1917,1022,1565,622,1695,749,0.297,17,False,,,,,
256,14,auto,1378,322,1918,1022,1572,624,1688,704,0.608,16.5,False,,,,,
256,15,car,727,380,1060,601,796,525,873,553,0.547,16.5,False,,,,,
257,15,car,678,381,1040,616,747,538,832,567,0.659,16.2,False,,,,,
257,14,auto,1378,323,1918,1022,1571,626,1688,704,0.473,16.2,False,,,,,
258,15,car,653,381,1032,626,719,542,808,575,0.612,16.3,False,,,,,
258,14,auto,1380,323,1918,1022,1572,624,1687,702,0.534,16.3,False,,,,,
259,15,car,621,381,1018,639,688,549,784,583,0.617,16.6,False,,,,,
259,14,auto,1381,325,1918,1022,1573,624,1692,711,0.466,16.6,False,,,,,
260,15,car,591,380,1005,650,662,559,758,594,0.598,16.4,False,,,,,
260,14,auto,1382,323,1918,1022,1575,626,1687,702,0.347,16.4,False,,,,,
261,16,car,367,378,935,729,446,615,565,655,0.67,15.9,True,TN41AR0082,0.917,TN41AR0082,accepted,76.3
261,14,auto,1390,325,1919,1026,1581,625,1697,705,0.367,15.9,False,,,,,
262,16,car,300,376,918,751,387,630,510,670,0.632,16.6,False,,,,,
262,14,auto,1389,325,1919,1027,1580,627,1695,701,0.353,16.6,False,,,,,
263,16,car,228,377,894,771,316,645,446,690,0.754,15.7,False,,,,,
263,14,auto,1388,324,1919,1027,1582,625,1695,700,0.258,15.7,False,,,,,
264,16,car,150,375,869,798,234,668,372,713,0.771,16.2,False,,,,,
265,16,car,55,373,846,837,141,689,289,741,0.789,15.6,False,,,,,
266,16,car,0,370,819,873,28,714,188,765,0.73,16.1,False,,,,,
267,17,auto,1394,326,1919,1029,1588,628,1696,700,0.465,15.7,True,TN03D9766,0.983,TN03D9766,accepted,353.9
269,17,auto,1392,321,1919,1027,1591,629,1693,694,0.275,16.5,False,,,,,
270,17,auto,1391,325,1919,1027,1588,628,1695,697,0.363,16.7,False,,,,,
272,17,auto,1393,322,1919,1025,1589,629,1697,698,0.372,16.3,False,,,,,
273,17,auto,1391,320,1919,1025,1591,628,1695,695,0.365,17.6,False,,,,,
274,17,auto,1390,324,1919,1027,1589,627,1694,695,0.386,16.2,False,,,,,
275,17,auto,1395,324,1919,1026,1588,628,1701,706,0.386,16.6,False,,,,,
276,17,auto,1391,322,1919,1027,1592,628,1696,696,0.381,16,False,,,,,
277,17,auto,1391,323,1919,1029,1591,630,1694,696,0.322,16.8,False,,,,,
278,17,auto,1391,323,1919,1030,1590,631,1695,696,0.349,16.6,False,,,,,
279,17,auto,1390,320,1919,1025,1592,628,1696,693,0.364,16.4,False,,,,,
280,17,auto,1391,324,1919,1028,1592,629,1695,694,0.409,16.7,False,,,,,
281,17,auto,1393,322,1919,1027,1589,628,1700,702,0.445,16.4,False,,,,,
282,17,auto,1392,322,1919,1027,1587,630,1697,704,0.258,16.5,False,,,,,
285,17,auto,1393,320,1919,1026,1591,628,1697,696,0.495,14.8,False,,,,,
286,17,auto,1392,320,1919,1026,1592,628,1695,695,0.339,14.5,False,,,,,
287,17,auto,1395,321,1919,1027,1588,628,1701,708,0.268,14.5,False,,,,,
289,17,auto,1395,322,1919,1028,1590,627,1701,705,0.498,14.7,False,,,,,
290,17,auto,1393,325,1919,1029,1589,628,1695,699,0.325,57.4,False,,,,,
299,18,auto,1395,324,1919,1027,1593,628,1697,697,0.339,14.9,True,TN03D9766,0.984,TN03D9766,accepted,92.5
299,19,auto,1395,324,1919,1027,1672,803,1785,872,0.271,14.9,True,,,,no_text,25
305,20,auto,1394,322,1918,1027,1698,823,1782,869,0.341,14.9,True,,,,no_text,25.3
310,21,auto,1392,321,1919,1028,1696,820,1781,870,0.358,16.2,True,,,,no_text,39.3
311,21,auto,1393,319,1919,1028,1695,820,1782,870,0.322,33,True,,,,no_text,33.8
312,22,auto,1397,323,1919,1028,1591,628,1695,697,0.297,17.7,True,TN03D9766,0.976,TN03D9766,accepted,152.9
314,21,auto,1393,320,1919,1025,1699,824,1782,869,0.286,15,True,,,,no_text,51.7
315,22,auto,1395,324,1919,1028,1589,630,1695,699,0.261,28.6,False,,,,,
318,23,motorcycle,1395,318,1918,1024,1695,818,1782,870,0.25,27.8,True,,,,no_text,37.6
320,23,auto,1392,321,1918,1026,1692,817,1782,870,0.292,28.9,True,,,,no_text,40.1
323,23,auto,1396,322,1919,1026,1695,818,1778,869,0.327,14.7,True,,,,no_text,48.5
324,23,auto,1396,323,1919,1025,1690,813,1777,870,0.334,28.1,True,,,,no_text,36.5
325,23,auto,1394,320,1919,1026,1696,822,1781,870,0.3,29.9,True,,,,no_text,37
333,24,auto,1394,321,1918,1026,1694,820,1783,870,0.275,28.5,True,,,,no_text,37.8
334,24,auto,1394,320,1919,1026,1694,822,1781,870,0.373,32.1,True,,,,no_text,43.3
336,24,auto,1394,321,1919,1026,1694,820,1781,870,0.311,38.4,True,,,,no_text,36.3
337,24,auto,1395,322,1918,1027,1694,818,1781,870,0.276,18.9,True,,,,no_text,38.2
338,24,auto,1396,324,1918,1026,1689,813,1776,870,0.287,23.7,True,,,,no_text,37.7
340,24,auto,1396,320,1919,1026,1694,820,1779,870,0.314,16.4,True,,,,no_text,41.6
341,24,auto,1396,321,1919,1026,1696,822,1782,870,0.306,24,True,,,,no_text,43.7
343,24,motorcycle,1402,321,1918,1026,1691,812,1783,871,0.273,19.7,True,,,,no_text,36.1
344,24,auto,1393,321,1919,1026,1696,822,1785,870,0.286,30.3,True,,,,no_text,46.7
347,24,auto,1396,322,1918,1028,1696,822,1786,871,0.255,32.6,True,,,,no_text,37.5
349,24,auto,1394,320,1919,1025,1690,818,1782,870,0.294,28.1,True,,,,no_text,38
357,25,auto,1395,323,1919,1026,1693,821,1785,869,0.386,25.8,True,,,,no_text,39.5
358,25,auto,1397,323,1919,1028,1691,817,1780,870,0.289,30.5,True,,,,no_text,34.4
366,26,auto,1394,319,1919,1024,1591,628,1701,693,0.278,26.5,True,TN03D9766,0.99,TN03D9766,accepted,116.8
368,27,auto,1393,320,1919,1026,1694,817,1783,870,0.299,28.3,True,,,,no_text,33.6
369,27,auto,1392,320,1919,1026,1687,814,1779,870,0.282,29.5,True,,,,no_text,37.4
372,28,motorcycle,1164,423,1241,545,1144,428,1185,468,0.265,32.7,True,,,,no_text,65.5
373,29,auto,1392,329,1919,1030,1586,629,1696,698,0.347,16.6,True,TN03D9766,0.978,TN03D9766,accepted,121.8
374,29,auto,1394,331,1919,1031,1583,629,1694,702,0.336,28.7,False,,,,,
375,29,auto,1391,329,1919,1033,1582,630,1698,714,0.275,27.6,False,,,,,
376,29,auto,1393,328,1919,1030,1586,630,1697,698,0.512,27.6,False,,,,,
377,29,auto,1392,330,1919,1032,1586,631,1696,700,0.257,33.6,False,,,,,
378,29,auto,1397,330,1919,1029,1590,629,1695,697,0.492,37,False,,,,,
379,29,auto,1396,329,1919,1031,1588,630,1699,702,0.42,35.5,False,,,,,
380,29,auto,1392,332,1918,1034,1589,635,1706,711,0.322,35.8,False,,,,,
381,29,auto,1395,333,1918,1033,1587,634,1694,698,0.376,35.2,False,,,,,
382,29,auto,1393,332,1918,1032,1587,633,1696,700,0.37,32.8,False,,,,,
383,29,auto,1394,332,1918,1033,1588,635,1698,699,0.311,27.4,False,,,,,
384,29,auto,1393,329,1919,1031,1589,630,1698,701,0.471,31.4,False,,,,,
385,29,auto,1392,331,1918,1034,1586,633,1703,705,0.394,31.9,False,,,,,
386,29,auto,1392,333,1918,1034,1588,634,1705,706,0.35,22.6,False,,,,,
387,29,auto,1391,332,1918,1034,1586,633,1702,704,0.404,33,False,,,,,
388,29,auto,1400,331,1918,1032,1591,634,1700,699,0.545,25.2,False,,,,,
389,29,auto,1398,330,1918,1032,1590,634,1703,700,0.473,16.3,False,,,,,
390,29,auto,1396,330,1919,1032,1591,631,1698,699,0.388,16.3,False,,,,,
391,29,auto,1394,330,1918,1031,1589,633,1703,700,0.379,16,False,,,,,
391,30,car,1062,402,1143,499,1105,463,1160,498,0.363,16,True,,,,no_text,21.1
392,29,auto,1397,331,1918,1033,1587,630,1709,705,0.55,16.6,False,,,,,
392,29,auto,1397,331,1918,1033,1582,624,1711,752,0.376,16.6,False,,,,,
392,30,car,1059,402,1144,499,1107,458,1163,500,0.27,16.6,True,,,,no_text,19.8
393,29,auto,1402,330,1918,1031,1593,632,1706,699,0.576,16.6,False,,,,,
394,29,auto,1402,333,1918,1035,1594,633,1712,706,0.608,16.7,False,,,,,
394,29,auto,1402,333,1918,1035,1591,629,1715,755,0.441,16.7,False,,,,,
395,29,auto,1401,329,1919,1033,1597,632,1707,698,0.522,17,False,,,,,
396,29,auto,1401,330,1919,1034,1595,633,1711,705,0.608,16.8,False,,,,,
396,29,auto,1401,330,1919,1034,1592,629,1716,756,0.525,16.8,False,,,,,
397,29,auto,1401,329,1919,1034,1596,633,1710,701,0.651,16.2,False,,,,,
397,29,auto,1401,329,1919,1034,1594,630,1715,754,0.334,16.2,False,,,,,
397,31,car,1018,395,1120,509,1090,460,1135,501,0.272,16.2,True,,,,no_text,18.3
398,29,auto,1405,329,1918,1034,1598,632,1711,701,0.634,16.4,False,,,,,
398,29,auto,1405,329,1918,1034,1595,629,1716,753,0.369,16.4,False,,,,,
399,29,auto,1404,330,1918,1036,1598,633,1711,700,0.498,15.8,False,,,,,
399,31,car,1009,394,1112,519,1058,490,1110,512,0.261,15.8,True,,,,no_text,25.9
400,29,auto,1405,329,1918,1035,1596,631,1711,702,0.593,16.7,False,,,,,
400,29,auto,1405,329,1918,1035,1594,629,1716,756,0.363,16.7,False,,,,,
400,31,car,998,395,1105,516,1062,489,1110,513,0.296,16.7,True,,,,no_text,25
401,29,auto,1403,331,1919,1033,1597,632,1709,701,0.324,16.4,False,,,,,
402,29,auto,1406,329,1919,1036,1600,634,1709,699,0.517,16.3,False,,,,,
402,31,motorcycle,1008,449,1144,679,996,487,1049,516,0.35,16.3,True,,,,no_text,23
403,29,auto,1407,329,1920,1035,1601,628,1712,700,0.54,16.5,False,,,,,
403,31,car,982,391,1116,524,1039,493,1092,518,0.297,16.5,True,,,,no_text,24.4
404,29,auto,1408,329,1919,1037,1601,630,1715,702,0.639,16.6,False,,,,,
404,29,auto,1408,329,1919,1037,1600,627,1719,737,0.252,16.6,False,,,,,
405,29,auto,1408,331,1919,1036,1599,630,1716,702,0.606,15.9,False,,,,,
406,29,auto,1404,327,1920,1036,1600,629,1713,699,0.501,16.1,False,,,,,
406,31,motorcycle,968,461,1114,712,1004,557,1061,584,0.39,16.1,True,,,,no_text,24.2
407,29,auto,1408,329,1919,1035,1599,631,1716,704,0.62,16.5,False,,,,,
407,29,auto,1408,329,1919,1035,1597,628,1721,749,0.292,16.5,False,,,,,
408,29,auto,1407,329,1919,1036,1600,629,1715,703,0.68,17.2,False,,,,,
408,31,motorcycle,943,457,1102,732,981,562,1036,591,0.379,17.2,True,,,,no_text,24.1
408,29,auto,1407,329,1919,1036,1598,625,1720,744,0.307,17.2,False,,,,,
408,31,car,927,373,1114,537,992,504,1053,533,0.264,17.2,True,,,,no_text,22.2
409,29,auto,1406,328,1919,1037,1601,629,1713,698,0.628,16.6,False,,,,,
409,31,motorcycle,902,470,1076,770,935,578,1004,613,0.511,16.6,True,,,,no_text,23.1
409,31,motorcycle,902,470,1076,770,938,584,1006,620,0.484,16.6,True,,,,no_text,22.3
410,29,auto,1405,328,1920,1037,1602,628,1711,697,0.589,18.5,False,,,,,
410,31,motorcycle,890,463,1067,780,921,590,983,625,0.474,18.5,True,,,,no_text,37.3
411,29,auto,1404,327,1919,1037,1601,629,1712,700,0.673,16.8,False,,,,,
411,31,motorcycle,865,469,1063,794,907,596,975,637,0.348,16.8,True,,,,no_text,21.1
411,31,motorcycle,865,469,1063,794,905,591,978,626,0.272,16.8,True,,,,no_text,23.7
412,29,auto,1405,328,1919,1036,1602,629,1711,700,0.679,17.3,False,,,,,
412,31,motorcycle,851,478,1043,810,895,532,953,560,0.312,17.3,True,,,,no_text,26.2
412,31,motorcycle,851,478,1043,810,885,606,947,645,0.267,17.3,True,,,,no_text,22.8
413,29,auto,1409,329,1920,1034,1604,631,1715,699,0.615,16.7,False,,,,,
413,31,motorcycle,829,480,1041,833,863,600,940,637,0.322,16.7,True,,,,no_text,64.3
414,29,auto,1412,328,1919,1033,1605,629,1718,701,0.672,17.1,False,,,,,
415,29,auto,1414,329,1920,1034,1608,631,1719,703,0.628,16.2,False,,,,,
415,31,motorcycle,778,487,1020,877,840,556,909,595,0.324,16.2,True,,,,no_text,22.9
415,32,motorcycle,1046,443,1177,639,1077,490,1133,519,0.251,16.2,True,,,,no_text,63
416,29,auto,1414,331,1917,1034,1610,633,1719,703,0.603,17.3,False,,,,,
416,29,auto,1414,331,1917,1034,1604,628,1726,748,0.325,17.3,False,,,,,
417,29,auto,1411,329,1919,1034,1612,632,1718,699,0.594,17.2,False,,,,,
417,32,motorcycle,1038,446,1166,653,1068,499,1124,523,0.305,17.2,True,,,,no_text,27.4
417,31,motorcycle,722,503,1001,925,782,579,858,620,0.284,17.2,True,,,,no_text,24.2
417,29,auto,1411,329,1919,1034,1606,627,1726,746,0.261,17.2,False,,,,,
418,29,auto,1412,329,1920,1033,1610,632,1715,699,0.542,17.1,False,,,,,
418,32,motorcycle,1029,447,1162,660,1060,500,1122,526,0.269,17.1,True,,,,no_text,67.1
419,29,auto,1417,331,1918,1036,1613,634,1725,702,0.525,17.1,False,,,,,
419,32,motorcycle,1024,448,1159,668,1058,507,1110,538,0.303,17.1,True,,,,no_text,25.4
420,29,auto,1417,330,1919,1034,1610,632,1725,702,0.589,16.7,False,,,,,
420,32,motorcycle,1016,450,1160,675,1054,508,1111,540,0.354,16.7,True,,,,no_text,70.8
420,29,auto,1417,330,1919,1034,1607,624,1732,748,0.25,16.7,False,,,,,
421,29,auto,1419,331,1919,1034,1612,631,1726,702,0.641,17,False,,,,,
421,32,motorcycle,1012,453,1158,683,1044,510,1105,542,0.401,17,True,,,,no_text,23.6
421,29,auto,1419,331,1919,1034,1611,624,1732,735,0.4,17,False,,,,,
422,29,auto,1419,330,1919,1034,1612,631,1727,703,0.629,16.6,False,,,,,
422,32,motorcycle,1005,453,1156,690,1039,510,1100,544,0.519,16.6,True,,,,no_text,64.5
422,29,auto,1419,330,1919,1034,1610,624,1733,740,0.355,16.6,False,,,,,
423,29,auto,1418,327,1920,1034,1611,626,1729,705,0.649,17,False,,,,,
423,32,motorcycle,995,452,1151,697,1033,512,1099,546,0.485,17,True,,,,no_text,29
423,32,motorcycle,995,452,1151,697,1033,581,1080,609,0.275,17,True,,,,no_text,20
423,29,auto,1418,327,1920,1034,1609,621,1734,743,0.264,17,False,,,,,
424,29,auto,1423,329,1920,1034,1615,628,1735,703,0.628,17,False,,,,,
424,32,motorcycle,975,457,1141,714,1017,594,1069,631,0.43,17,True,,,,no_text,19.7
424,32,motorcycle,975,457,1141,714,1017,525,1078,552,0.391,17,True,,,,no_text,25.3
424,29,auto,1423,329,1920,1034,1613,622,1741,744,0.32,17,False,,,,,
424,32,motorcycle,975,457,1141,714,1014,529,1076,558,0.311,17,True,,,,no_text,23.3
425,29,auto,1423,330,1919,1035,1614,630,1735,701,0.609,16.9,False,,,,,
425,32,motorcycle,966,464,1133,724,1005,527,1072,562,0.513,16.9,True,,,,no_text,25
425,29,auto,1423,330,1919,1035,1614,623,1740,736,0.316,16.9,False,,,,,
426,29,auto,1425,331,1918,1036,1614,630,1737,704,0.666,17,False,,,,,
426,32,motorcycle,958,458,1134,733,995,532,1061,568,0.607,17,True,,,,no_text,39.1
426,29,auto,1425,331,1918,1036,1615,624,1741,733,0.504,17,False,,,,,
427,29,auto,1423,330,1919,1034,1617,627,1737,702,0.595,17.1,False,,,,,
427,32,motorcycle,950,465,1128,747,985,538,1052,570,0.486,17.1,True,,,,no_text,30.5
427,32,motorcycle,950,465,1128,747,989,613,1036,653,0.386,17.1,True,,,,no_text,18.2
427,33,car,516,388,927,677,572,581,619,611,0.253,17.1,True,23,0.993,,rejected,60.6
428,29,auto,1424,330,1919,1035,1619,627,1739,705,0.682,17.2,False,,,,,
428,32,motorcycle,932,467,1119,758,971,537,1049,576,0.668,17.2,True,,,,no_text,65.5
428,33,car,449,386,910,699,501,590,574,626,0.622,17.2,False,,,,,
428,29,auto,1424,330,1919,1035,1618,623,1744,739,0.435,17.2,False,,,,,
428,32,motorcycle,932,467,1119,758,977,623,1030,660,0.346,17.2,True,,,,no_text,20.6
429,33,car,388,388,891,717,420,602,525,638,0.715,17.5,False,,,,,
429,29,auto,1428,329,1920,1036,1618,629,1740,707,0.627,17.5,False,,,,,
429,32,motorcycle,926,473,1113,772,963,547,1034,582,0.506,17.5,True,,,,no_text,23.8
429,29,auto,1428,329,1920,1036,1619,624,1745,737,0.343,17.5,False,,,,,
430,33,car,293,390,868,732,356,615,467,647,0.725,16.7,False,,,,,
430,32,motorcycle,911,473,1108,783,948,552,1023,590,0.625,16.7,True,,,,no_text,23.1
430,29,auto,1426,328,1919,1034,1619,627,1737,700,0.601,16.7,False,,,,,
431,33,car,212,389,846,751,289,628,404,662,0.795,16.6,False,,,,,
431,32,motorcycle,897,466,1103,802,941,557,1006,597,0.711,16.6,True,,,,no_text,68
431,29,auto,1428,328,1919,1035,1620,625,1738,704,0.606,16.6,False,,,,,
432,33,car,140,391,822,774,214,646,338,680,0.734,16.6,False,,,,,
432,32,motorcycle,881,472,1100,815,922,563,995,601,0.625,16.6,True,100151,0.821,,rejected,91.1
432,29,auto,1427,327,1920,1035,1621,626,1738,702,0.581,16.6,False,,,,,
433,33,car,58,391,796,802,132,663,262,700,0.732,17.2,False,,,,,
433,29,auto,1427,326,1920,1035,1622,628,1740,700,0.696,17.2,False,,,,,
433,32,motorcycle,858,477,1091,839,904,576,983,614,0.641,17.2,False,,,,,
434,33,car,2,393,771,836,33,685,166,723,0.75,16.4,False,,,,,
434,29,auto,1429,326,1919,1037,1625,628,1738,699,0.661,16.4,False,,,,,
434,32,motorcycle,839,482,1084,860,887,585,970,623,0.6,16.4,False,,,,,
435,33,car,0,392,734,867,0,708,62,755,0.631,16.5,False,,,,,
435,32,motorcycle,819,477,1072,884,862,593,949,639,0.592,16.5,False,,,,,
435,29,auto,1427,328,1919,1038,1627,631,1741,700,0.504,16.5,False,,,,,
436,32,motorcycle,792,487,1066,903,840,603,933,648,0.656,16.4,False,,,,,
436,29,auto,1423,326,1920,1038,1628,630,1739,697,0.588,16.4,False,,,,,
437,32,motorcycle,767,491,1058,937,817,611,913,663,0.621,16.3,False,,,,,
437,29,auto,1425,328,1920,1038,1630,629,1739,697,0.461,16.3,False,,,,,
438,32,motorcycle,740,496,1048,962,790,632,885,678,0.639,16.3,False,,,,,
438,29,auto,1430,328,1920,1039,1634,631,1742,698,0.377,16.3,False,,,,,
439,32,motorcycle,700,500,1041,995,760,646,857,693,0.58,15.7,False,,,,,
440,32,motorcycle,664,502,1028,1031,720,654,827,713,0.587,16.5,False,,,,,
440,29,auto,1435,330,1920,1037,1636,631,1743,697,0.352,16.5,False,,,,,
441,29,auto,1438,328,1920,1038,1636,628,1755,701,0.549,15.9,False,,,,,
441,32,motorcycle,569,502,990,1078,642,696,749,761,0.412,15.9,False,,,,,
442,32,motorcycle,508,535,959,1080,582,721,698,792,0.522,16.6,False,,,,,
442,29,auto,1438,328,1920,1038,1638,627,1757,704,0.47,16.6,False,,,,,
443,32,motorcycle,439,540,934,1078,522,748,645,822,0.681,16.2,False,,,,,
444,32,motorcycle,348,552,900,1078,439,783,573,861,0.519,16.5,False,,,,,
445,32,motorcycle,236,580,872,1078,339,821,484,908,0.41,17.6,False,,,,,
445,29,auto,1444,326,1920,1038,1638,627,1761,704,0.363,17.6,False,,,,,
446,29,auto,1445,328,1919,1040,1640,627,1762,703,0.478,13.9,False,,,,,
446,32,motorcycle,120,600,825,1079,206,873,382,966,0.462,13.9,False,,,,,
447,29,auto,1446,328,1919,1040,1639,628,1761,704,0.528,13.9,False,,,,,
449,29,auto,1445,327,1919,1040,1643,630,1756,702,0.448,13.6,False,,,,,
450,29,auto,1447,328,1920,1039,1643,628,1757,701,0.292,14.4,False,,,,,
450,34,auto,1447,328,1920,1039,1839,729,1919,775,0.27,14.4,True,LPG,0.988,,rejected,70
451,29,auto,1444,325,1919,1040,1642,627,1758,704,0.271,14.4,False,,,,,
453,29,auto,1445,329,1920,1040,1642,627,1759,705,0.329,18.3,False,,,,,
458,35,auto,1444,327,1920,1040,1639,628,1757,704,0.273,13.7,True,TN03D9766,0.978,TN03D9766,accepted,103.3
459,35,auto,1442,328,1919,1040,1639,626,1761,707,0.391,15.1,False,,,,,
461,35,auto,1445,327,1920,1040,1638,626,1760,710,0.378,13.9,False,,,,,
462,35,auto,1444,327,1920,1040,1637,625,1761,712,0.345,13.7,False,,,,,
464,35,auto,1446,326,1920,1040,1639,626,1760,708,0.319,13.8,False,,,,,
465,35,auto,1445,327,1920,1040,1639,627,1760,707,0.392,13.7,False,,,,,
466,35,auto,1444,328,1919,1040,1639,627,1761,707,0.259,15,False,,,,,
467,35,auto,1444,327,1920,1040,1639,627,1760,706,0.406,14.5,False,,,,,
468,35,auto,1444,326,1920,1039,1640,628,1759,705,0.456,13.8,False,,,,,
468,35,auto,1444,326,1920,1039,1633,624,1766,757,0.259,13.8,False,,,,,
469,35,auto,1445,323,1920,1039,1639,628,1756,706,0.499,13.8,False,,,,,
469,35,auto,1445,323,1920,1039,1632,625,1761,757,0.317,13.8,False,,,,,
470,35,auto,1446,326,1920,1040,1639,628,1755,706,0.406,13.5,False,,,,,
471,35,auto,1445,327,1920,1040,1638,626,1758,711,0.485,13.5,False,,,,,
471,35,auto,1445,327,1920,1040,1629,620,1764,757,0.298,13.5,False,,,,,
472,35,auto,1443,328,1920,1040,1639,627,1759,708,0.314,13.7,False,,,,,
473,35,auto,1445,327,1920,1041,1637,626,1759,711,0.457,13.6,False,,,,,
473,35,auto,1445,327,1920,1041,1628,619,1765,757,0.3,13.6,False,,,,,
474,35,auto,1444,327,1920,1041,1637,627,1758,711,0.317,16.2,False,,,,,
475,35,auto,1444,326,1920,1039,1635,628,1756,708,0.29,14.7,False,,,,,
476,35,auto,1446,327,1920,1040,1636,627,1757,711,0.353,15.8,False,,,,,
477,35,auto,1444,327,1920,1040,1636,628,1756,709,0.372,15.2,False,,,,,
478,35,auto,1445,327,1920,1039,1626,623,1761,756,0.497,15.1,False,,,,,
478,35,auto,1445,327,1920,1039,1637,626,1757,729,0.367,15.1,False,,,,,
478,35,auto,1445,327,1920,1039,1598,605,1766,758,0.258,15.1,False,,,,,
479,35,auto,1443,327,1920,1039,1638,629,1758,709,0.453,14.9,False,,,,,
479,35,auto,1443,327,1920,1039,1630,624,1764,758,0.322,14.9,False,,,,,
480,35,auto,1442,323,1919,1039,1637,628,1753,702,0.435,14.3,False,,,,,
481,35,auto,1443,327,1919,1039,1628,624,1762,756,0.252,12.2,False,,,,,
482,36,car,1046,398,1208,514,1084,470,1124,488,0.408,14.6,True,,,,no_text,27.7
482,35,auto,1445,328,1920,1039,1635,627,1757,710,0.37,14.6,False,,,,,
483,35,auto,1445,323,1919,1038,1641,625,1754,699,0.572,14.8,False,,,,,
483,36,car,1040,396,1206,515,1077,469,1120,487,0.512,14.8,True,,,,no_text,27
484,35,auto,1444,323,1919,1039,1642,626,1752,698,0.553,14.5,False,,,,,
484,36,car,1033,397,1201,518,1071,474,1114,489,0.276,14.5,True,,,,no_text,72.5
485,35,auto,1444,322,1919,1038,1640,624,1754,699,0.595,14.9,False,,,,,
485,36,car,1022,396,1196,519,1061,471,1108,487,0.524,14.9,True,,,,no_text,30.2
486,35,auto,1444,322,1919,1037,1642,624,1755,699,0.593,15.2,False,,,,,
486,36,car,1013,397,1191,522,1052,477,1096,492,0.322,15.2,True,,,,no_text,73.2
487,35,auto,1443,324,1919,1038,1641,626,1753,700,0.563,15.8,False,,,,,
487,36,car,1004,398,1186,525,1045,478,1092,497,0.36,15.8,True,,,,no_text,35.5
488,36,car,994,396,1182,527,1038,478,1087,496,0.594,16.8,True,,,,no_text,36.8
488,35,auto,1444,323,1919,1037,1641,625,1755,699,0.544,16.8,False,,,,,
489,35,auto,1442,323,1919,1037,1639,624,1758,703,0.62,14.8,False,,,,,
489,36,car,987,397,1179,531,1028,479,1076,502,0.482,14.8,True,,,,no_text,24.7
490,35,auto,1442,322,1919,1035,1637,623,1763,709,0.551,14.2,False,,,,,
490,36,car,976,394,1174,533,1019,479,1072,502,0.481,14.2,True,,,,no_text,71.2
491,36,car,964,393,1171,535,1007,483,1059,504,0.615,15.5,True,,,,no_text,94
492,36,car,956,395,1166,540,996,489,1051,507,0.628,17.7,True,,,,no_text,75.5
492,35,auto,1446,321,1919,1036,1641,623,1763,705,0.427,17.7,False,,,,,
493,36,car,942,394,1161,543,988,490,1047,507,0.627,15.4,True,,,,no_text,79.4
493,35,auto,1449,319,1919,1036,1645,625,1761,699,0.285,15.4,False,,,,,
494,36,car,932,394,1158,547,976,493,1034,511,0.668,15.4,True,,,,no_text,71.9
494,35,auto,1450,317,1919,1038,1646,625,1764,700,0.318,15.4,False,,,,,
495,36,car,915,396,1152,553,965,495,1021,514,0.636,15.1,True,,,,no_text,75.4
495,35,auto,1448,317,1919,1038,1648,624,1766,701,0.438,15.1,False,,,,,
496,36,car,905,394,1146,555,950,498,1009,519,0.668,14.6,True,,,,no_text,74.5
496,35,auto,1448,317,1919,1036,1648,619,1770,703,0.267,14.6,False,,,,,
497,36,car,890,395,1138,559,937,501,999,523,0.628,15,True,TEGTNTOKRS,0.608,,rejected,72.8
497,35,auto,1450,316,1919,1035,1651,622,1768,703,0.574,15,False,,,,,
498,36,car,875,395,1133,562,922,505,983,528,0.654,15.3,False,,,,,
498,35,auto,1451,316,1919,1034,1653,625,1769,700,0.479,15.3,False,,,,,
499,36,car,858,392,1126,568,906,508,970,531,0.699,14.2,False,,,,,
499,35,auto,1451,317,1919,1035,1656,626,1768,699,0.409,14.2,False,,,,,
500,36,car,840,392,1116,573,892,510,957,534,0.748,14.4,False,,,,,
500,35,auto,1453,317,1919,1035,1657,627,1766,697,0.37,14.4,False,,,,,
501,36,car,820,391,1109,579,872,516,938,537,0.704,13.9,False,,,,,
501,35,auto,1456,316,1919,1034,1659,627,1769,695,0.333,13.9,False,,,,,
502,36,car,797,392,1099,586,851,520,916,544,0.763,13.8,False,,,,,
502,37,auto,1457,315,1919,1034,1842,628,1919,774,0.265,13.8,True,,,,no_text,42.2
503,36,car,773,392,1091,594,829,526,901,552,0.661,14.8,False,,,,,
503,35,auto,1460,316,1919,1034,1659,624,1773,700,0.279,14.8,False,,,,,
504,36,car,721,390,1068,609,780,535,858,564,0.757,21.2,False,,,,,
505,36,car,661,392,1041,628,719,553,802,580,0.695,23.1,False,,,,,
506,36,car,623,392,1028,641,684,558,771,588,0.709,13.6,False,,,,,
507,36,car,581,392,1012,655,639,568,735,599,0.641,13.8,False,,,,,
507,38,auto,1461,315,1918,1032,1657,626,1772,698,0.324,13.8,True,TN03D9766,0.955,TN03D9766,accepted,93.7
508,36,car,536,392,996,668,599,578,695,610,0.722,15.6,False,,,,,
508,38,auto,1461,315,1919,1033,1657,626,1772,696,0.339,15.6,False,,,,,
508,39,auto,1461,315,1919,1033,1844,631,1919,774,0.306,15.6,True,,,,no_text,17
509,36,car,488,391,980,685,552,591,651,622,0.703,15.2,False,,,,,
509,38,auto,1461,316,1919,1034,1659,625,1771,700,0.417,15.2,False,,,,,
510,36,car,435,392,960,702,496,602,604,636,0.716,14.2,False,,,,,
511,36,car,381,393,939,721,436,613,545,651,0.62,15.3,False,,,,,
512,36,car,310,390,918,741,368,632,483,668,0.752,15.3,False,,,,,
513,36,car,230,392,890,763,286,649,410,690,0.747,15.6,False,,,,,
514,36,car,139,391,866,792,193,668,321,712,0.801,15.7,False,,,,,
515,36,car,39,389,836,823,85,693,219,738,0.77,15.5,False,,,,,
516,36,car,0,391,805,853,0,721,100,773,0.764,15.8,False,,,,,
516,40,auto,1462,317,1919,1031,1657,625,1772,696,0.316,15.8,True,TN03D9766,0.969,TN03D9766,accepted,94.4
517,40,auto,1465,318,1919,1032,1658,620,1779,708,0.353,16.7,False,,,,,
518,40,auto,1464,318,1919,1033,1659,624,1774,700,0.337,16,False,,,,,
519,40,auto,1463,317,1919,1033,1656,624,1773,699,0.44,15.6,False,,,,,
519,41,auto,1463,317,1919,1033,1844,632,1919,775,0.296,15.6,True,,,,no_text,16.6
520,41,auto,1462,318,1919,1033,1847,631,1919,766,0.504,16.4,True,,,,no_text,17.6
520,40,auto,1462,318,1919,1033,1657,624,1771,702,0.437,16.4,False,,,,,
521,41,auto,1462,317,1919,1033,1844,631,1919,770,0.403,16.5,True,,,,no_text,16.4
521,40,auto,1462,317,1919,1033,1656,623,1771,702,0.402,16.5,False,,,,,
522,40,auto,1463,319,1919,1034,1660,624,1775,703,0.374,15.8,False,,,,,
523,40,auto,1462,318,1919,1033,1657,622,1774,700,0.533,15.9,False,,,,,
524,40,auto,1461,319,1919,1034,1662,622,1777,699,0.293,15.9,False,,,,,
525,40,auto,1459,321,1919,1036,1658,625,1777,710,0.465,16.1,False,,,,,
526,40,auto,1460,318,1919,1034,1657,624,1771,702,0.377,16,False,,,,,
526,42,auto,1460,318,1919,1034,1844,631,1919,768,0.316,16,True,,,,no_text,62.8
527,40,auto,1459,318,1919,1035,1657,623,1773,702,0.402,16.6,False,,,,,
527,42,auto,1459,318,1919,1035,1843,631,1920,770,0.255,16.6,True,,,,no_text,17.6
528,40,auto,1459,317,1919,1036,1658,623,1773,703,0.427,16.1,False,,,,,
529,40,auto,1456,317,1919,1036,1658,623,1772,702,0.323,15.9,False,,,,,
529,42,auto,1456,317,1919,1036,1845,629,1919,766,0.282,15.9,True,,,,no_text,59.4
530,40,auto,1458,317,1919,1035,1658,624,1773,700,0.387,17.1,False,,,,,
531,40,auto,1458,318,1919,1035,1659,626,1772,702,0.45,16.6,False,,,,,
531,42,auto,1458,318,1919,1035,1846,630,1919,767,0.291,16.6,True,,,,no_text,17.4
532,40,auto,1458,319,1919,1035,1659,627,1772,701,0.421,16.4,False,,,,,
532,42,auto,1458,319,1919,1035,1846,631,1919,767,0.297,16.4,True,,,,no_text,15.5
533,40,auto,1459,317,1919,1033,1657,625,1772,699,0.371,17.8,False,,,,,
534,40,auto,1457,316,1919,1035,1657,620,1778,711,0.488,17,False,,,,,
535,40,auto,1460,319,1919,1035,1659,624,1774,702,0.466,14.5,False,,,,,
536,40,auto,1460,319,1919,1034,1658,623,1777,708,0.49,16.4,False,,,,,
537,40,auto,1459,317,1919,1035,1657,621,1777,705,0.506,16.1,False,,,,,
538,40,auto,1459,316,1919,1034,1657,620,1780,708,0.435,16.1,False,,,,,
539,40,auto,1460,318,1919,1034,1657,621,1779,705,0.506,16.4,False,,,,,
540,40,auto,1460,317,1919,1033,1659,627,1772,696,0.307,16.5,False,,,,,
541,40,auto,1459,317,1919,1032,1657,624,1775,700,0.336,16.4,False,,,,,
542,40,auto,1458,317,1919,1033,1657,620,1779,710,0.5,16.6,False,,,,,
543,40,auto,1460,317,1919,1036,1663,624,1779,704,0.498,17.1,False,,,,,
544,40,auto,1460,319,1919,1034,1660,625,1773,700,0.501,16.9,False,,,,,
545,40,auto,1461,318,1919,1033,1662,624,1776,698,0.52,14.2,False,,,,,
546,40,auto,1460,319,1919,1035,1657,619,1780,711,0.515,14.4,False,,,,,
547,40,auto,1460,319,1919,1033,1657,623,1773,699,0.42,14.2,False,,,,,
548,40,auto,1459,318,1919,1034,1656,623,1772,699,0.379,14.2,False,,,,,
548,43,auto,1459,318,1919,1034,1843,632,1919,775,0.275,14.2,True,,,,no_text,17.4
549,40,auto,1459,318,1919,1035,1657,622,1775,704,0.474,14.4,False,,,,,
550,40,auto,1461,317,1919,1035,1656,620,1778,714,0.538,14.3,False,,,,,
551,40,auto,1460,318,1919,1034,1658,623,1772,702,0.412,14.3,False,,,,,
552,40,auto,1459,317,1918,1035,1656,624,1770,703,0.497,14.2,False,,,,,
552,44,auto,1459,317,1918,1035,1844,632,1919,769,0.355,14.2,True,,,,no_text,18
553,40,auto,1457,319,1919,1035,1655,625,1773,712,0.487,14.3,False,,,,,
554,40,auto,1456,318,1919,1035,1656,627,1769,700,0.462,14.4,False,,,,,
555,40,auto,1459,319,1919,1036,1655,625,1772,705,0.604,14.4,False,,,,,
556,40,auto,1457,318,1919,1035,1655,625,1774,709,0.626,14.8,False,,,,,
557,40,auto,1456,318,1919,1035,1655,625,1773,708,0.652,14.8,False,,,,,
558,40,auto,1456,320,1919,1036,1655,623,1774,702,0.646,14.5,False,,,,,
559,40,auto,1456,320,1919,1038,1655,624,1773,702,0.624,14.4,False,,,,,
560,40,auto,1457,317,1919,1037,1654,622,1775,710,0.609,14.6,False,,,,,
560,40,auto,1457,317,1919,1037,1647,619,1779,753,0.295,14.6,False,,,,,
561,40,auto,1458,317,1919,1037,1655,625,1774,711,0.64,14.6,False,,,,,
561,40,auto,1458,317,1919,1037,1648,621,1778,752,0.317,14.6,False,,,,,
562,40,auto,1456,319,1919,1037,1655,622,1776,710,0.616,14.4,False,,,,,
562,40,auto,1456,319,1919,1037,1650,619,1780,754,0.263,14.4,False,,,,,
563,40,auto,1456,317,1919,1037,1654,622,1774,710,0.671,14.4,False,,,,,
563,45,auto,1456,317,1919,1037,1847,635,1920,764,0.409,14.4,True,,,,no_text,21.9
563,40,auto,1456,317,1919,1037,1648,618,1778,755,0.355,14.4,False,,,,,
564,40,auto,1449,322,1919,1039,1652,621,1773,709,0.636,15.5,False,,,,,
564,40,auto,1449,322,1919,1039,1646,618,1778,757,0.411,15.5,False,,,,,
565,40,auto,1456,321,1919,1038,1654,619,1777,714,0.668,14.4,False,,,,,
565,40,auto,1456,321,1919,1038,1645,618,1780,756,0.454,14.4,False,,,,,
565,45,auto,1456,321,1919,1038,1849,634,1920,765,0.334,14.4,True,,,,no_text,59.4
566,40,auto,1456,318,1919,1038,1655,618,1777,714,0.699,16.4,False,,,,,
566,45,auto,1456,318,1919,1038,1848,634,1920,764,0.487,16.4,True,,,,no_text,59.5
566,40,auto,1456,318,1919,1038,1646,618,1780,756,0.442,16.4,False,,,,,
567,40,auto,1453,321,1919,1038,1656,620,1776,707,0.661,16.5,False,,,,,
567,40,auto,1453,321,1919,1038,1648,618,1779,756,0.4,16.5,False,,,,,
567,45,auto,1453,321,1919,1038,1848,634,1920,764,0.342,16.5,True,20,0.667,,rejected,62.6
568,40,auto,1454,321,1919,1039,1654,620,1777,713,0.674,14.9,False,,,,,
568,40,auto,1454,321,1919,1039,1646,618,1779,757,0.466,14.9,False,,,,,
568,45,auto,1454,321,1919,1039,1848,634,1920,772,0.325,14.9,False,,,,,
569,40,auto,1455,321,1919,1038,1656,618,1776,718,0.662,13.7,False,,,,,
569,40,auto,1455,321,1919,1038,1647,617,1780,757,0.481,13.7,False,,,,,
569,45,auto,1455,321,1919,1038,1856,633,1920,759,0.415,13.7,False,,,,,
570,40,auto,1461,326,1920,1037,1657,625,1776,712,0.634,13.5,False,,,,,
570,40,auto,1461,326,1920,1037,1652,621,1780,757,0.449,13.5,False,,,,,
571,40,auto,1462,325,1920,1038,1656,624,1775,713,0.643,12.2,False,,,,,
571,40,auto,1462,325,1920,1038,1652,620,1780,757,0.445,12.2,False,,,,,
571,45,auto,1462,325,1920,1038,1847,637,1920,772,0.286,12.2,False,,,,,
572,40,auto,1455,326,1920,1039,1657,624,1777,715,0.566,20.3,False,,,,,
572,40,auto,1455,326,1920,1039,1650,621,1781,758,0.431,20.3,False,,,,,
573,40,auto,1451,321,1919,1038,1655,624,1772,708,0.65,19.7,False,,,,,
573,40,auto,1451,321,1919,1038,1651,619,1778,757,0.332,19.7,False,,,,,
573,45,auto,1451,321,1919,1038,1859,636,1920,758,0.296,19.7,False,,,,,
574,40,auto,1446,322,1919,1040,1652,622,1775,721,0.54,16.2,False,,,,,
574,40,auto,1446,322,1919,1040,1646,619,1779,757,0.473,16.2,False,,,,,
574,45,auto,1446,322,1919,1040,1857,637,1920,762,0.329,16.2,False,,,,,
575,40,auto,1447,322,1919,1040,1653,621,1774,719,0.521,14.3,False,,,,,
575,40,auto,1447,322,1919,1040,1646,618,1778,757,0.428,14.3,False,,,,,
575,45,auto,1447,322,1919,1040,1846,637,1920,776,0.265,14.3,False,,,,,
576,40,auto,1450,319,1919,1039,1654,623,1773,709,0.521,13.8,False,,,,,
576,45,auto,1450,319,1919,1039,1858,634,1920,755,0.468,13.8,False,,,,,
577,40,auto,1453,319,1919,1039,1655,623,1773,712,0.629,13.4,False,,,,,
577,40,auto,1453,319,1919,1039,1649,618,1778,757,0.365,13.4,False,,,,,
578,40,auto,1448,325,1920,1038,1651,623,1777,745,0.418,14,False,,,,,
578,45,auto,1448,325,1920,1038,1858,637,1920,761,0.352,14,False,,,,,
578,40,auto,1448,325,1920,1038,1654,627,1774,711,0.311,14,False,,,,,
579,40,auto,1453,323,1919,1039,1655,623,1778,716,0.664,14,False,,,,,
579,40,auto,1453,323,1919,1039,1649,620,1780,757,0.514,14,False,,,,,
579,45,auto,1453,323,1919,1039,1846,637,1920,772,0.313,14,False,,,,,
580,40,auto,1454,326,1920,1037,1655,623,1776,718,0.673,14.5,False,,,,,
580,40,auto,1454,326,1920,1037,1649,620,1779,756,0.537,14.5,False,,,,,
580,45,auto,1454,326,1920,1037,1846,638,1920,774,0.275,14.5,False,,,,,
581,40,auto,1451,325,1920,1038,1655,627,1774,708,0.486,16.4,False,,,,,
581,45,auto,1451,325,1920,1038,1858,638,1920,757,0.275,16.4,False,,,,,
582,40,auto,1451,323,1919,1038,1656,624,1777,707,0.674,14.9,False,,,,,
582,40,auto,1451,323,1919,1038,1651,621,1780,758,0.458,14.9,False,,,,,
582,45,auto,1451,323,1919,1038,1847,637,1920,773,0.331,14.9,False,,,,,
583,40,auto,1454,324,1920,1038,1656,628,1770,702,0.545,13.6,False,,,,,
583,40,auto,1454,324,1920,1038,1653,620,1778,757,0.253,13.6,False,,,,,
584,40,auto,1453,323,1919,1040,1651,624,1773,720,0.482,13.5,False,,,,,
584,45,auto,1453,323,1919,1040,1849,637,1919,768,0.479,13.5,False,,,,,
584,40,auto,1453,323,1919,1040,1645,619,1778,758,0.407,13.5,False,,,,,
585,40,auto,1457,323,1919,1039,1657,624,1774,710,0.635,12.9,False,,,,,
585,40,auto,1457,323,1919,1039,1652,619,1779,758,0.512,12.9,False,,,,,
586,40,auto,1459,326,1920,1037,1655,627,1771,705,0.565,14.1,False,,,,,
586,40,auto,1459,326,1920,1037,1653,619,1779,757,0.389,14.1,False,,,,,
587,40,auto,1456,320,1919,1038,1653,624,1772,712,0.625,13.8,False,,,,,
587,40,auto,1456,320,1919,1038,1648,618,1778,757,0.374,13.8,False,,,,,
587,45,auto,1456,320,1919,1038,1845,637,1920,773,0.258,13.8,False,,,,,
588,40,auto,1450,323,1919,1040,1648,623,1773,709,0.411,13.7,False,,,,,
588,45,auto,1450,323,1919,1040,1844,678,1920,771,0.355,13.7,False,,,,,
588,45,auto,1450,323,1919,1040,1847,636,1920,772,0.343,13.7,False,,,,,
589,40,auto,1452,322,1919,1041,1651,626,1773,718,0.511,15.6,False,,,,,
589,40,auto,1452,322,1919,1041,1644,621,1778,760,0.444,15.6,False,,,,,
590,40,auto,1455,323,1919,1040,1650,624,1774,714,0.502,13.9,False,,,,,
590,40,auto,1455,323,1919,1040,1643,620,1778,760,0.309,13.9,False,,,,,
590,45,auto,1455,323,1919,1040,1844,666,1920,774,0.255,13.9,False,,,,,
591,40,auto,1447,324,1919,1040,1647,623,1768,704,0.538,13.6,False,,,,,
592,40,auto,1446,327,1919,1041,1648,625,1764,703,0.491,13.7,False,,,,,
593,40,auto,1442,324,1919,1041,1647,623,1769,706,0.501,13.2,False,,,,,
594,40,auto,1451,328,1920,1041,1644,624,1775,752,0.633,13.7,False,,,,,
594,46,auto,1451,328,1920,1041,1840,693,1919,780,0.297,13.7,True,2020PG,0.832,,rejected,91.3
595,40,auto,1447,329,1919,1043,1648,629,1765,709,0.395,15.5,False,,,,,
596,40,auto,1442,331,1920,1043,1645,631,1761,707,0.27,14.6,False,,,,,
597,40,auto,1433,332,1919,1043,1637,636,1750,711,0.357,13.5,False,,,,,
598,40,auto,1429,332,1920,1042,1632,634,1746,709,0.339,14.1,False,,,,,
599,40,auto,1431,330,1919,1044,1636,636,1745,707,0.31,14.1,False,,,,,
600,40,auto,1434,333,1920,1042,1630,629,1764,756,0.5,14.3,False,,,,,
602,40,auto,1436,331,1919,1043,1630,631,1763,754,0.464,14.6,False,,,,,
606,47,auto,1418,336,1919,1047,1627,638,1738,717,0.307,15,True,TN03D9766,0.968,TN03D9766,accepted,94.6
608,47,auto,1421,336,1919,1044,1619,631,1738,726,0.526,13.4,False,,,,,
609,47,auto,1419,336,1919,1042,1616,635,1736,724,0.537,14.4,False,,,,,
610,47,auto,1418,332,1919,1041,1619,631,1737,720,0.406,14.2,False,,,,,
611,47,auto,1422,332,1920,1042,1619,630,1737,721,0.506,14,False,,,,,
612,47,auto,1421,335,1920,1041,1619,633,1737,723,0.615,13.8,False,,,,,
613,47,auto,1418,331,1919,1041,1616,632,1737,738,0.545,13.7,False,,,,,
614,47,auto,1421,335,1920,1040,1615,631,1740,744,0.619,21.8,False,,,,,
614,47,auto,1421,335,1920,1040,1600,621,1748,759,0.343,21.8,False,,,,,
615,47,auto,1416,333,1920,1038,1608,627,1737,756,0.597,25.6,False,,,,,
616,47,auto,1416,331,1920,1039,1603,627,1735,756,0.657,13.7,False,,,,,
617,47,auto,1416,333,1920,1039,1604,627,1734,754,0.657,13.3,False,,,,,
618,47,auto,1413,334,1920,1041,1613,632,1734,714,0.561,14,False,,,,,
618,47,auto,1413,334,1920,1041,1607,626,1736,742,0.41,14,False,,,,,
619,47,auto,1414,332,1920,1040,1610,631,1731,719,0.594,15.3,False,,,,,
619,47,auto,1414,332,1920,1040,1603,626,1733,750,0.572,15.3,False,,,,,
620,47,auto,1412,335,1920,1042,1611,632,1722,712,0.575,16.5,False,,,,,
621,47,auto,1405,334,1919,1042,1605,632,1722,715,0.573,13.6,False,,,,,
622,47,auto,1409,335,1920,1043,1606,635,1719,714,0.506,13.9,False,,,,,
623,47,auto,1408,336,1920,1044,1608,637,1713,711,0.376,14.7,False,,,,,
624,47,auto,1410,334,1920,1042,1610,633,1720,711,0.559,14.5,False,,,,,
625,47,auto,1412,336,1920,1044,1610,635,1726,717,0.552,13.9,False,,,,,
626,47,auto,1410,334,1920,1039,1610,632,1721,709,0.498,14.4,False,,,,,
627,47,auto,1413,337,1920,1042,1611,634,1720,712,0.58,14.9,False,,,,,
628,47,auto,1413,335,1920,1043,1610,633,1724,716,0.534,14.6,False,,,,,
629,47,auto,1413,337,1920,1045,1609,632,1731,731,0.485,14.1,False,,,,,
630,47,auto,1408,336,1920,1044,1611,637,1720,715,0.519,13.7,False,,,,,
631,47,auto,1413,338,1920,1044,1611,632,1733,728,0.467,12,False,,,,,
632,47,auto,1411,337,1920,1045,1614,635,1729,725,0.317,14.2,False,,,,,
633,47,auto,1411,337,1920,1045,1611,634,1723,715,0.566,14.1,False,,,,,
634,47,auto,1409,338,1920,1049,1609,643,1720,718,0.461,14.3,False,,,,,
636,47,auto,1413,337,1920,1047,1613,635,1731,728,0.288,14,False,,,,,
637,47,auto,1409,337,1920,1047,1610,638,1726,717,0.399,13.7,False,,,,,
638,47,auto,1409,339,1920,1047,1611,639,1723,715,0.366,13.8,False,,,,,
639,47,auto,1410,338,1920,1045,1610,636,1728,720,0.296,15.7,False,,,,,
640,47,auto,1413,337,1920,1045,1610,630,1733,735,0.367,13.9,False,,,,,
642,47,auto,1413,339,1920,1045,1613,636,1731,732,0.293,14.2,False,,,,,
644,47,auto,1414,340,1920,1052,1612,645,1722,722,0.467,14.4,False,,,,,
645,47,auto,1414,339,1920,1049,1616,639,1725,722,0.289,14.4,False,,,,,
646,47,auto,1412,341,1920,1052,1611,642,1724,731,0.414,14.7,False,,,,,
647,47,auto,1413,343,1920,1056,1612,650,1717,720,0.278,14.8,False,,,,,
649,47,auto,1412,341,1920,1053,1612,650,1715,717,0.343,14.5,False,,,,,
652,47,auto,1413,341,1920,1052,1611,642,1722,727,0.298,14.5,False,,,,,
656,48,auto,1415,342,1920,1052,1613,649,1719,719,0.285,13.5,True,TN03D9766,0.988,TN03D9766,accepted,116.8
658,48,auto,1415,341,1920,1054,1616,642,1726,725,0.544,15.5,False,,,,,
659,48,auto,1415,342,1920,1054,1616,642,1727,724,0.435,17.6,False,,,,,
660,48,auto,1414,341,1920,1055,1616,641,1726,722,0.481,16.2,False,,,,,
662,48,auto,1415,342,1920,1056,1615,640,1726,723,0.494,15.1,False,,,,,
663,48,auto,1415,341,1920,1056,1616,642,1726,724,0.524,15.3,False,,,,,
664,48,auto,1414,342,1920,1056,1613,642,1730,725,0.467,14.9,False,,,,,
666,48,auto,1413,341,1920,1056,1616,643,1725,726,0.293,15.1,False,,,,,
667,48,auto,1416,342,1920,1057,1616,641,1731,727,0.512,15.6,False,,,,,
668,48,auto,1415,341,1920,1056,1616,641,1733,727,0.54,14.8,False,,,,,
669,48,auto,1415,341,1920,1053,1616,639,1733,729,0.504,14.8,False,,,,,
670,48,auto,1416,343,1920,1058,1614,644,1723,727,0.421,14.7,False,,,,,
671,48,auto,1413,342,1920,1055,1613,645,1721,725,0.312,14.1,False,,,,,
672,48,auto,1412,344,1920,1061,1615,648,1720,728,0.662,15.9,False,,,,,
673,48,auto,1411,344,1920,1061,1615,648,1722,729,0.569,15,False,,,,,
674,48,auto,1413,345,1920,1062,1616,647,1726,728,0.712,14.5,False,,,,,
675,48,auto,1415,345,1920,1061,1617,649,1727,729,0.638,14,False,,,,,
676,48,auto,1415,344,1920,1061,1616,647,1728,732,0.667,14.5,False,,,,,
677,48,auto,1416,344,1920,1064,1615,645,1729,734,0.705,14.5,False,,,,,
678,48,auto,1411,347,1920,1063,1615,650,1720,729,0.56,20.5,False,,,,,
679,48,auto,1408,348,1920,1066,1613,648,1728,737,0.624,14.2,False,,,,,
680,48,auto,1408,347,1920,1064,1615,645,1729,737,0.65,17.1,False,,,,,
681,48,auto,1408,348,1920,1065,1610,651,1726,738,0.651,14.7,False,,,,,
682,48,auto,1414,348,1920,1065,1615,646,1732,745,0.605,14,False,,,,,
683,48,auto,1415,345,1920,1064,1617,650,1727,729,0.661,14.8,False,,,,,
684,48,auto,1411,348,1920,1067,1615,645,1731,743,0.688,14.3,False,,,,,
685,48,auto,1411,349,1920,1066,1616,645,1735,746,0.696,14.5,False,,,,,
686,48,auto,1412,345,1920,1063,1615,644,1730,733,0.672,14.7,False,,,,,
687,48,auto,1416,345,1920,1062,1615,647,1728,731,0.645,14.9,False,,,,,
688,48,auto,1412,341,1920,1058,1616,644,1725,725,0.452,15.4,False,,,,,
689,48,auto,1417,341,1920,1052,1615,641,1732,735,0.511,15.4,False,,,,,
690,48,auto,1412,335,1920,1047,1616,637,1725,722,0.392,19.1,False,,,,,
691,48,auto,1406,336,1920,1045,1613,634,1731,723,0.488,17.3,False,,,,,
692,48,auto,1406,336,1920,1046,1609,633,1726,726,0.525,15.6,False,,,,,
693,48,auto,1410,332,1920,1041,1612,630,1735,721,0.526,15.3,False,,,,,
693,48,auto,1410,332,1920,1041,1608,623,1738,749,0.482,15.3,False,,,,,
694,48,auto,1415,328,1920,1039,1610,628,1739,719,0.6,35.6,False,,,,,
694,48,auto,1415,328,1920,1039,1608,622,1743,759,0.293,35.6,False,,,,,
695,48,auto,1416,326,1920,1039,1610,627,1736,715,0.564,35.9,False,,,,,
696,48,auto,1414,327,1920,1039,1608,627,1731,715,0.647,35.4,False,,,,,
696,48,auto,1414,327,1920,1039,1603,620,1734,753,0.415,35.4,False,,,,,
697,48,auto,1415,324,1920,1037,1613,623,1736,720,0.582,24.9,False,,,,,
697,48,auto,1415,324,1920,1037,1610,620,1742,754,0.368,24.9,False,,,,,
699,48,auto,1416,325,1920,1039,1609,625,1736,723,0.613,24.4,False,,,,,
699,48,auto,1416,325,1920,1039,1605,621,1741,756,0.449,24.4,False,,,,,
700,48,auto,1417,328,1920,1038,1611,626,1733,725,0.6,24.1,False,,,,,
700,48,auto,1417,328,1920,1038,1604,621,1737,758,0.427,24.1,False,,,,,
701,48,auto,1407,323,1920,1036,1607,624,1724,704,0.617,30.5,False,,,,,
702,48,auto,1407,325,1920,1038,1605,628,1728,717,0.465,29.3,False,,,,,
703,48,auto,1408,324,1920,1037,1605,626,1732,737,0.495,28.9,False,,,,,
703,48,auto,1408,324,1920,1037,1595,612,1742,754,0.29,28.9,False,,,,,
704,48,auto,1406,325,1920,1038,1597,620,1733,756,0.347,28.5,False,,,,,
704,48,auto,1406,325,1920,1038,1608,624,1734,720,0.307,28.5,False,,,,,
705,48,auto,1408,323,1920,1038,1605,626,1725,710,0.648,26.2,False,,,,,
706,48,auto,1411,326,1920,1039,1607,625,1726,710,0.56,31,False,,,,,
707,48,auto,1415,327,1920,1039,1607,627,1732,716,0.541,28.6,False,,,,,
707,48,auto,1415,327,1920,1039,1603,619,1735,756,0.268,28.6,False,,,,,
708,48,auto,1408,326,1920,1038,1607,626,1728,716,0.522,30.3,False,,,,,
708,48,auto,1408,326,1920,1038,1599,622,1731,756,0.375,30.3,False,,,,,
709,48,auto,1412,327,1920,1039,1607,627,1723,706,0.578,30.5,False,,,,,
710,48,auto,1405,326,1920,1039,1606,627,1726,710,0.642,22.9,False,,,,,
710,48,auto,1405,326,1920,1039,1600,620,1731,750,0.269,22.9,False,,,,,
711,48,auto,1412,327,1920,1039,1606,626,1727,710,0.645,30.2,False,,,,,
711,48,auto,1412,327,1920,1039,1601,619,1732,752,0.27,30.2,False,,,,,
712,48,auto,1412,327,1920,1038,1605,627,1728,714,0.58,24.5,False,,,,,
712,48,auto,1412,327,1920,1038,1600,620,1732,755,0.259,24.5,False,,,,,
713,48,auto,1407,326,1920,1038,1606,627,1726,712,0.556,16.1,False,,,,,
714,48,auto,1413,326,1920,1037,1606,627,1727,711,0.677,15.8,False,,,,,
714,48,auto,1413,326,1920,1037,1601,622,1730,753,0.322,15.8,False,,,,,
715,48,auto,1413,327,1920,1037,1608,627,1726,709,0.69,27.6,False,,,,,
715,48,auto,1413,327,1920,1037,1603,622,1730,754,0.318,27.6,False,,,,,
716,48,auto,1413,325,1920,1037,1606,626,1729,719,0.659,22.4,False,,,,,
716,48,auto,1413,325,1920,1037,1601,621,1731,755,0.4,22.4,False,,,,,
717,48,auto,1414,323,1920,1037,1608,625,1725,708,0.635,29.5,False,,,,,
718,48,auto,1414,324,1920,1038,1607,628,1727,711,0.681,27.6,False,,,,,
718,48,auto,1414,324,1920,1038,1602,623,1730,755,0.32,27.6,False,,,,,
719,48,auto,1411,323,1920,1037,1608,625,1723,704,0.624,28,False,,,,,
720,48,auto,1414,324,1920,1036,1608,625,1725,707,0.632,27.9,False,,,,,
721,48,auto,1415,324,1920,1036,1609,626,1723,704,0.587,16.2,False,,,,,
722,48,auto,1414,325,1920,1035,1606,625,1729,719,0.449,27.6,False,,,,,
723,48,auto,1415,323,1920,1036,1609,625,1724,709,0.576,33.2,False,,,,,
724,48,auto,1416,325,1920,1036,1609,626,1724,705,0.606,34.6,False,,,,,
725,48,auto,1415,324,1920,1035,1610,625,1733,708,0.462,22.2,False,,,,,
725,48,auto,1415,324,1920,1035,1599,622,1732,751,0.254,22.2,False,,,,,
726,48,auto,1412,324,1920,1035,1609,627,1725,703,0.465,34.9,False,,,,,
727,48,auto,1415,324,1920,1035,1610,623,1726,702,0.55,19,False,,,,,
728,48,auto,1415,323,1920,1035,1610,626,1723,705,0.521,16.3,False,,,,,
729,48,auto,1413,323,1920,1034,1611,623,1729,699,0.542,30.3,False,,,,,
730,48,auto,1413,323,1920,1035,1609,625,1723,699,0.552,22.9,False,,,,,
731,48,auto,1414,322,1920,1034,1610,625,1722,699,0.494,19.4,False,,,,,
732,48,auto,1414,321,1920,1034,1610,625,1722,699,0.429,34.4,False,,,,,
733,48,auto,1414,322,1920,1034,1610,628,1722,698,0.411,17.6,False,,,,,
734,48,auto,1414,319,1920,1031,1610,626,1720,693,0.462,21,False,,,,,
736,48,auto,1415,321,1920,1031,1610,625,1722,694,0.502,18.9,False,,,,,
737,48,auto,1415,321,1920,1032,1611,625,1721,695,0.414,16.6,False,,,,,
738,48,auto,1416,323,1920,1034,1611,625,1722,699,0.376,17.6,False,,,,,
739,48,auto,1415,323,1920,1033,1611,625,1723,698,0.29,29.4,False,,,,,
741,48,auto,1414,321,1920,1032,1611,627,1719,696,0.335,16.5,False,,,,,
742,48,auto,1415,319,1920,1031,1611,626,1717,694,0.589,27.8,False,,,,,
743,48,auto,1414,320,1920,1032,1611,627,1716,695,0.538,16.6,False,,,,,
744,48,auto,1415,323,1920,1032,1611,627,1722,697,0.284,17.7,False,,,,,
745,48,auto,1415,321,1920,1033,1611,625,1724,696,0.538,27,False,,,,,
747,48,auto,1413,319,1920,1031,1610,627,1717,695,0.309,20.4,False,,,,,
748,48,auto,1415,321,1920,1031,1610,626,1719,695,0.415,28.8,False,,,,,
749,48,auto,1415,321,1920,1031,1610,626,1716,693,0.529,28.1,False,,,,,
750,48,auto,1414,321,1920,1031,1611,626,1719,695,0.458,28.1,False,,,,,
751,48,auto,1416,320,1920,1031,1611,627,1717,692,0.481,16.7,False,,,,,
752,48,auto,1417,322,1920,1032,1611,626,1721,694,0.456,34.5,False,,,,,
753,48,auto,1415,320,1920,1031,1609,626,1719,696,0.366,16.4,False,,,,,
754,48,auto,1416,319,1920,1031,1610,626,1716,693,0.538,16.3,False,,,,,
755,48,auto,1415,320,1920,1031,1608,626,1721,701,0.339,30.6,False,,,,,
756,48,auto,1415,322,1920,1032,1608,626,1719,700,0.337,25.3,False,,,,,
757,48,auto,1415,320,1920,1031,1609,626,1720,699,0.358,28,False,,,,,
758,48,auto,1416,321,1920,1032,1610,627,1719,697,0.264,23.2,False,,,,,
760,48,auto,1415,320,1920,1031,1611,627,1718,693,0.438,18,False,,,,,
761,48,auto,1415,320,1920,1029,1609,626,1717,694,0.396,16.7,False,,,,,
762,48,auto,1416,320,1920,1032,1611,627,1720,694,0.325,16.6,False,,,,,
763,48,auto,1420,323,1920,1034,1611,626,1722,698,0.328,27.7,False,,,,,
764,48,auto,1419,321,1920,1032,1611,628,1720,695,0.367,25.9,False,,,,,
765,48,auto,1419,321,1920,1033,1611,627,1721,695,0.462,29.7,False,,,,,
766,48,auto,1418,323,1920,1033,1610,627,1723,697,0.269,27.8,False,,,,,
767,48,auto,1419,323,1920,1033,1611,628,1721,697,0.252,27.9,False,,,,,
769,48,auto,1419,319,1920,1029,1613,624,1723,692,0.357,20.4,False,,,,,
770,48,auto,1419,320,1920,1030,1613,625,1722,693,0.431,29.8,False,,,,,
771,48,auto,1420,319,1920,1028,1614,625,1720,692,0.329,27.4,False,,,,,
772,48,auto,1420,320,1920,1029,1614,623,1724,692,0.486,27.7,False,,,,,
773,48,auto,1420,317,1920,1027,1612,620,1721,687,0.366,31.9,False,,,,,
773,49,auto,1420,317,1920,1027,1689,803,1809,868,0.293,31.9,True,,,,no_text,34.8
774,48,auto,1419,317,1920,1028,1613,619,1722,688,0.401,30.5,False,,,,,
775,48,auto,1422,315,1920,1024,1612,615,1728,693,0.549,23.8,False,,,,,
776,48,auto,1421,315,1920,1022,1613,613,1723,692,0.509,28.7,False,,,,,
777,48,auto,1420,313,1919,1022,1615,614,1723,695,0.489,24.6,False,,,,,
778,48,auto,1422,315,1920,1021,1616,613,1722,690,0.553,39.8,False,,,,,
779,48,auto,1422,314,1920,1022,1616,613,1724,695,0.525,37.8,False,,,,,
780,48,auto,1421,312,1919,1022,1614,613,1721,690,0.541,31.6,False,,,,,
781,48,auto,1423,311,1919,1018,1613,608,1731,696,0.705,19.1,False,,,,,
782,48,auto,1423,311,1919,1018,1615,608,1728,690,0.607,37.5,False,,,,,
783,48,auto,1421,307,1919,1018,1614,613,1727,686,0.596,29.4,False,,,,,
784,48,auto,1423,306,1918,1017,1617,608,1729,686,0.676,28.3,False,,,,,
785,48,auto,1425,305,1919,1015,1614,606,1732,709,0.735,29.2,False,,,,,
786,48,auto,1425,304,1919,1014,1614,606,1731,707,0.702,30.9,False,,,,,
787,48,auto,1426,307,1919,1014,1615,607,1731,701,0.726,36.3,False,,,,,
788,48,auto,1425,306,1917,1015,1613,605,1734,716,0.682,35.5,False,,,,,
789,48,auto,1426,306,1917,1017,1614,611,1732,700,0.644,24.9,False,,,,,
790,48,auto,1425,306,1918,1017,1617,612,1729,689,0.481,18.8,False,,,,,
791,48,auto,1425,304,1918,1015,1618,610,1730,684,0.641,25.7,False,,,,,
791,50,motorcycle,990,419,1137,647,1009,455,1094,494,0.255,25.7,True,,,,no_text,45.1
792,48,auto,1425,304,1917,1015,1618,610,1730,685,0.623,36.1,False,,,,,
792,50,motorcycle,983,415,1130,657,1011,446,1068,477,0.31,36.1,True,,,,no_text,40.3
793,48,auto,1426,305,1918,1016,1621,611,1733,685,0.423,26.4,False,,,,,
793,50,motorcycle,968,418,1118,665,997,469,1067,500,0.255,26.4,True,,,,no_text,46.4
794,48,auto,1429,304,1918,1015,1623,611,1734,687,0.537,28.2,False,,,,,
794,50,motorcycle,956,424,1117,677,976,465,1061,505,0.261,28.2,True,,,,no_text,25.2
795,48,auto,1429,301,1918,1012,1625,607,1731,684,0.482,17.1,False,,,,,
795,50,motorcycle,942,415,1111,687,973,471,1045,502,0.325,17.1,True,,,,no_text,29.6
795,50,motorcycle,942,415,1111,687,968,465,1053,505,0.309,17.1,True,,,,no_text,25.4
796,48,auto,1432,298,1917,1010,1627,605,1731,678,0.71,17.6,False,,,,,
796,50,motorcycle,910,335,1094,711,930,486,1020,518,0.522,17.6,True,,,,no_text,28.5
796,50,motorcycle,910,335,1094,711,928,595,987,625,0.279,17.6,True,,,,no_text,28.3
796,50,motorcycle,910,335,1094,711,930,603,988,631,0.266,17.6,True,,,,no_text,23.7
797,48,auto,1433,298,1916,1010,1629,604,1736,683,0.506,21.1,False,,,,,
797,50,motorcycle,890,411,1083,727,910,490,1003,522,0.444,21.1,True,,,,no_text,88
798,48,auto,1433,296,1917,1010,1631,603,1738,701,0.453,17.5,False,,,,,
798,50,motorcycle,778,433,1032,815,815,519,911,557,0.34,17.5,True,,,,no_text,74.8
799,50,motorcycle,742,435,1018,840,778,532,885,566,0.631,17.5,True,238858,0.74,,rejected,73.8
799,48,auto,1432,297,1918,1011,1636,605,1736,676,0.313,17.5,False,,,,,
800,50,motorcycle,704,448,997,876,741,544,850,578,0.611,17.6,False,,,,,
800,48,auto,1432,297,1918,1011,1636,605,1737,674,0.349,17.6,False,,,,,
800,51,motorcycle,1061,395,1221,637,1104,534,1156,569,0.27,17.6,True,,,,no_text,21.8
801,50,motorcycle,667,438,981,908,713,555,817,596,0.614,17.7,False,,,,,
801,48,auto,1434,297,1918,1011,1636,605,1739,676,0.488,17.7,False,,,,,
801,51,motorcycle,1055,390,1221,644,1093,540,1150,575,0.325,17.7,True,,,,no_text,27.7
801,51,truck,1048,265,1250,474,1098,459,1168,486,0.264,17.7,True,,,,no_text,26.6
802,51,motorcycle,1029,390,1208,666,1057,471,1137,502,0.489,17.4,True,,,,no_text,27.8
802,50,motorcycle,561,461,926,996,609,584,723,627,0.44,17.4,False,,,,,
802,48,auto,1435,297,1918,1008,1633,603,1737,669,0.436,17.4,False,,,,,
803,50,auto,180,279,670,749,544,603,671,650,0.538,17.2,False,,,,,
803,48,auto,1435,299,1919,1012,1634,604,1738,672,0.452,17.2,False,,,,,
803,51,motorcycle,1015,393,1203,676,1045,475,1132,511,0.401,17.2,True,,,,no_text,27.7
804,51,motorcycle,1002,390,1198,688,1030,480,1121,513,0.503,17.1,True,,,,no_text,34.1
804,50,auto,86,277,628,772,477,630,604,672,0.454,17.1,False,,,,,
804,48,auto,1438,295,1918,1009,1636,602,1740,672,0.346,17.1,False,,,,,
805,51,motorcycle,963,395,1178,717,999,484,1088,523,0.683,17.2,True,,,,no_text,27.2
805,51,motorcycle,963,395,1178,717,1006,589,1067,628,0.459,17.2,True,,,,no_text,20.3
805,48,auto,1439,299,1919,1013,1636,603,1739,670,0.409,17.2,False,,,,,
806,51,motorcycle,945,391,1168,736,981,490,1079,523,0.648,17.3,True,,,,no_text,36.6
806,48,auto,1437,296,1918,1008,1635,603,1739,671,0.418,17.3,False,,,,,
806,51,motorcycle,945,391,1168,736,990,592,1048,637,0.274,17.3,True,,,,no_text,19.5
807,51,motorcycle,917,395,1156,749,961,497,1056,533,0.622,17.7,True,,,,no_text,28
807,48,auto,1437,298,1919,1011,1635,604,1739,669,0.351,17.7,False,,,,,
807,51,motorcycle,917,395,1156,749,979,572,1038,605,0.316,17.7,True,,,,no_text,21
808,51,motorcycle,904,403,1142,769,934,506,1033,541,0.652,16.9,True,,,,no_text,33
808,48,auto,1441,299,1919,1011,1637,603,1740,669,0.388,16.9,False,,,,,
809,51,motorcycle,844,429,1113,824,881,515,986,555,0.502,17.2,True,,,,no_text,31.4
809,48,auto,1437,295,1919,1007,1636,603,1738,664,0.483,17.2,False,,,,,
810,51,motorcycle,818,418,1100,850,854,533,959,573,0.715,17.2,True,,,,no_text,115.1
810,48,auto,1441,296,1919,1007,1635,598,1739,666,0.506,17.2,False,,,,,
811,51,motorcycle,768,437,1077,884,817,538,930,581,0.72,17.3,True,,,,no_text,44.6
811,48,auto,1440,295,1918,1007,1637,598,1740,670,0.639,17.3,False,,,,,
811,52,auto,1440,295,1918,1007,1708,775,1840,846,0.256,17.3,True,,,,no_text,23.8
812,51,motorcycle,723,437,1060,922,771,556,889,600,0.716,17.2,True,,,,no_text,125.1
812,48,auto,1439,292,1918,1004,1636,598,1739,668,0.494,17.2,False,,,,,
813,51,motorcycle,671,447,1031,967,716,573,848,620,0.589,17.5,True,,,,no_text,120.4
813,48,auto,1439,293,1918,1003,1635,598,1738,671,0.451,17.5,False,,,,,
813,52,auto,1439,293,1918,1003,1704,771,1839,846,0.324,17.5,True,,,,no_text,22.9
814,48,auto,1445,292,1918,1004,1639,599,1742,667,0.629,18.1,False,,,,,
814,53,bus,920,226,1201,501,992,446,1057,471,0.566,18.1,True,DA4115,0.551,,rejected,71.6
814,51,motorcycle,535,493,980,1074,605,625,743,664,0.561,18.1,True,,,,no_text,135
814,51,motorcycle,535,493,980,1074,593,611,742,662,0.454,18.1,True,,,,no_text,70.3
814,52,auto,1445,292,1918,1004,1719,776,1839,846,0.262,18.1,True,,,,no_text,21.2
815,53,bus,924,222,1198,505,978,447,1052,473,0.586,17.4,False,,,,,
815,51,motorcycle,450,488,952,1078,514,642,672,699,0.435,17.4,True,,,,no_text,118.8
815,52,auto,1444,290,1918,1004,1722,779,1839,845,0.368,17.4,True,,,,no_text,23.1
815,48,auto,1444,290,1918,1004,1639,597,1744,668,0.367,17.4,False,,,,,
816,53,bus,886,218,1195,513,962,451,1036,478,0.619,17.6,False,,,,,
816,48,auto,1442,291,1918,1004,1641,597,1748,666,0.536,17.6,False,,,,,
816,52,auto,1442,291,1918,1004,1739,794,1841,845,0.273,17.6,True,,,,no_text,24.1
817,48,auto,1445,291,1918,1004,1640,597,1749,672,0.626,17.1,False,,,,,
817,53,bus,872,217,1189,518,956,453,1026,482,0.527,17.1,False,,,,,
818,53,bus,848,211,1178,523,938,458,1008,484,0.63,16,False,,,,,
818,48,auto,1445,290,1918,1003,1642,594,1756,679,0.417,16,False,,,,,
819,53,bus,840,205,1176,525,925,461,1002,487,0.698,17,False,,,,,
819,48,auto,1448,294,1919,1005,1645,596,1754,676,0.501,17,False,,,,,
820,53,bus,820,201,1171,528,906,461,990,490,0.652,16.6,False,,,,,
820,48,auto,1448,293,1919,1006,1646,596,1754,672,0.371,16.6,False,,,,,
821,53,bus,807,197,1163,532,898,463,979,490,0.661,16.6,False,,,,,
822,53,bus,776,189,1154,546,873,470,947,501,0.644,16.3,False,,,,,
822,54,auto,1452,293,1919,1003,1831,686,1919,758,0.391,16.3,True,LPG,0.99,,rejected,128.5
823,53,bus,760,182,1154,548,856,470,932,502,0.564,17.5,False,,,,,
823,54,auto,1451,292,1919,1004,1832,689,1919,754,0.376,17.5,False,,,,,
823,48,auto,1451,292,1919,1004,1647,592,1757,679,0.322,17.5,False,,,,,
824,53,bus,741,180,1149,551,843,476,915,505,0.503,17.2,False,,,,,
824,48,auto,1452,292,1919,1003,1648,593,1757,673,0.355,17.2,False,,,,,
824,54,auto,1452,292,1919,1003,1833,691,1919,753,0.258,17.2,False,,,,,
825,53,bus,713,173,1143,554,825,479,902,509,0.679,17.3,False,,,,,
825,48,auto,1452,292,1919,1003,1648,593,1754,665,0.455,17.3,False,,,,,
826,53,bus,668,158,1123,567,784,487,870,519,0.612,16.3,False,,,,,
826,48,auto,1451,289,1920,1003,1644,590,1756,670,0.406,16.3,False,,,,,
827,53,bus,652,156,1117,572,764,493,847,524,0.734,17.1,False,,,,,
827,48,auto,1451,289,1920,1003,1645,590,1756,666,0.538,17.1,False,,,,,
828,53,bus,625,151,1110,578,742,498,823,530,0.663,17.1,False,,,,,
828,48,auto,1451,290,1919,1002,1647,592,1755,663,0.614,17.1,False,,,,,
829,53,bus,599,148,1100,589,715,501,805,537,0.721,17.2,False,,,,,
829,53,bus,599,148,1100,589,717,447,806,491,0.635,17.2,False,,,,,
829,48,auto,1452,290,1919,1003,1646,591,1758,675,0.59,17.2,False,,,,,
830,53,bus,562,140,1095,592,688,505,784,540,0.716,17.4,False,,,,,
830,48,auto,1449,289,1919,1001,1650,590,1759,670,0.526,17.4,False,,,,,
830,53,bus,562,140,1095,592,686,448,779,495,0.302,17.4,False,,,,,
831,53,bus,528,129,1089,599,662,511,759,546,0.762,17,False,,,,,
831,48,auto,1449,287,1919,1002,1648,588,1762,687,0.513,17,False,,,,,
831,53,bus,528,129,1089,599,651,447,755,498,0.276,17,False,,,,,
832,53,bus,500,123,1082,611,629,517,728,554,0.715,16.8,False,,,,,
832,48,auto,1450,288,1919,1004,1646,590,1755,664,0.459,16.8,False,,,,,
833,53,bus,462,116,1067,615,598,524,700,561,0.687,16.9,False,,,,,
833,48,auto,1449,287,1920,1003,1646,592,1755,665,0.469,16.9,False,,,,,
834,53,bus,384,98,1042,639,519,537,631,580,0.569,16.3,False,,,,,
834,48,auto,1448,287,1919,1004,1646,592,1754,664,0.499,16.3,False,,,,,
834,48,auto,1448,287,1919,1004,1646,590,1759,692,0.37,16.3,False,,,,,
835,53,bus,328,85,1033,652,475,544,592,591,0.685,16.6,False,,,,,
835,48,auto,1448,286,1919,1005,1645,594,1751,662,0.437,16.6,False,,,,,
836,48,auto,1449,287,1919,1003,1644,591,1758,679,0.6,16.3,False,,,,,
836,53,bus,284,78,1019,663,429,553,556,602,0.589,16.3,False,,,,,
837,53,bus,237,70,1007,676,381,567,507,612,0.637,17,False,,,,,
837,48,auto,1450,287,1920,1003,1645,592,1753,665,0.524,17,False,,,,,
838,53,bus,164,59,995,692,326,577,459,624,0.627,16.6,False,,,,,
838,48,auto,1450,288,1919,1003,1643,591,1756,682,0.55,16.6,False,,,,,
839,48,auto,1450,288,1919,1004,1644,592,1757,678,0.601,15.2,False,,,,,
839,53,bus,87,35,981,711,249,588,397,640,0.493,15.2,False,,,,,
839,55,auto,1450,288,1919,1004,1835,692,1919,753,0.275,15.2,True,LPG,0.961,,rejected,67
840,53,bus,21,19,963,729,183,599,333,654,0.615,15.6,False,,,,,
840,48,auto,1448,287,1919,1002,1645,590,1755,666,0.499,15.6,False,,,,,
840,48,auto,1448,287,1919,1002,1647,588,1760,695,0.418,15.6,False,,,,,
840,55,auto,1448,287,1919,1002,1714,764,1841,839,0.271,15.6,False,,,,,
841,53,bus,0,0,939,773,4,631,174,703,0.629,16.6,False,,,,,
841,48,auto,1449,287,1919,1002,1646,591,1755,663,0.444,16.6,False,,,,,
842,53,bus,0,0,907,805,0,653,80,730,0.545,15.5,False,,,,,
842,48,auto,1447,284,1918,998,1649,588,1760,670,0.501,15.5,False,,,,,
842,55,auto,1447,284,1918,998,1714,764,1841,839,0.284,15.5,False,,,,,
843,48,auto,1448,287,1919,1000,1644,588,1759,669,0.375,14.7,False,,,,,
843,55,auto,1448,287,1919,1000,1717,764,1843,839,0.305,14.7,False,,,,,
844,48,auto,1445,288,1919,1002,1647,593,1751,661,0.43,14.3,False,,,,,
845,48,auto,1447,287,1919,1001,1640,590,1757,678,0.456,14.7,False,,,,,
846,48,auto,1448,289,1920,1003,1649,594,1753,660,0.366,14.7,False,,,,,
846,56,auto,1448,289,1920,1003,1831,690,1919,754,0.286,14.7,True,LPG,0.977,,rejected,63.2
847,48,auto,1447,287,1919,1000,1645,590,1754,664,0.523,15.5,False,,,,,
848,48,auto,1449,288,1919,1001,1652,587,1766,670,0.43,14.5,False,,,,,
848,57,car,1270,338,1421,465,1314,421,1357,438,0.317,14.5,True,,,,no_text,76.1
849,48,auto,1448,287,1919,1000,1647,587,1759,658,0.487,15.8,False,,,,,
849,58,bus,1013,305,1231,527,1087,449,1135,479,0.352,15.8,True,,,,no_text,23.4
850,48,auto,1447,285,1919,1000,1646,588,1758,658,0.344,15.2,False,,,,,
850,58,bus,1013,305,1225,531,1079,452,1128,485,0.254,15.2,True,,,,no_text,22.7
851,48,auto,1446,285,1920,1000,1646,588,1757,658,0.36,14.9,False,,,,,
851,58,bus,1012,303,1222,536,1066,456,1118,486,0.35,14.9,True,,,,no_text,27.8
851,58,bus,1012,303,1222,536,1068,451,1117,479,0.315,14.9,True,,,,no_text,35.7
852,58,bus,989,300,1212,547,1044,463,1099,492,0.303,15.1,True,,,,no_text,27.9
852,48,auto,1446,285,1920,1000,1646,589,1759,661,0.297,15.1,False,,,,,
853,48,auto,1447,284,1920,1000,1649,586,1764,661,0.49,15.6,False,,,,,
854,48,auto,1440,284,1920,1000,1649,586,1762,660,0.59,14.7,False,,,,,
855,48,auto,1445,284,1920,997,1647,588,1756,652,0.433,14.8,False,,,,,
856,48,auto,1447,283,1920,997,1647,587,1758,655,0.517,14.2,False,,,,,
857,48,auto,1444,283,1920,998,1645,587,1760,657,0.389,14.7,False,,,,,
857,59,car,1243,338,1411,473,1288,424,1333,441,0.263,14.7,True,,,,no_text,75.7
858,48,auto,1445,285,1920,997,1646,587,1757,653,0.467,15.4,False,,,,,
858,59,car,1239,336,1409,474,1286,422,1331,439,0.284,15.4,True,,,,no_text,71.8
859,48,auto,1446,282,1920,997,1645,586,1758,654,0.546,15.2,False,,,,,
860,48,auto,1445,285,1920,998,1645,588,1758,654,0.447,15.1,False,,,,,
861,48,auto,1448,286,1920,997,1646,587,1757,653,0.454,16.3,False,,,,,
862,48,auto,1447,284,1920,998,1644,587,1757,655,0.615,15.4,False,,,,,
863,48,auto,1447,287,1920,999,1644,587,1759,657,0.495,15.2,False,,,,,
864,48,auto,1447,286,1920,998,1646,588,1758,654,0.515,14.8,False,,,,,
865,48,auto,1446,286,1920,998,1645,587,1757,654,0.603,14.8,False,,,,,
866,48,auto,1447,284,1920,997,1644,585,1757,655,0.628,15,False,,,,,
866,60,car,1209,332,1396,486,1262,430,1311,448,0.377,15,True,,,,no_text,83.8
867,48,auto,1446,286,1920,999,1647,589,1759,656,0.569,15.6,False,,,,,
868,48,auto,1447,286,1920,999,1645,588,1759,655,0.534,14.7,False,,,,,
869,48,auto,1447,284,1920,997,1644,586,1759,653,0.553,15,False,,,,,
870,48,auto,1450,286,1920,998,1646,588,1757,653,0.518,14.8,False,,,,,
870,61,car,1193,327,1392,493,1244,435,1303,456,0.488,14.8,True,,,,no_text,81.4
871,48,auto,1449,284,1920,997,1645,587,1758,653,0.465,16,False,,,,,
871,61,car,1189,327,1392,494,1243,437,1301,456,0.369,16,True,,,,no_text,77.8
872,48,auto,1449,283,1920,997,1645,587,1758,654,0.512,15.3,False,,,,,
872,61,car,1185,325,1388,496,1238,437,1299,457,0.487,15.3,True,,,,no_text,73.9
873,61,car,1180,323,1386,498,1234,439,1294,459,0.562,16.1,True,,,,no_text,92.6
873,48,auto,1445,284,1920,999,1647,588,1756,653,0.473,16.1,False,,,,,
873,62,auto,1445,284,1920,999,1830,613,1920,743,0.291,16.1,True,2020,0.987,,rejected,105
874,48,auto,1444,283,1920,998,1644,585,1759,656,0.577,17.4,False,,,,,
874,61,car,1161,324,1382,505,1217,439,1282,462,0.468,17.4,True,T2Z78104,0.518,,rejected,78.2
874,48,auto,1444,283,1920,998,1638,583,1763,708,0.373,17.4,False,,,,,
875,61,car,1156,321,1378,510,1218,442,1279,463,0.562,17.1,False,,,,,
875,48,auto,1442,283,1920,1000,1645,589,1757,655,0.355,17.1,False,,,,,
875,62,auto,1442,283,1920,1000,1828,611,1920,744,0.291,17.1,False,,,,,
876,61,car,1146,319,1377,513,1208,444,1272,466,0.587,16.8,False,,,,,
876,48,auto,1441,282,1920,999,1648,587,1762,663,0.315,16.8,False,,,,,
876,62,auto,1441,282,1920,999,1828,610,1920,744,0.267,16.8,False,,,,,
877,61,car,1142,320,1376,515,1205,444,1269,466,0.543,16.5,False,,,,,
877,48,auto,1447,284,1920,998,1645,587,1757,654,0.5,16.5,False,,,,,
878,61,car,1135,320,1375,518,1200,446,1267,467,0.618,16.6,False,,,,,
878,48,auto,1446,283,1920,999,1643,587,1756,653,0.376,16.6,False,,,,,
879,61,car,1131,320,1372,522,1192,447,1261,472,0.672,16.6,False,,,,,
879,63,auto,347,265,780,686,400,424,461,465,0.531,16.6,True,,,,no_text,25.3
879,48,auto,1445,284,1920,999,1636,586,1763,706,0.393,16.6,False,,,,,
880,61,car,1125,319,1370,525,1184,448,1260,475,0.67,17.6,False,,,,,
880,48,auto,1443,283,1920,1000,1637,587,1762,702,0.465,17.6,False,,,,,
880,48,auto,1443,283,1920,1000,1639,588,1758,664,0.342,17.6,False,,,,,
881,61,car,1112,316,1368,529,1179,455,1249,481,0.569,16.6,False,,,,,
881,48,auto,1445,284,1919,998,1642,587,1758,663,0.344,16.6,False,,,,,
881,48,auto,1445,284,1919,998,1638,584,1762,702,0.339,16.6,False,,,,,
881,64,auto,157,251,698,748,217,437,292,484,0.257,16.6,True,,,,no_text,22.3
882,61,car,1108,317,1365,532,1171,457,1243,482,0.674,17.1,False,,,,,
882,64,auto,77,243,667,769,151,440,222,490,0.412,17.1,True,,,,no_text,21.1
882,48,auto,1444,283,1919,998,1637,581,1760,693,0.387,17.1,False,,,,,
882,48,auto,1444,283,1919,998,1641,586,1759,668,0.38,17.1,False,,,,,
883,61,car,1099,316,1364,537,1165,458,1238,485,0.721,17.5,False,,,,,
883,64,auto,2,235,638,803,67,448,140,500,0.426,17.5,True,,,,no_text,26.8
883,48,auto,1446,285,1919,999,1639,584,1763,705,0.387,17.5,False,,,,,
883,48,auto,1446,285,1919,999,1642,587,1758,665,0.341,17.5,False,,,,,
883,64,auto,2,235,638,803,36,447,139,502,0.277,17.5,True,,,,no_text,23
884,61,car,1091,313,1361,540,1157,460,1234,490,0.656,17,False,,,,,
884,48,auto,1445,287,1919,997,1640,587,1757,669,0.302,17,False,,,,,
884,48,auto,1445,287,1919,997,1634,584,1759,702,0.291,17,False,,,,,
884,64,auto,0,232,599,825,0,463,45,505,0.283,17,True,,,,no_text,25.8
885,61,car,1082,316,1358,544,1150,466,1228,492,0.641,17,False,,,,,
885,48,auto,1447,287,1919,998,1633,586,1761,703,0.544,17,False,,,,,
885,48,auto,1447,287,1919,998,1634,587,1756,670,0.438,17,False,,,,,
886,61,car,1077,313,1353,545,1144,467,1222,493,0.647,16.4,False,,,,,
886,48,auto,1447,287,1919,997,1633,581,1761,704,0.462,16.4,False,,,,,
886,48,auto,1447,287,1919,997,1634,582,1756,666,0.282,16.4,False,,,,,
887,61,car,1067,314,1351,550,1139,471,1218,498,0.696,16.5,False,,,,,
888,61,car,1060,314,1350,555,1129,472,1211,502,0.694,16.8,False,,,,,
889,61,car,1052,310,1348,556,1121,473,1206,501,0.701,16.7,False,,,,,
889,48,auto,1451,285,1919,996,1638,584,1759,657,0.534,16.7,False,,,,,
889,48,auto,1451,285,1919,996,1635,580,1762,697,0.325,16.7,False,,,,,
890,61,car,1029,310,1341,569,1106,478,1189,506,0.652,16.2,False,,,,,
890,48,auto,1447,288,1919,996,1639,587,1755,660,0.358,16.2,False,,,,,
890,48,auto,1447,288,1919,996,1635,584,1760,695,0.326,16.2,False,,,,,
891,61,car,1017,311,1338,571,1095,480,1182,508,0.643,16.6,False,,,,,
891,65,motorcycle,694,405,888,665,720,500,790,532,0.362,16.6,True,,,,no_text,29.2
891,48,auto,1447,287,1919,996,1637,587,1752,655,0.306,16.6,False,,,,,
892,61,car,1009,309,1337,577,1088,481,1175,513,0.661,17.2,False,,,,,
892,65,motorcycle,675,402,880,678,700,504,768,537,0.42,17.2,True,,,,no_text,27.5
892,48,auto,1452,286,1919,997,1639,584,1753,662,0.372,17.2,False,,,,,
892,48,auto,1452,286,1919,997,1633,579,1757,701,0.369,17.2,False,,,,,
893,61,car,1001,311,1333,581,1079,485,1169,516,0.757,17.2,False,,,,,
893,48,auto,1450,287,1919,996,1641,587,1755,657,0.437,17.2,False,,,,,
893,48,auto,1450,287,1919,996,1639,584,1759,681,0.275,17.2,False,,,,,
894,61,car,988,308,1329,586,1069,487,1160,519,0.73,16.5,False,,,,,
894,48,auto,1452,287,1919,996,1639,585,1759,656,0.49,16.5,False,,,,,
894,65,motorcycle,605,401,843,714,645,460,701,499,0.362,16.5,True,,,,no_text,22.1
894,48,auto,1452,287,1919,996,1636,580,1763,703,0.329,16.5,False,,,,,
895,61,car,972,307,1324,593,1056,493,1152,524,0.677,17.3,False,,,,,
895,48,auto,1449,285,1919,994,1633,584,1760,703,0.411,17.3,False,,,,,
895,48,auto,1449,285,1919,994,1639,587,1753,661,0.351,17.3,False,,,,,
895,65,motorcycle,560,414,814,734,603,460,666,498,0.294,17.3,True,,,,no_text,23.2
896,61,car,960,309,1319,599,1043,498,1139,527,0.695,17.1,False,,,,,
896,48,auto,1450,287,1919,995,1632,587,1758,700,0.629,17.1,False,,,,,
896,65,motorcycle,516,417,787,759,560,483,624,523,0.484,17.1,True,,,,no_text,24.1
896,48,auto,1450,287,1919,995,1635,588,1754,667,0.466,17.1,False,,,,,
897,61,car,945,307,1317,606,1032,501,1129,532,0.674,16.7,False,,,,,
897,48,auto,1451,285,1919,995,1631,586,1761,705,0.47,16.7,False,,,,,
898,61,car,917,307,1309,623,1006,514,1109,546,0.757,19.5,False,,,,,
898,48,auto,1452,286,1919,995,1637,584,1761,704,0.273,19.5,False,,,,,
899,61,car,903,306,1306,631,991,521,1095,553,0.732,27.2,False,,,,,
899,48,auto,1451,285,1920,996,1637,588,1761,695,0.396,27.2,False,,,,,
899,48,auto,1451,285,1920,996,1638,590,1755,662,0.326,27.2,False,,,,,
900,61,car,883,303,1300,638,975,525,1087,562,0.769,16.4,False,,,,,
900,48,auto,1450,286,1919,995,1641,586,1752,657,0.299,16.4,False,,,,,
901,61,car,866,304,1296,644,960,532,1070,569,0.782,16.1,False,,,,,
901,48,auto,1452,284,1919,993,1641,587,1754,659,0.295,16.1,False,,,,,
901,48,auto,1452,284,1919,993,1638,584,1760,694,0.254,16.1,False,,,,,
902,61,car,843,304,1292,656,944,542,1055,577,0.706,16.6,False,,,,,
902,48,auto,1453,286,1919,993,1636,586,1760,699,0.428,16.6,False,,,,,
902,48,auto,1453,286,1919,993,1639,589,1756,669,0.257,16.6,False,,,,,
903,61,car,823,303,1288,665,922,548,1041,584,0.762,16.1,False,,,,,
903,48,auto,1452,285,1919,993,1637,586,1759,696,0.283,16.1,False,,,,,
903,48,auto,1452,285,1919,993,1643,588,1758,669,0.267,16.1,False,,,,,
904,61,car,800,299,1285,672,904,553,1025,592,0.796,16.7,False,,,,,
904,48,auto,1452,284,1919,993,1641,586,1755,655,0.433,16.7,False,,,,,
905,61,car,775,300,1278,685,880,564,1006,600,0.723,15.9,False,,,,,
905,48,auto,1452,287,1919,994,1642,588,1759,665,0.431,15.9,False,,,,,
905,48,auto,1452,287,1919,994,1637,586,1760,695,0.385,15.9,False,,,,,
906,61,car,751,299,1272,699,858,572,987,612,0.771,16.2,False,,,,,
906,48,auto,1453,286,1919,994,1646,590,1759,666,0.379,16.2,False,,,,,
907,61,car,723,299,1268,713,831,582,965,620,0.777,15.5,False,,,,,
907,48,auto,1453,287,1919,994,1641,587,1758,670,0.427,15.5,False,,,,,
908,61,car,692,298,1261,725,805,589,945,628,0.719,16.4,False,,,,,
908,48,auto,1453,286,1919,994,1646,589,1758,660,0.35,16.4,False,,,,,
908,48,auto,1453,286,1919,994,1641,587,1760,691,0.268,16.4,False,,,,,
909,61,car,655,298,1250,740,775,598,921,641,0.807,16.3,False,,,,,
909,48,auto,1453,285,1919,993,1637,587,1760,702,0.606,16.3,False,,,,,
909,48,auto,1453,285,1919,993,1640,588,1755,665,0.397,16.3,False,,,,,
910,61,car,619,297,1244,758,739,606,890,651,0.776,16.1,False,,,,,
910,48,auto,1454,287,1919,994,1641,585,1762,704,0.47,16.1,False,,,,,
910,48,auto,1454,287,1919,994,1647,588,1761,675,0.399,16.1,False,,,,,
911,61,car,576,295,1236,779,708,621,862,663,0.762,15.8,False,,,,,
911,48,auto,1454,287,1919,993,1634,586,1761,708,0.656,15.8,False,,,,,
912,61,car,534,291,1227,801,662,632,827,680,0.745,16.4,False,,,,,
912,48,auto,1452,286,1918,993,1636,588,1760,700,0.633,16.4,False,,,,,
912,48,auto,1452,286,1918,993,1638,589,1756,665,0.465,16.4,False,,,,,
913,61,car,484,288,1218,828,619,649,790,696,0.755,16,False,,,,,
913,48,auto,1453,287,1918,993,1634,587,1761,706,0.731,16,False,,,,,
914,61,car,428,284,1213,851,572,667,751,717,0.74,15.1,False,,,,,
914,48,auto,1453,285,1919,993,1640,588,1761,704,0.56,15.1,False,,,,,
914,48,auto,1453,285,1919,993,1641,589,1756,671,0.338,15.1,False,,,,,
914,66,auto,1453,285,1919,993,1824,600,1919,742,0.295,15.1,True,,,,no_text,25.1
915,61,car,362,280,1204,885,513,686,705,743,0.765,15.2,False,,,,,
915,48,auto,1453,286,1919,994,1644,587,1753,655,0.599,15.2,False,,,,,
915,48,auto,1453,286,1919,994,1642,584,1756,683,0.404,15.2,False,,,,,
916,61,car,295,276,1198,910,447,714,649,773,0.751,14.9,False,,,,,
916,48,auto,1453,284,1919,993,1645,586,1757,663,0.485,14.9,False,,,,,
916,48,auto,1453,284,1919,993,1641,583,1756,693,0.399,14.9,False,,,,,
917,61,car,217,272,1186,952,373,739,586,812,0.772,14.4,False,,,,,
917,48,auto,1453,283,1919,993,1639,587,1760,703,0.545,14.4,False,,,,,
917,48,auto,1453,283,1919,993,1640,589,1755,665,0.335,14.4,False,,,,,
918,61,car,129,267,1174,990,289,774,515,853,0.706,15.5,False,,,,,
918,48,auto,1452,282,1919,993,1640,586,1761,702,0.516,15.5,False,,,,,
918,48,auto,1452,282,1919,993,1644,588,1760,673,0.479,15.5,False,,,,,
919,61,car,30,261,1161,1047,189,810,433,902,0.747,15.4,False,,,,,
919,48,auto,1451,282,1919,993,1641,586,1760,700,0.512,15.4,False,,,,,
919,48,auto,1451,282,1919,993,1640,587,1756,662,0.36,15.4,False,,,,,
920,61,car,1,256,1153,1076,63,853,332,958,0.726,14.7,False,,,,,
920,48,auto,1451,282,1919,993,1646,589,1759,666,0.498,14.7,False,,,,,
920,48,auto,1451,282,1919,993,1643,586,1760,697,0.434,14.7,False,,,,,
921,61,car,0,251,1140,1080,0,914,201,1034,0.81,14.7,False,,,,,
921,48,auto,1450,282,1919,993,1640,588,1760,702,0.6,14.7,False,,,,,
921,48,auto,1450,282,1919,993,1639,589,1755,672,0.347,14.7,False,,,,,
922,48,auto,1451,282,1919,994,1637,587,1761,705,0.663,13.8,False,,,,,
923,48,auto,1450,283,1919,994,1641,588,1759,693,0.524,14.6,False,,,,,
923,48,auto,1450,283,1919,994,1641,590,1755,662,0.426,14.6,False,,,,,
924,48,auto,1449,279,1920,994,1637,588,1758,698,0.529,23,False,,,,,
924,48,auto,1449,279,1920,994,1637,590,1753,665,0.362,23,False,,,,,
925,48,auto,1449,279,1919,994,1638,588,1758,693,0.487,20.6,False,,,,,
925,48,auto,1449,279,1919,994,1640,589,1755,663,0.388,20.6,False,,,,,
926,48,auto,1450,279,1919,993,1641,586,1759,674,0.574,14.7,False,,,,,
927,48,auto,1451,282,1919,993,1637,587,1761,702,0.644,14.8,False,,,,,
927,48,auto,1451,282,1919,993,1638,587,1756,666,0.484,14.8,False,,,,,
928,48,auto,1449,281,1919,993,1637,587,1761,700,0.576,15.5,False,,,,,
928,48,auto,1449,281,1919,993,1638,587,1757,663,0.45,15.5,False,,,,,
929,48,auto,1447,282,1920,993,1641,590,1749,656,0.291,14.8,False,,,,,
930,48,auto,1451,285,1919,994,1641,586,1760,671,0.538,14.8,False,,,,,
931,48,auto,1450,280,1920,994,1641,584,1762,703,0.458,14.2,False,,,,,
931,48,auto,1450,280,1920,994,1643,587,1758,667,0.326,14.2,False,,,,,
932,67,car,729,319,1054,545,777,467,856,510,0.601,14.8,True,12339333,0.81,,rejected,68.2
932,48,auto,1450,281,1919,994,1637,582,1761,705,0.366,14.8,False,,,,,
933,67,car,680,319,1042,551,755,468,840,510,0.698,15,False,,,,,
934,67,car,673,319,1035,558,737,472,820,511,0.679,14.7,False,,,,,
934,48,auto,1450,283,1919,994,1636,585,1761,702,0.474,14.7,False,,,,,
934,48,auto,1450,283,1919,994,1637,587,1757,665,0.303,14.7,False,,,,,
935,67,car,635,316,1015,571,701,481,783,520,0.623,13.9,False,,,,,
935,48,auto,1450,281,1919,994,1637,583,1761,706,0.394,13.9,False,,,,,
936,67,car,616,317,1006,577,681,485,762,522,0.585,14.9,False,,,,,
936,48,auto,1451,281,1919,994,1636,585,1762,707,0.51,14.9,False,,,,,
936,68,car,1197,340,1319,455,1210,396,1257,410,0.277,14.9,True,JOOU,0.69,,rejected,106.3
936,48,auto,1451,281,1919,994,1640,588,1757,676,0.252,14.9,False,,,,,
937,67,car,592,316,998,584,656,491,743,530,0.604,18,False,,,,,
937,48,auto,1450,280,1920,994,1641,586,1763,704,0.431,18,False,,,,,
937,48,auto,1450,280,1920,994,1643,588,1759,668,0.372,18,False,,,,,
938,67,car,568,315,987,591,633,496,720,531,0.626,17.5,False,,,,,
938,48,auto,1452,282,1920,995,1640,586,1763,701,0.511,17.5,False,,,,,
938,48,auto,1452,282,1920,995,1642,588,1759,671,0.463,17.5,False,,,,,
938,68,car,1190,341,1319,459,1211,403,1261,417,0.343,17.5,False,,,,,
938,68,motorcycle,1089,388,1197,548,1109,410,1161,445,0.269,17.5,False,,,,,
939,67,car,539,313,977,599,606,500,697,544,0.505,13.2,False,,,,,
939,48,auto,1452,284,1919,995,1641,584,1762,705,0.436,13.2,False,,,,,
939,48,auto,1452,284,1919,995,1643,587,1758,667,0.309,13.2,False,,,,,
939,68,motorcycle,1083,389,1192,550,1093,417,1140,450,0.261,13.2,False,,,,,
940,67,car,512,310,964,610,583,506,672,551,0.594,14.8,False,,,,,
940,48,auto,1450,283,1919,996,1637,586,1764,708,0.575,14.8,False,,,,,
941,67,car,482,308,955,618,548,510,645,553,0.54,15,False,,,,,
941,48,auto,1450,285,1919,997,1638,585,1763,709,0.45,15,False,,,,,
941,48,auto,1450,285,1919,997,1647,586,1762,679,0.383,15,False,,,,,
942,67,car,411,311,927,635,479,525,583,569,0.631,15.6,False,,,,,
942,69,auto,1452,287,1919,1000,1712,763,1847,837,0.392,15.6,True,,,,no_text,24.4
942,48,auto,1452,287,1919,1000,1638,587,1762,706,0.324,15.6,False,,,,,
942,48,auto,1452,287,1919,1000,1645,589,1761,676,0.266,15.6,False,,,,,
943,67,car,374,307,909,644,443,531,546,573,0.682,15.1,False,,,,,
943,48,auto,1451,286,1919,999,1639,587,1763,704,0.512,15.1,False,,,,,
943,48,auto,1451,286,1919,999,1641,589,1759,666,0.31,15.1,False,,,,,
944,67,car,323,306,894,659,402,539,506,581,0.602,14.9,False,,,,,
944,48,auto,1450,285,1919,999,1638,585,1762,703,0.375,14.9,False,,,,,
944,48,auto,1450,285,1919,999,1641,588,1759,672,0.324,14.9,False,,,,,
945,67,car,285,304,881,669,356,543,467,588,0.609,15.2,False,,,,,
945,48,auto,1450,286,1920,999,1636,588,1764,709,0.576,15.2,False,,,,,
945,70,motorcycle,1018,387,1154,590,1035,440,1091,464,0.309,15.2,True,,,,no_text,27.6
946,67,car,233,304,863,681,310,555,424,596,0.686,15.1,False,,,,,
946,48,auto,1455,286,1920,998,1650,590,1762,667,0.487,15.1,False,,,,,
946,48,auto,1455,286,1920,998,1646,589,1764,704,0.475,15.1,False,,,,,
947,67,car,182,303,841,696,256,563,372,604,0.707,14.9,False,,,,,
947,48,auto,1452,286,1920,998,1644,589,1763,707,0.427,14.9,False,,,,,
947,48,auto,1452,286,1920,998,1650,590,1761,673,0.416,14.9,False,,,,,
947,71,auto,1452,286,1920,998,1829,610,1920,741,0.377,14.9,True,,,,no_text,27.5
948,67,car,67,299,802,726,131,586,258,628,0.708,15,False,,,,,
948,48,auto,1451,285,1920,997,1651,589,1762,666,0.413,15,False,,,,,
948,70,motorcycle,972,401,1110,617,992,461,1053,491,0.393,15,True,,,,no_text,25.2
948,48,auto,1451,285,1920,997,1647,588,1764,704,0.368,15,False,,,,,
949,67,car,0,294,781,744,54,596,192,647,0.752,14.6,False,,,,,
949,48,auto,1447,286,1919,997,1638,584,1763,707,0.45,14.6,False,,,,,
950,67,car,0,296,756,764,0,612,116,667,0.779,14.7,False,,,,,
951,48,auto,1447,287,1919,998,1637,589,1762,707,0.42,14.1,False,,,,,
951,70,motorcycle,915,408,1072,653,932,484,1006,509,0.383,14.1,True,TGEM,0.525,,rejected,79.5
952,48,auto,1449,286,1920,998,1638,588,1763,710,0.467,15.5,False,,,,,
952,72,auto,1449,286,1920,998,1826,600,1920,742,0.376,15.5,True,,,,no_text,16.4
952,48,auto,1449,286,1920,998,1641,589,1757,675,0.276,15.5,False,,,,,
953,48,auto,1451,286,1919,998,1647,590,1756,658,0.511,14.9,False,,,,,
953,48,auto,1451,286,1919,998,1648,588,1761,685,0.369,14.9,False,,,,,
953,70,motorcycle,880,417,1048,675,902,493,973,520,0.282,14.9,False,,,,,
954,70,motorcycle,862,412,1041,687,886,463,942,499,0.41,14.7,False,,,,,
954,73,car,1103,330,1287,485,1149,442,1208,460,0.357,14.7,True,,,,no_text,84.4
954,48,auto,1449,286,1920,996,1650,588,1763,666,0.357,14.7,False,,,,,
954,48,auto,1449,286,1920,996,1645,586,1764,704,0.302,14.7,False,,,,,
955,48,auto,1446,286,1920,999,1646,589,1762,670,0.472,16.1,False,,,,,
955,70,motorcycle,837,413,1023,699,859,506,937,535,0.472,16.1,False,,,,,
955,48,auto,1446,286,1920,999,1639,587,1762,701,0.45,16.1,False,,,,,
955,73,car,1095,331,1283,488,1145,443,1200,462,0.328,16.1,True,,,,no_text,74.3
956,48,auto,1446,287,1919,997,1635,585,1763,706,0.514,16.1,False,,,,,
956,70,motorcycle,811,419,1007,712,839,509,913,537,0.476,16.1,False,,,,,
956,70,motorcycle,811,419,1007,712,834,513,912,541,0.408,16.1,False,,,,,
956,48,auto,1446,287,1919,997,1641,587,1759,677,0.37,16.1,False,,,,,
957,70,motorcycle,783,424,991,726,816,516,893,547,0.606,15.6,False,,,,,
957,73,car,1084,330,1277,490,1130,445,1194,463,0.447,15.6,True,,,,no_text,38.5
957,48,auto,1449,286,1919,997,1635,585,1763,709,0.395,15.6,False,,,,,
958,73,car,1070,331,1273,497,1115,447,1176,467,0.632,15.1,True,,,,no_text,73.6
958,70,motorcycle,713,426,952,763,756,532,842,565,0.535,15.1,False,,,,,
958,48,auto,1449,288,1919,999,1630,585,1759,708,0.534,15.1,False,,,,,
958,48,auto,1449,288,1919,999,1639,588,1755,678,0.392,15.1,False,,,,,
959,48,auto,1446,287,1919,999,1632,587,1760,707,0.671,16,False,,,,,
959,70,motorcycle,683,428,941,780,721,542,811,571,0.643,16,False,,,,,
959,73,car,1065,330,1270,497,1116,447,1180,469,0.609,16,True,1083574,0.547,,rejected,75.6
959,48,auto,1446,287,1919,999,1639,589,1756,681,0.305,16,False,,,,,
960,70,motorcycle,646,434,916,803,691,550,784,582,0.684,15.6,False,,,,,
960,73,car,1061,328,1267,503,1107,448,1171,470,0.61,15.6,False,,,,,
960,48,auto,1448,287,1919,999,1643,588,1763,680,0.576,15.6,False,,,,,
961,70,motorcycle,606,443,896,825,647,561,749,596,0.612,26.5,False,,,,,
961,73,car,1056,328,1268,503,1104,449,1167,472,0.482,26.5,False,,,,,
961,48,auto,1447,285,1919,998,1647,586,1762,673,0.291,26.5,False,,,,,
961,48,auto,1447,285,1919,998,1638,584,1763,706,0.278,26.5,False,,,,,
962,48,auto,1444,287,1919,999,1635,587,1763,706,0.578,14.9,False,,,,,
962,70,motorcycle,447,450,811,920,497,598,619,640,0.505,14.9,False,,,,,
962,73,car,1030,328,1258,511,1083,455,1153,481,0.463,14.9,False,,,,,
963,48,auto,1444,285,1919,998,1632,586,1761,708,0.606,15.1,False,,,,,
963,73,car,1020,329,1253,513,1069,458,1149,481,0.559,15.1,False,,,,,
963,70,motorcycle,369,462,778,963,429,617,560,659,0.382,15.1,False,,,,,
963,48,auto,1444,285,1919,998,1636,588,1755,678,0.356,15.1,False,,,,,
964,70,motorcycle,290,463,737,1003,360,638,499,678,0.621,17,False,,,,,
964,48,auto,1444,287,1919,999,1634,586,1762,707,0.611,17,False,,,,,
964,73,car,1013,330,1250,517,1067,460,1147,484,0.604,17,False,,,,,
965,48,auto,1445,287,1920,998,1633,587,1763,707,0.608,17.1,False,,,,,
965,73,car,1009,330,1247,520,1054,462,1135,487,0.595,17.1,False,,,,,
965,70,motorcycle,197,477,699,1047,282,659,422,701,0.518,17.1,False,,,,,
965,74,auto,1445,287,1920,998,1822,601,1920,743,0.277,17.1,True,,,,no_text,24.2
966,73,car,1003,329,1244,523,1048,463,1131,488,0.596,17.4,False,,,,,
966,70,motorcycle,86,483,652,1075,184,684,334,730,0.525,17.4,False,,,,,
966,48,auto,1447,286,1919,997,1641,585,1756,659,0.477,17.4,False,,,,,
966,48,auto,1447,286,1919,997,1637,582,1759,702,0.44,17.4,False,,,,,
967,70,motorcycle,0,479,597,1078,67,713,229,760,0.543,16.5,False,,,,,
967,48,auto,1448,285,1919,997,1635,583,1763,703,0.472,16.5,False,,,,,
967,73,car,995,329,1242,525,1046,468,1124,490,0.448,16.5,False,,,,,
967,48,auto,1448,285,1919,997,1640,587,1758,666,0.445,16.5,False,,,,,
968,73,car,985,327,1239,529,1043,470,1122,492,0.546,16.9,False,,,,,
968,70,motorcycle,0,484,550,1078,0,749,114,803,0.506,16.9,False,,,,,
968,48,auto,1449,285,1919,997,1636,585,1762,702,0.388,16.9,False,,,,,
968,48,auto,1449,285,1919,997,1641,588,1757,663,0.369,16.9,False,,,,,
969,48,auto,1448,288,1919,998,1633,583,1760,691,0.649,16.5,False,,,,,
969,73,car,976,331,1232,532,1028,472,1104,496,0.605,16.5,False,,,,,
970,48,auto,1447,286,1919,998,1644,587,1762,685,0.601,17.2,False,,,,,
970,73,car,967,328,1228,534,1020,473,1101,499,0.589,17.2,False,,,,,
970,48,auto,1447,286,1919,998,1616,588,1763,710,0.332,17.2,False,,,,,
971,48,auto,1446,287,1919,998,1631,587,1761,708,0.657,16.8,False,,,,,
971,73,car,960,329,1222,539,1011,476,1097,502,0.489,16.8,False,,,,,
971,48,auto,1446,287,1919,998,1638,588,1756,681,0.377,16.8,False,,,,,
972,48,auto,1447,286,1919,998,1633,584,1761,707,0.526,16.1,False,,,,,
972,73,car,947,328,1220,541,996,478,1082,503,0.516,16.1,False,,,,,
972,48,auto,1447,286,1919,998,1640,586,1754,665,0.387,16.1,False,,,,,
972,75,auto,1447,286,1919,998,1823,599,1919,739,0.253,16.1,True,LPO,0.756,,rejected,81.5
973,73,car,936,328,1215,545,993,480,1078,507,0.673,16.6,False,,,,,
973,48,auto,1447,285,1919,998,1643,586,1762,681,0.524,16.6,False,,,,,
974,73,car,928,331,1211,553,984,484,1068,512,0.693,16.3,False,,,,,
974,48,auto,1449,289,1919,998,1640,587,1759,678,0.431,16.3,False,,,,,
975,73,car,915,328,1206,555,974,487,1056,513,0.709,15.7,False,,,,,
975,48,auto,1448,286,1919,998,1633,586,1762,708,0.588,15.7,False,,,,,
975,48,auto,1448,286,1919,998,1637,586,1757,673,0.462,15.7,False,,,,,
976,73,car,904,328,1202,560,959,489,1047,517,0.685,15.7,False,,,,,
976,48,auto,1446,286,1919,997,1628,586,1762,708,0.674,15.7,False,,,,,
977,73,car,874,328,1190,568,943,497,1029,525,0.754,14.9,False,,,,,
977,48,auto,1446,285,1919,997,1629,587,1762,708,0.668,14.9,False,,,,,
978,73,car,866,329,1186,573,925,501,1012,528,0.693,15.8,False,,,,,
978,48,auto,1448,286,1919,998,1631,586,1760,708,0.651,15.8,False,,,,,
978,48,auto,1448,286,1919,998,1637,587,1755,669,0.471,15.8,False,,,,,
979,73,car,852,328,1181,581,910,504,1000,536,0.745,16,False,,,,,
979,48,auto,1450,286,1920,998,1634,586,1761,705,0.621,16,False,,,,,
980,73,car,837,329,1174,588,899,509,991,541,0.749,15.9,False,,,,,
980,48,auto,1450,287,1919,998,1633,587,1759,705,0.601,15.9,False,,,,,
981,73,car,804,327,1162,597,867,517,962,548,0.682,15.2,False,,,,,
981,48,auto,1450,286,1919,997,1633,586,1761,705,0.664,15.2,False,,,,,
981,48,auto,1450,286,1919,997,1637,587,1756,669,0.534,15.2,False,,,,,
982,73,car,784,325,1153,605,853,521,949,552,0.735,15.7,False,,,,,
982,48,auto,1448,285,1919,997,1641,588,1753,660,0.419,15.7,False,,,,,
982,48,auto,1448,285,1919,997,1636,586,1755,690,0.341,15.7,False,,,,,
983,73,car,766,325,1147,613,839,527,935,562,0.744,15.4,False,,,,,
983,48,auto,1451,286,1919,998,1630,586,1762,708,0.709,15.4,False,,,,,
984,73,car,749,324,1142,620,819,531,917,565,0.768,15.6,False,,,,,
984,48,auto,1451,286,1919,997,1631,585,1761,708,0.669,15.6,False,,,,,
984,48,auto,1451,286,1919,997,1636,586,1755,679,0.49,15.6,False,,,,,
985,73,car,722,324,1132,625,800,537,905,573,0.786,15.7,False,,,,,
985,48,auto,1451,286,1919,997,1635,586,1759,699,0.586,15.7,False,,,,,
985,48,auto,1451,286,1919,997,1639,588,1756,666,0.461,15.7,False,,,,,
986,73,car,704,324,1124,635,779,543,883,577,0.74,15.6,False,,,,,
986,48,auto,1451,286,1919,997,1631,587,1760,706,0.692,15.6,False,,,,,
987,73,car,676,324,1120,645,755,550,863,590,0.801,15.6,False,,,,,
987,48,auto,1452,287,1919,998,1632,584,1759,705,0.458,15.6,False,,,,,
988,73,car,655,322,1109,654,731,555,841,595,0.799,14.4,False,,,,,
988,48,auto,1451,285,1919,996,1631,584,1761,708,0.651,14.4,False,,,,,
988,48,auto,1451,285,1919,996,1636,585,1756,672,0.504,14.4,False,,,,,
989,73,car,624,320,1102,665,706,565,818,602,0.77,14.1,False,,,,,
989,48,auto,1449,284,1919,996,1633,588,1758,705,0.603,14.1,False,,,,,
989,48,auto,1449,284,1919,996,1636,589,1752,673,0.344,14.1,False,,,,,
990,73,car,567,319,1084,688,644,583,770,624,0.746,13.8,False,,,,,
990,48,auto,1448,285,1919,997,1627,586,1761,709,0.716,13.8,False,,,,,
991,48,auto,1450,284,1919,996,1627,585,1762,708,0.66,12.7,False,,,,,
991,73,car,528,315,1074,705,613,591,741,634,0.648,12.7,False,,,,,
992,73,car,493,315,1061,723,576,602,712,645,0.718,13.8,False,,,,,
992,48,auto,1450,284,1919,997,1630,585,1760,706,0.616,13.8,False,,,,,
992,48,auto,1450,284,1919,997,1634,586,1755,672,0.497,13.8,False,,,,,
993,73,car,454,311,1051,732,540,612,678,657,0.714,13.8,False,,,,,
993,48,auto,1449,284,1919,996,1629,585,1762,708,0.663,13.8,False,,,,,
994,73,car,412,311,1035,748,496,622,641,671,0.712,14.3,False,,,,,
994,48,auto,1451,285,1919,996,1628,584,1762,709,0.669,14.3,False,,,,,
995,73,car,365,309,1022,767,449,637,595,685,0.737,14,False,,,,,
995,48,auto,1449,285,1919,996,1630,585,1762,708,0.661,14,False,,,,,
996,73,car,309,307,1008,788,399,652,551,701,0.627,14.4,False,,,,,
996,48,auto,1448,284,1919,997,1632,586,1760,707,0.589,14.4,False,,,,,
996,48,auto,1448,284,1919,997,1635,587,1756,675,0.393,14.4,False,,,,,
997,73,car,252,305,993,815,338,668,501,724,0.737,14.5,False,,,,,
997,48,auto,1449,285,1919,997,1630,585,1760,707,0.611,14.5,False,,,,,
998,73,car,186,302,979,839,273,687,441,744,0.736,14.2,False,,,,,
998,48,auto,1448,285,1919,997,1628,585,1759,707,0.632,14.2,False,,,,,
999,73,car,120,301,961,862,201,706,377,770,0.753,14,False,,,,,
999,48,auto,1451,285,1919,997,1628,585,1761,708,0.654,14,False,,,,,
1000,73,car,33,298,941,898,117,732,300,797,0.744,17.7,False,,,,,
1000,48,auto,1450,286,1919,998,1636,584,1758,683,0.559,17.7,False,,,,,
1000,76,auto,1450,286,1919,998,1825,624,1919,744,0.267,17.7,True,,,,no_text,24.1
1001,73,car,2,294,923,937,20,754,215,829,0.802,14.8,False,,,,,
1001,48,auto,1448,285,1919,997,1635,586,1759,692,0.612,14.8,False,,,,,
1002,48,auto,1448,285,1919,997,1636,585,1759,696,0.591,13.6,False,,,,,
1003,48,auto,1448,286,1919,998,1636,584,1761,689,0.473,14.3,False,,,,,
1004,48,auto,1448,285,1919,999,1640,588,1759,675,0.413,20.8,False,,,,,
1005,48,auto,1448,285,1919,998,1637,585,1760,689,0.45,26.9,False,,,,,
1006,48,auto,1448,285,1919,998,1632,585,1762,708,0.602,15.4,False,,,,,
1007,77,auto,1451,286,1920,998,1825,605,1919,744,0.335,15.1,True,,,,no_text,24.2
1008,77,auto,1453,287,1919,998,1824,600,1919,744,0.311,15.1,True,,,,no_text,18.4
1010,78,auto,1451,286,1919,998,1635,586,1762,707,0.34,14.5,True,TN03D9766,0.986,TN03D9766,accepted,182.9
1010,79,car,1069,342,1212,456,1103,414,1142,433,0.331,14.5,True,,,,no_text,24.7
1011,78,auto,1453,286,1920,998,1636,585,1764,709,0.435,15.7,False,,,,,
1011,77,auto,1453,286,1920,998,1824,609,1919,745,0.275,15.7,True,,,,no_text,21.8
1011,79,car,1066,343,1209,456,1103,414,1141,433,0.272,15.7,True,,,,no_text,23.4
1012,78,auto,1455,287,1919,998,1644,587,1759,663,0.531,14.8,False,,,,,
1012,79,car,1062,344,1207,457,1097,416,1136,433,0.37,14.8,True,,,,no_text,25.9
1013,78,auto,1451,285,1920,997,1645,589,1757,662,0.44,14.8,False,,,,,
1013,78,auto,1451,285,1920,997,1645,587,1763,696,0.377,14.8,False,,,,,
1013,79,car,1057,344,1204,458,1095,414,1131,432,0.28,14.8,True,,,,no_text,28.2
1014,78,auto,1448,285,1919,997,1640,584,1764,709,0.407,16,False,,,,,
1014,78,auto,1448,285,1919,997,1641,586,1759,670,0.347,16,False,,,,,
1014,79,car,1052,342,1200,458,1088,415,1124,432,0.275,16,True,,,,no_text,28.2
1014,77,auto,1448,285,1919,997,1828,607,1920,742,0.252,16,True,,,,no_text,16
1015,78,auto,1446,286,1920,998,1635,585,1765,710,0.527,15.1,False,,,,,
1015,77,auto,1446,286,1920,998,1824,602,1919,743,0.261,15.1,True,,,,no_text,17
1016,79,car,1043,346,1194,462,1078,417,1114,432,0.379,14.4,True,,,,no_text,27.2
1016,78,auto,1451,287,1920,998,1637,584,1763,708,0.372,14.4,False,,,,,
1016,77,auto,1451,287,1920,998,1826,610,1919,743,0.337,14.4,True,,,,no_text,15.4
1016,78,auto,1451,287,1920,998,1642,588,1758,669,0.275,14.4,False,,,,,
1017,78,auto,1451,286,1919,998,1645,589,1757,661,0.462,15.2,False,,,,,
1017,79,car,1036,346,1191,463,1075,419,1114,433,0.397,15.2,True,,,,no_text,29.3
1017,78,auto,1451,286,1919,998,1645,587,1763,691,0.333,15.2,False,,,,,
1018,78,auto,1449,285,1920,997,1649,588,1764,675,0.551,14.3,False,,,,,
1019,78,auto,1449,285,1920,997,1648,588,1763,677,0.503,13.7,False,,,,,
1020,78,auto,1451,286,1920,998,1644,588,1759,660,0.521,13.5,False,,,,,
1020,78,auto,1451,286,1920,998,1644,585,1763,692,0.4,13.5,False,,,,,
1021,80,car,1009,341,1178,469,1048,421,1091,439,0.409,13,True,,,,no_text,26.7
1021,78,auto,1452,284,1920,997,1650,587,1763,670,0.34,13,False,,,,,
1021,78,auto,1452,284,1920,997,1644,585,1764,705,0.295,13,False,,,,,
1022,80,car,1003,344,1173,473,1043,425,1088,442,0.57,14.5,True,,,,no_text,74.3
1022,78,auto,1452,288,1920,998,1644,589,1758,664,0.394,14.5,False,,,,,
1022,78,auto,1452,288,1920,998,1640,585,1763,708,0.385,14.5,False,,,,,
1023,80,car,996,346,1170,474,1036,425,1083,442,0.642,14.9,True,,,,no_text,85.2
1023,78,auto,1452,286,1919,998,1645,589,1757,662,0.509,14.9,False,,,,,
1023,78,auto,1452,286,1919,998,1644,587,1761,696,0.371,14.9,False,,,,,
1024,80,car,988,344,1168,476,1027,425,1073,443,0.631,19,True,,,,no_text,31.8
1024,78,auto,1449,285,1920,996,1651,589,1761,665,0.484,19,False,,,,,
1024,78,auto,1449,285,1920,996,1648,588,1762,697,0.396,19,False,,,,,
1025,80,car,979,344,1162,479,1020,430,1067,446,0.685,14.7,True,,,,no_text,97.2
1025,78,auto,1452,284,1920,998,1649,588,1764,672,0.601,14.7,False,,,,,
1025,78,auto,1452,284,1920,998,1642,587,1765,705,0.514,14.7,False,,,,,
1026,80,car,969,345,1158,479,1011,430,1058,448,0.566,15.4,True,,,,no_text,29.2
1026,78,auto,1449,286,1920,998,1645,589,1758,661,0.448,15.4,False,,,,,
1026,78,auto,1449,286,1920,998,1644,587,1762,692,0.252,15.4,False,,,,,
1027,80,car,964,341,1152,481,1008,430,1052,449,0.52,14.5,True,,,,no_text,27
1027,78,auto,1448,284,1919,996,1644,585,1759,661,0.486,14.5,False,,,,,
1027,78,auto,1448,284,1919,996,1642,584,1763,691,0.288,14.5,False,,,,,
1028,80,car,958,342,1147,482,999,431,1046,450,0.508,16.7,True,,,,no_text,29.1
1028,78,auto,1451,284,1919,998,1649,586,1763,670,0.394,16.7,False,,,,,
1028,78,auto,1451,284,1919,998,1645,585,1764,701,0.38,16.7,False,,,,,
1029,78,auto,1451,283,1919,998,1642,585,1766,707,0.473,15,False,,,,,
1029,80,car,951,342,1145,485,992,431,1041,451,0.412,15,True,,,,no_text,84.6
1029,78,auto,1451,283,1919,998,1644,587,1762,672,0.325,15,False,,,,,
1029,80,car,951,342,1145,485,994,436,1042,456,0.302,15,True,,,,no_text,113
1030,80,car,940,346,1142,488,985,437,1036,456,0.565,20.9,True,,,,no_text,107.8
1030,78,auto,1451,285,1919,997,1645,589,1758,662,0.558,20.9,False,,,,,
1030,78,auto,1451,285,1919,997,1645,587,1762,690,0.457,20.9,False,,,,,
1031,80,car,931,344,1137,490,976,435,1023,456,0.546,31.1,True,,,,no_text,94.9
1031,78,auto,1449,283,1919,996,1646,587,1759,662,0.281,31.1,False,,,,,
1032,80,car,923,345,1131,492,968,438,1021,457,0.657,16.5,True,,,,no_text,107.6
1032,78,auto,1451,283,1920,997,1649,589,1762,668,0.459,16.5,False,,,,,
1033,80,car,914,344,1124,495,960,443,1014,461,0.545,28.9,True,,,,no_text,121.8
1033,78,auto,1450,284,1919,996,1649,585,1765,678,0.517,28.9,False,,,,,
1034,80,car,909,344,1121,498,952,441,1006,460,0.663,32.1,True,,,,no_text,101.8
1034,78,auto,1450,284,1920,997,1649,588,1763,672,0.474,32.1,False,,,,,
1034,78,auto,1450,284,1920,997,1643,587,1764,702,0.406,32.1,False,,,,,
1035,80,car,896,345,1119,501,943,443,1001,464,0.676,25.3,True,,,,no_text,103.1
1035,78,auto,1449,285,1920,997,1648,588,1761,667,0.585,25.3,False,,,,,
1035,78,auto,1449,285,1920,997,1643,587,1762,696,0.471,25.3,False,,,,,
1036,80,car,891,344,1113,502,933,443,993,463,0.691,30.9,True,,,,no_text,102.7
1036,78,auto,1452,284,1920,996,1649,588,1763,671,0.53,30.9,False,,,,,
1037,80,car,877,344,1109,504,923,445,983,464,0.683,20.2,True,,,,no_text,107.3
1037,78,auto,1450,284,1920,996,1649,588,1763,671,0.481,20.2,False,,,,,
1037,78,auto,1450,284,1920,996,1645,587,1764,702,0.424,20.2,False,,,,,
1038,80,car,869,342,1103,508,916,447,973,467,0.696,28.7,True,,,,no_text,96.9
1038,78,auto,1451,284,1919,996,1649,588,1763,674,0.507,28.7,False,,,,,
1039,80,car,860,343,1096,510,907,449,964,468,0.725,16.7,True,,,,no_text,104.1
1039,78,auto,1453,285,1920,996,1647,587,1762,675,0.528,16.7,False,,,,,
1039,78,auto,1453,285,1920,996,1641,586,1763,704,0.479,16.7,False,,,,,
1040,80,car,848,341,1091,514,893,452,952,471,0.706,28.2,True,,,,no_text,111.1
1040,78,auto,1453,287,1920,996,1637,586,1763,708,0.456,28.2,False,,,,,
1040,78,auto,1453,287,1920,996,1642,589,1757,672,0.333,28.2,False,,,,,
1040,81,auto,1453,287,1920,996,1827,610,1920,742,0.276,28.2,True,,,,no_text,30.1
1041,80,car,835,342,1085,517,886,455,945,475,0.669,36,True,N,0.754,,rejected,145.2
1041,78,auto,1453,287,1920,996,1638,586,1762,707,0.378,36,False,,,,,
1041,78,auto,1453,287,1920,996,1647,588,1760,680,0.337,36,False,,,,,
1041,81,auto,1453,287,1920,996,1826,611,1920,743,0.277,36,True,,,,no_text,86.4
1042,80,car,823,345,1079,520,873,455,934,478,0.576,26.8,False,,,,,
1042,78,auto,1453,287,1920,997,1644,588,1757,664,0.475,26.8,False,,,,,
1042,78,auto,1453,287,1920,997,1642,585,1762,695,0.371,26.8,False,,,,,
1043,80,car,811,343,1074,522,863,457,926,480,0.644,28.7,False,,,,,
1043,78,auto,1454,285,1920,996,1645,586,1760,658,0.406,28.7,False,,,,,
1044,80,car,796,340,1068,526,848,457,914,482,0.689,24.9,False,,,,,
1044,78,auto,1453,284,1920,996,1645,586,1758,659,0.403,24.9,False,,,,,
1044,78,auto,1453,284,1920,996,1646,584,1764,700,0.288,24.9,False,,,,,
1045,80,car,781,338,1062,530,837,460,902,484,0.714,28.6,False,,,,,
1045,78,auto,1452,285,1920,995,1650,586,1762,669,0.403,28.6,False,,,,,
1045,78,auto,1452,285,1920,995,1644,584,1763,705,0.315,28.6,False,,,,,
1046,80,car,771,338,1057,534,823,464,892,489,0.697,16.5,False,,,,,
1046,78,auto,1453,286,1920,995,1650,589,1761,664,0.498,16.5,False,,,,,
1046,78,auto,1453,286,1920,995,1646,588,1763,695,0.433,16.5,False,,,,,
1047,80,car,757,341,1050,539,808,468,880,492,0.723,18.7,False,,,,,
1047,78,auto,1455,287,1920,995,1646,589,1755,657,0.524,18.7,False,,,,,
1047,78,auto,1455,287,1920,995,1647,588,1761,688,0.399,18.7,False,,,,,
1048,80,car,738,338,1043,543,793,470,863,493,0.656,16.5,False,,,,,
1048,78,auto,1454,285,1920,995,1644,587,1764,705,0.488,16.5,False,,,,,
1048,78,auto,1454,285,1920,995,1649,588,1763,675,0.472,16.5,False,,,,,
1049,80,car,723,337,1033,547,777,472,851,496,0.683,16.2,False,,,,,
1049,78,auto,1453,286,1920,995,1638,586,1764,709,0.531,16.2,False,,,,,
1049,78,auto,1453,286,1920,995,1641,587,1758,673,0.326,16.2,False,,,,,
1050,80,car,705,337,1025,551,762,476,834,499,0.733,29.4,False,,,,,
1050,78,auto,1455,285,1920,995,1644,586,1756,655,0.34,29.4,False,,,,,
1050,82,auto,1455,285,1920,995,1830,604,1920,738,0.296,29.4,True,,,,no_text,33.8
1051,80,car,684,339,1018,557,744,480,816,504,0.578,30.8,False,,,,,
1051,78,auto,1453,286,1919,996,1638,585,1764,709,0.507,30.8,False,,,,,
1052,80,car,670,340,1010,563,727,483,802,509,0.732,28,False,,,,,
1052,78,auto,1455,287,1919,996,1650,587,1764,668,0.465,28,False,,,,,
1053,80,car,650,338,1002,567,710,486,785,510,0.736,28.2,False,,,,,
1053,78,auto,1457,286,1919,996,1645,585,1760,658,0.561,28.2,False,,,,,
1053,78,auto,1457,286,1919,996,1644,583,1762,689,0.37,28.2,False,,,,,
1054,80,car,627,339,990,573,686,492,767,517,0.734,27.8,False,,,,,
1054,78,auto,1457,288,1919,996,1641,587,1764,708,0.594,27.8,False,,,,,
1054,78,auto,1457,288,1919,996,1642,588,1758,674,0.418,27.8,False,,,,,
1055,80,car,581,340,972,586,642,501,724,528,0.753,21.5,False,,,,,
1055,78,auto,1457,289,1920,995,1645,587,1758,658,0.519,21.5,False,,,,,
1055,78,auto,1457,289,1920,995,1646,586,1763,700,0.368,21.5,False,,,,,
1055,83,auto,1457,289,1920,995,1827,606,1920,741,0.254,21.5,True,,,,no_text,79.8
1056,80,car,554,337,961,592,618,505,704,533,0.713,31.9,False,,,,,
1056,78,auto,1457,288,1919,995,1650,587,1763,664,0.563,31.9,False,,,,,
1056,78,auto,1457,288,1919,995,1648,586,1764,695,0.441,31.9,False,,,,,
1057,80,car,502,336,940,611,563,517,656,545,0.708,24.3,False,,,,,
1057,78,auto,1457,289,1920,996,1646,587,1759,674,0.401,24.3,False,,,,,
1057,78,auto,1457,289,1920,996,1638,585,1761,705,0.396,24.3,False,,,,,
1057,83,auto,1457,289,1920,996,1828,611,1920,742,0.292,24.3,True,,,,no_text,26.3
1058,80,car,469,335,925,619,534,520,624,550,0.762,29.5,False,,,,,
1058,78,auto,1457,289,1920,996,1649,588,1762,666,0.524,29.5,False,,,,,
1058,78,auto,1457,289,1920,996,1645,586,1763,699,0.44,29.5,False,,,,,
1058,83,auto,1457,289,1920,996,1826,603,1920,743,0.309,29.5,True,,,,no_text,31.3
1059,80,car,434,334,914,626,503,527,595,555,0.731,31.3,False,,,,,
1059,78,auto,1458,289,1920,996,1646,588,1758,659,0.616,31.3,False,,,,,
1059,78,auto,1458,289,1920,996,1647,586,1763,691,0.417,31.3,False,,,,,
1060,80,car,403,335,898,637,469,533,566,563,0.718,28.1,False,,,,,
1060,78,auto,1458,290,1919,997,1648,587,1761,665,0.644,28.1,False,,,,,
1061,80,car,364,334,884,649,430,542,531,572,0.747,32.3,False,,,,,
1061,78,auto,1457,290,1919,999,1649,586,1762,669,0.547,32.3,False,,,,,
1062,80,car,322,330,873,660,390,547,495,579,0.704,40.3,False,,,,,
1062,78,auto,1457,291,1919,999,1648,587,1762,667,0.602,40.3,False,,,,,
1063,80,car,230,331,836,683,298,563,408,598,0.781,26.9,False,,,,,
1063,78,auto,1457,289,1920,998,1643,587,1757,664,0.562,26.9,False,,,,,
1063,78,auto,1457,289,1920,998,1640,583,1762,700,0.419,26.9,False,,,,,
1063,84,auto,1457,289,1920,998,1828,605,1920,742,0.318,26.9,True,,,,no_text,27.6
1064,80,car,172,331,816,700,244,575,362,610,0.781,26.2,False,,,,,
1064,78,auto,1457,292,1919,999,1645,587,1757,665,0.651,26.2,False,,,,,
1065,80,car,48,329,776,729,121,594,250,633,0.816,26.8,False,,,,,
1065,78,auto,1456,289,1919,998,1645,588,1759,665,0.595,26.8,False,,,,,
1065,78,auto,1456,289,1919,998,1644,585,1762,694,0.428,26.8,False,,,,,
1066,80,car,0,331,754,747,51,609,185,649,0.796,28.8,False,,,,,
1066,78,auto,1457,291,1919,999,1645,587,1758,666,0.629,28.8,False,,,,,
1067,80,car,0,331,731,764,0,625,112,665,0.779,27.9,False,,,,,
1067,78,auto,1457,290,1919,998,1648,585,1761,675,0.602,27.9,False,,,,,
1068,80,car,0,326,702,790,0,640,30,685,0.683,28.5,False,,,,,
1068,78,auto,1457,291,1920,999,1648,584,1762,676,0.604,28.5,False,,,,,
1069,78,auto,1457,291,1920,999,1648,588,1761,673,0.616,26.7,False,,,,,
1070,78,auto,1456,290,1920,998,1649,589,1762,671,0.614,27.8,False,,,,,
1071,78,auto,1457,290,1920,999,1648,590,1761,679,0.648,25.3,False,,,,,
1071,85,auto,1457,290,1920,999,1832,622,1920,751,0.296,25.3,True,,,,no_text,28.4
1071,78,auto,1457,290,1920,999,1621,592,1763,707,0.261,25.3,False,,,,,
1072,78,auto,1456,290,1920,999,1640,590,1760,688,0.632,27.7,False,,,,,
1072,78,auto,1456,290,1920,999,1618,591,1764,707,0.291,27.7,False,,,,,
1073,78,auto,1456,290,1920,1000,1640,592,1757,685,0.643,27.9,False,,,,,
1073,85,auto,1456,290,1920,1000,1831,631,1920,750,0.264,27.9,True,2020,0.594,,rejected,76.3
1073,78,auto,1456,290,1920,1000,1621,593,1760,706,0.251,27.9,False,,,,,
1074,78,auto,1458,290,1920,999,1647,588,1762,679,0.688,30.1,False,,,,,
1074,85,auto,1458,290,1920,999,1830,610,1920,749,0.301,30.1,False,,,,,
1074,78,auto,1458,290,1920,999,1619,591,1763,706,0.258,30.1,False,,,,,
1075,78,auto,1456,288,1920,1000,1639,590,1760,692,0.662,16.1,False,,,,,
1076,78,auto,1455,289,1920,1000,1641,590,1761,687,0.581,22.5,False,,,,,
1077,78,auto,1455,289,1919,1000,1644,590,1763,703,0.544,17,False,,,,,
1078,78,auto,1454,289,1920,1001,1648,589,1762,684,0.542,19.1,False,,,,,
1078,86,auto,1454,289,1920,1001,1831,613,1920,750,0.255,19.1,True,,,,no_text,28.6
1079,78,auto,1454,288,1919,1002,1650,590,1759,671,0.457,30.6,False,,,,,
1080,78,auto,1452,288,1919,1002,1644,589,1756,667,0.447,28.3,False,,,,,
1081,78,auto,1450,290,1919,1000,1640,587,1764,705,0.487,20.6,False,,,,,
1082,78,auto,1452,289,1919,1001,1638,591,1759,694,0.567,28.4,False,,,,,
1083,78,auto,1451,289,1919,1001,1643,588,1763,703,0.546,29.8,False,,,,,
1084,78,auto,1451,290,1919,1001,1644,590,1761,700,0.452,33.8,False,,,,,
1085,78,auto,1452,289,1919,1000,1648,588,1763,677,0.494,35,False,,,,,
1086,78,auto,1452,289,1919,1001,1644,590,1757,666,0.361,33.4,False,,,,,
1087,78,auto,1449,290,1919,1001,1643,589,1755,665,0.452,34.8,False,,,,,
1088,78,auto,1449,289,1919,999,1641,587,1763,700,0.5,33.2,False,,,,,
1089,78,auto,1450,289,1919,1000,1644,590,1755,667,0.505,35.9,False,,,,,
1090,78,auto,1448,289,1919,1000,1646,592,1755,662,0.487,31.4,False,,,,,
1090,87,auto,1448,289,1919,1000,1833,651,1920,752,0.266,31.4,True,,,,no_text,40.6
1091,78,auto,1447,288,1920,999,1651,588,1764,684,0.446,28.7,False,,,,,
1092,78,auto,1449,289,1919,1000,1647,590,1759,668,0.544,25.4,False,,,,,
1093,78,auto,1448,290,1919,1001,1645,589,1761,682,0.626,23.5,False,,,,,
1094,78,auto,1446,290,1919,1001,1648,591,1758,667,0.611,22.5,False,,,,,
1095,78,auto,1447,289,1920,1001,1647,590,1757,664,0.525,19.5,False,,,,,
1096,78,auto,1448,290,1920,1002,1649,593,1756,665,0.435,17.1,False,,,,,
1096,88,auto,1448,290,1920,1002,1833,686,1919,753,0.275,17.1,True,LPG,0.964,,rejected,100.4
1097,78,auto,1436,292,1920,1002,1648,592,1757,666,0.498,17,False,,,,,
1098,78,auto,1441,290,1920,1002,1651,591,1757,664,0.406,16.6,False,,,,,
1099,78,auto,1435,290,1920,1003,1652,591,1758,663,0.397,17.3,False,,,,,
1100,78,auto,1434,292,1920,1003,1652,591,1759,667,0.316,15.9,False,,,,,
1101,78,auto,1436,291,1920,1004,1652,592,1758,664,0.29,16.6,False,,,,,
1101,89,auto,1436,291,1920,1004,1831,691,1919,753,0.256,16.6,True,LPG,0.989,,rejected,66.6
1102,78,auto,1446,291,1920,1003,1646,592,1760,684,0.542,16.9,False,,,,,
1102,89,auto,1446,291,1920,1003,1835,686,1919,754,0.296,16.9,False,,,,,
1103,78,auto,1448,290,1920,1004,1648,592,1761,687,0.562,16.6,False,,,,,
1104,78,auto,1450,291,1920,1004,1649,595,1759,677,0.423,16.8,False,,,,,
1104,89,auto,1450,291,1920,1004,1830,679,1919,754,0.253,16.8,False,,,,,
1105,78,auto,1446,287,1919,1000,1649,593,1755,662,0.523,16.7,False,,,,,
1106,89,auto,1449,288,1919,1004,1830,691,1919,755,0.412,16.6,False,,,,,
1106,78,auto,1449,288,1919,1004,1651,590,1759,669,0.361,16.6,False,,,,,
1106,89,auto,1449,288,1919,1004,1830,633,1920,758,0.273,16.6,False,,,,,
1107,78,auto,1451,290,1920,1004,1648,594,1759,685,0.503,16.5,False,,,,,
1108,78,auto,1450,287,1920,1002,1648,592,1756,663,0.457,16.3,False,,,,,
1109,78,auto,1454,291,1920,1002,1652,591,1761,666,0.491,15.8,False,,,,,
1109,89,auto,1454,291,1920,1002,1831,687,1919,755,0.282,15.8,False,,,,,
1110,78,auto,1453,287,1919,1002,1649,593,1753,660,0.485,16.6,False,,,,,
1110,89,auto,1453,287,1919,1002,1833,689,1919,754,0.28,16.6,False,,,,,
1111,89,auto,1453,290,1920,1003,1830,686,1919,756,0.429,15.7,False,,,,,
1111,78,auto,1453,290,1920,1003,1645,595,1757,674,0.321,15.7,False,,,,,
1111,89,auto,1453,290,1920,1003,1830,631,1920,760,0.272,15.7,False,,,,,
1112,89,auto,1451,290,1920,1003,1830,684,1919,754,0.269,16.6,False,,,,,
1113,78,auto,1449,288,1920,1002,1641,591,1758,682,0.386,15.9,False,,,,,
1115,78,auto,1449,288,1920,1002,1646,593,1753,664,0.266,16.4,False,,,,,
1116,78,auto,1448,290,1919,1001,1637,590,1759,699,0.482,19.7,False,,,,,
1117,78,auto,1446,287,1919,1001,1644,591,1758,680,0.609,23.7,False,,,,,
1118,78,auto,1449,290,1920,1001,1640,591,1758,688,0.566,17.7,False,,,,,
1119,78,auto,1451,287,1919,1001,1642,590,1758,678,0.591,14.9,False,,,,,
1120,78,auto,1450,290,1920,1003,1647,593,1756,675,0.556,15.6,False,,,,,
1120,90,auto,1450,290,1920,1003,1832,688,1919,754,0.317,15.6,True,,,,no_text,27.2
1120,90,auto,1450,290,1920,1003,1828,616,1920,757,0.29,15.6,True,5402,0.965,,rejected,88.1
1121,78,auto,1452,288,1920,1002,1646,593,1752,663,0.341,15.8,False,,,,,
1123,78,auto,1449,294,1920,1002,1642,590,1754,683,0.573,14.9,False,,,,,
1124,78,auto,1449,288,1919,1001,1640,590,1751,673,0.425,14.7,False,,,,,
1124,91,car,1112,348,1245,454,1147,412,1179,432,0.274,14.7,True,,,,no_text,22.6
1125,78,auto,1448,292,1920,1003,1644,593,1751,670,0.597,15.2,False,,,,,
1126,78,auto,1449,290,1919,1005,1643,595,1751,674,0.641,15.4,False,,,,,
1126,91,car,1107,377,1243,449,1135,411,1170,432,0.315,15.4,True,,,,no_text,22.9
1126,92,auto,1449,290,1919,1005,1826,608,1919,754,0.269,15.4,True,,,,no_text,57.2
1126,92,auto,1449,290,1919,1005,1828,681,1919,749,0.253,15.4,True,,,,no_text,18.9
1127,78,auto,1448,292,1920,1001,1637,594,1747,666,0.596,15.8,False,,,,,
1127,91,car,1101,349,1240,456,1135,413,1170,432,0.348,15.8,True,,,,no_text,27.9
1128,78,auto,1446,292,1920,1002,1638,595,1742,664,0.575,15.6,False,,,,,
1128,91,car,1094,349,1237,456,1129,413,1163,432,0.318,15.6,True,,,,no_text,22.4
1129,78,auto,1446,292,1920,1002,1638,596,1741,662,0.608,15.4,False,,,,,
1129,91,car,1090,350,1232,458,1123,414,1161,432,0.42,15.4,True,,,,no_text,24.5
1129,92,auto,1446,292,1920,1002,1716,778,1840,844,0.293,15.4,True,,,,no_text,21.1
1130,78,auto,1447,292,1919,1001,1639,594,1742,660,0.515,15.3,False,,,,,
1130,91,car,1084,348,1230,458,1119,414,1157,432,0.457,15.3,True,,,,no_text,24.8
1131,78,auto,1446,293,1919,1001,1638,595,1741,663,0.529,15.7,False,,,,,
1132,78,auto,1447,293,1919,999,1637,593,1743,663,0.589,15,False,,,,,
1132,91,car,1076,347,1223,459,1114,415,1148,432,0.476,15,True,,,,no_text,24.5
1133,78,auto,1446,293,1920,1000,1637,594,1744,666,0.58,15.5,False,,,,,
1133,91,car,1070,348,1223,463,1107,417,1146,432,0.404,15.5,True,,,,no_text,70.7
1133,93,auto,1446,293,1920,1000,1705,767,1833,841,0.258,15.5,True,,,,no_text,21.3
1134,78,auto,1441,292,1919,999,1635,592,1739,663,0.656,15.8,False,,,,,
1134,91,car,1063,347,1219,463,1100,417,1141,432,0.416,15.8,True,,,,no_text,32.8
1134,93,auto,1441,292,1919,999,1699,766,1831,840,0.403,15.8,True,,,,no_text,22.9
1135,78,auto,1436,289,1919,1001,1631,592,1738,669,0.64,15.4,False,,,,,
1135,91,car,1056,346,1215,463,1098,420,1136,434,0.322,15.4,True,,,,no_text,71.1
1135,93,auto,1436,289,1919,1001,1699,768,1828,839,0.316,15.4,True,,,,no_text,22.2
1136,78,auto,1436,292,1919,1000,1631,595,1737,659,0.588,15.5,False,,,,,
1136,91,car,1052,347,1213,467,1092,419,1131,433,0.352,15.5,True,,,,no_text,37.3
1137,78,auto,1433,291,1919,1001,1629,595,1735,661,0.707,17.1,False,,,,,
1137,91,car,1046,349,1208,466,1084,420,1126,436,0.277,17.1,True,,,,no_text,39.7
1138,78,auto,1432,291,1919,1001,1628,595,1735,660,0.725,16,False,,,,,
1138,91,car,1039,347,1205,470,1078,421,1118,440,0.422,16,True,,,,no_text,25.7
1139,78,auto,1432,292,1919,999,1627,595,1736,661,0.739,15.2,False,,,,,
1139,91,car,1033,347,1200,472,1073,424,1111,440,0.36,15.2,True,,,,no_text,28.4
1140,78,auto,1432,293,1919,1000,1623,593,1733,668,0.776,15.5,False,,,,,
1140,91,car,1010,348,1186,477,1048,427,1092,445,0.534,15.5,True,,,,no_text,35.2
1141,78,auto,1433,294,1919,1000,1623,593,1733,671,0.755,15.6,False,,,,,
1141,91,car,1003,347,1183,478,1045,429,1089,446,0.536,15.6,True,,,,no_text,84.9
1142,78,auto,1430,293,1919,1000,1621,592,1732,673,0.719,15.8,False,,,,,
1142,91,car,996,346,1179,480,1036,429,1075,447,0.579,15.8,True,,,,no_text,24.9
1143,78,auto,1430,294,1919,1000,1618,591,1733,681,0.739,15.5,False,,,,,
1143,91,car,987,347,1174,482,1030,431,1072,449,0.546,15.5,True,,,,no_text,26
1144,78,auto,1431,293,1919,1000,1620,593,1734,674,0.74,15.3,False,,,,,
1144,91,car,981,347,1172,485,1023,431,1070,450,0.51,15.3,True,,,,no_text,71.7
1145,78,auto,1433,293,1919,1001,1624,594,1731,670,0.714,15.8,False,,,,,
1145,91,car,975,347,1170,487,1018,431,1066,452,0.433,15.8,True,,,,no_text,26.9
1145,91,car,975,347,1170,487,1019,434,1070,456,0.257,15.8,True,,,,no_text,69.8
1146,78,auto,1432,293,1919,1001,1619,592,1734,681,0.759,15.8,False,,,,,
1146,91,car,970,347,1166,486,1012,431,1062,452,0.482,15.8,True,,,,no_text,27.6
1147,78,auto,1434,293,1919,1000,1623,594,1734,670,0.75,15.9,False,,,,,
1147,91,car,965,347,1163,489,1004,437,1056,456,0.451,15.9,True,,,,no_text,72.8
1147,91,car,965,347,1163,489,1009,431,1057,454,0.27,15.9,True,,,,no_text,30.2
1148,78,auto,1434,292,1919,1001,1623,595,1734,671,0.745,17.5,False,,,,,
1148,91,car,956,348,1158,492,999,438,1052,456,0.584,17.5,True,,,,no_text,29
1149,78,auto,1433,292,1919,1001,1622,594,1734,672,0.755,16.9,False,,,,,
1149,91,car,946,349,1155,493,990,440,1044,458,0.454,16.9,True,,,,no_text,73.5
1150,78,auto,1431,291,1919,1001,1622,592,1732,670,0.716,17,False,,,,,
1150,91,car,940,347,1152,494,986,439,1037,459,0.516,17,True,,,,no_text,27.3
1151,78,auto,1433,292,1919,1000,1622,593,1732,669,0.764,16.9,False,,,,,
1151,91,car,932,347,1148,498,981,441,1031,460,0.489,16.9,True,,,,no_text,91.2
1152,78,auto,1435,292,1919,1000,1621,592,1734,672,0.753,17.8,False,,,,,
1152,91,car,923,347,1144,502,966,444,1021,463,0.522,17.8,True,,,,no_text,32.3
1153,78,auto,1436,293,1919,1000,1622,593,1734,670,0.746,17.2,False,,,,,
1153,91,car,914,347,1139,504,962,444,1013,464,0.496,17.2,True,,,,no_text,69.1
1154,78,auto,1434,293,1919,1001,1621,591,1734,673,0.744,17.8,False,,,,,
1154,91,car,903,345,1133,506,952,446,1010,467,0.534,17.8,True,,,,no_text,70.9
1155,78,auto,1433,292,1919,1001,1620,592,1732,675,0.747,17.3,False,,,,,
1155,91,car,894,346,1129,510,937,447,999,469,0.532,17.3,True,,,,no_text,28.2
1156,78,auto,1437,292,1919,1000,1624,594,1734,669,0.746,17,False,,,,,
1156,91,car,885,347,1125,514,934,452,995,473,0.621,17,True,,,,no_text,75.2
1157,91,car,822,345,1097,528,875,460,942,484,0.749,17.3,True,DTN03CS1012,0.688,TN03CS1012,accepted,70.4
1157,78,auto,1432,292,1919,1001,1616,589,1735,680,0.724,17.3,False,,,,,
1157,94,auto,1432,292,1919,1001,1702,772,1819,841,0.26,17.3,True,,,,no_text,21.7
1158,91,car,809,342,1089,530,865,462,935,485,0.688,17.2,False,,,,,
1158,78,auto,1429,289,1919,1000,1623,591,1733,676,0.595,17.2,False,,,,,
1158,95,car,1152,332,1309,481,1198,428,1240,442,0.291,17.2,True,,,,no_text,31.7
1159,91,car,795,346,1083,536,852,467,921,490,0.706,16.5,False,,,,,
1159,78,auto,1430,291,1919,1001,1618,590,1732,680,0.684,16.5,False,,,,,
1160,91,car,780,344,1078,541,836,467,909,493,0.7,17.3,False,,,,,
1160,78,auto,1430,291,1919,1001,1620,592,1733,674,0.657,17.3,False,,,,,
1161,91,car,767,344,1070,546,823,472,900,498,0.718,16.9,False,,,,,
1161,78,auto,1431,291,1919,1002,1619,592,1733,677,0.677,16.9,False,,,,,
1161,95,car,1138,336,1306,490,1187,437,1237,456,0.439,16.9,True,,,,no_text,72.4
1162,78,auto,1429,291,1919,1002,1621,593,1732,674,0.707,17.2,False,,,,,
1162,91,car,749,342,1060,551,809,475,884,501,0.706,17.2,False,,,,,
1162,95,car,1134,335,1305,493,1187,440,1234,456,0.414,17.2,True,,,,no_text,78.6
1163,91,car,733,344,1054,556,796,482,870,506,0.723,17.3,False,,,,,
1163,78,auto,1431,295,1919,1002,1619,594,1732,678,0.682,17.3,False,,,,,
1163,95,car,1130,336,1303,497,1182,443,1232,459,0.464,17.3,True,,,,no_text,70.4
1164,91,car,717,340,1046,561,777,483,852,508,0.729,17.4,False,,,,,
1164,78,auto,1432,292,1919,1001,1622,593,1731,670,0.578,17.4,False,,,,,
1164,95,car,1126,334,1302,498,1176,443,1229,460,0.529,17.4,True,,,,no_text,71.6
1165,91,car,696,343,1037,569,761,490,842,513,0.706,17.5,False,,,,,
1165,78,auto,1432,292,1919,1001,1618,592,1734,680,0.676,17.5,False,,,,,
1165,95,car,1123,335,1300,502,1170,445,1222,461,0.401,17.5,True,SOSTSTON,0.55,,rejected,94.7
1166,78,auto,1431,291,1919,1001,1619,592,1734,677,0.727,17.8,False,,,,,
1166,91,car,675,341,1032,573,740,493,825,518,0.698,17.8,False,,,,,
1166,95,car,1118,333,1300,504,1168,445,1219,463,0.431,17.8,False,,,,,
1167,91,car,658,339,1024,581,718,496,807,524,0.74,17,False,,,,,
1167,78,auto,1430,292,1919,1001,1619,591,1734,679,0.738,17,False,,,,,
1167,95,car,1112,332,1298,506,1165,446,1215,464,0.465,17,False,,,,,
1168,78,auto,1430,292,1919,1001,1620,593,1733,675,0.71,16.9,False,,,,,
1168,91,car,632,340,1015,589,699,501,785,529,0.694,16.9,False,,,,,
1168,95,car,1109,331,1296,511,1163,447,1214,466,0.558,16.9,False,,,,,
1169,78,auto,1431,291,1919,1000,1618,592,1734,678,0.74,16.9,False,,,,,
1169,91,car,583,338,997,602,653,511,743,539,0.695,16.9,False,,,,,
1169,95,car,1096,330,1294,517,1154,447,1210,467,0.372,16.9,False,,,,,
1170,78,auto,1431,292,1919,1001,1618,591,1735,681,0.727,16.6,False,,,,,
1170,91,car,562,336,986,612,626,516,722,547,0.688,16.6,False,,,,,
1170,95,car,1090,330,1293,519,1144,450,1204,471,0.6,16.6,False,,,,,
1171,78,auto,1430,294,1919,1001,1618,590,1734,677,0.706,16.4,False,,,,,
1171,95,car,1109,333,1302,494,1141,453,1203,473,0.586,16.4,False,,,,,
1171,91,car,524,332,976,621,600,519,695,553,0.568,16.4,False,,,,,
1172,78,auto,1432,293,1919,1001,1619,594,1733,676,0.7,16.9,False,,,,,
1172,91,car,501,336,965,629,573,528,669,563,0.628,16.9,False,,,,,
1172,95,car,1076,329,1290,529,1134,460,1198,480,0.421,16.9,False,,,,,
1173,78,auto,1432,293,1918,1000,1618,592,1734,679,0.721,16.4,False,,,,,
1173,91,car,467,333,952,638,540,534,640,568,0.703,16.4,False,,,,,
1173,95,car,1067,326,1287,532,1129,459,1195,481,0.628,16.4,False,,,,,
1174,78,auto,1431,293,1919,1000,1620,593,1734,674,0.703,16.3,False,,,,,
1174,95,car,1061,326,1284,536,1121,461,1190,484,0.676,16.3,False,,,,,
1174,91,car,427,333,940,651,503,543,609,577,0.646,16.3,False,,,,,
1175,91,car,356,332,914,673,427,561,539,596,0.696,15.4,False,,,,,
1175,78,auto,1432,293,1919,1000,1620,594,1732,673,0.687,15.4,False,,,,,
1175,95,car,1044,326,1281,545,1108,468,1179,490,0.602,15.4,False,,,,,
1176,78,auto,1433,295,1918,1000,1619,594,1732,673,0.696,16.1,False,,,,,
1176,91,car,303,332,895,688,380,566,495,604,0.673,16.1,False,,,,,
1176,95,car,1037,328,1280,552,1101,470,1174,494,0.651,16.1,False,,,,,
1177,91,car,258,326,880,705,331,577,450,615,0.752,16.2,False,,,,,
1177,78,auto,1432,293,1919,1001,1621,592,1734,672,0.736,16.2,False,,,,,
1177,95,car,1029,324,1276,556,1093,471,1168,495,0.69,16.2,False,,,,,
1178,91,car,79,325,824,753,155,615,289,654,0.779,15.5,False,,,,,
1178,78,auto,1433,290,1918,998,1624,594,1732,668,0.725,15.5,False,,,,,
1178,95,car,1000,322,1270,571,1071,483,1149,508,0.689,15.5,False,,,,,
1178,95,car,1000,322,1270,571,1008,448,1048,477,0.333,15.5,False,,,,,
1179,91,car,2,323,800,772,78,630,220,672,0.75,15.9,False,,,,,
1179,78,auto,1434,293,1919,1000,1623,594,1733,671,0.729,15.9,False,,,,,
1179,95,car,985,322,1269,580,1059,485,1140,513,0.651,15.9,False,,,,,
1180,91,car,0,320,776,800,0,645,144,695,0.762,16,False,,,,,
1180,78,auto,1433,294,1919,1000,1621,594,1733,674,0.731,16,False,,,,,
1180,95,car,975,320,1264,588,1049,491,1132,516,0.657,16,False,,,,,
1181,78,auto,1435,293,1919,1000,1623,594,1732,668,0.761,16,False,,,,,
1181,95,car,964,321,1261,594,1038,496,1125,523,0.734,16,False,,,,,
1181,91,car,0,319,749,833,0,668,53,723,0.613,16,False,,,,,
1182,78,auto,1435,292,1919,999,1624,595,1734,670,0.727,15.8,False,,,,,
1182,95,car,949,321,1258,602,1026,498,1115,529,0.703,15.8,False,,,,,
1183,78,auto,1436,289,1920,997,1624,594,1733,671,0.729,14.7,False,,,,,
1183,95,car,932,321,1254,612,1012,503,1105,534,0.683,14.7,False,,,,,
1184,78,auto,1433,292,1919,1000,1622,593,1732,668,0.759,14.7,False,,,,,
1184,95,car,916,319,1251,621,999,508,1096,539,0.703,14.7,False,,,,,
1184,96,auto,1433,292,1919,1000,1721,786,1820,840,0.279,14.7,True,,,,no_text,26
1185,95,car,884,320,1243,643,966,525,1070,556,0.733,15.3,False,,,,,
1185,78,auto,1435,293,1919,1000,1621,594,1732,670,0.713,15.3,False,,,,,
1186,95,car,864,319,1238,654,952,533,1057,566,0.773,15.1,False,,,,,
1186,78,auto,1436,294,1919,999,1624,596,1731,668,0.712,15.1,False,,,,,
1187,95,car,842,317,1234,666,930,543,1042,575,0.76,14.7,False,,,,,
1187,78,auto,1437,291,1919,998,1624,594,1733,671,0.699,14.7,False,,,,,
1188,95,car,816,313,1226,677,910,551,1027,584,0.783,15.7,False,,,,,
1188,78,auto,1438,291,1919,998,1624,594,1733,664,0.776,15.7,False,,,,,
1188,97,auto,1438,291,1919,998,1702,775,1821,840,0.268,15.7,True,,,,no_text,24.7
1189,78,auto,1437,292,1919,998,1624,593,1731,667,0.775,15.2,False,,,,,
1189,95,car,788,310,1225,693,885,562,1006,599,0.742,15.2,False,,,,,
1190,95,car,758,312,1217,712,860,575,988,610,0.768,15.1,False,,,,,
1190,78,auto,1437,293,1919,999,1625,594,1732,672,0.686,15.1,False,,,,,
1191,78,auto,1438,291,1919,999,1624,593,1732,665,0.756,15,False,,,,,
1191,95,car,722,309,1210,729,829,584,964,622,0.745,15,False,,,,,
1192,78,auto,1439,290,1919,997,1623,591,1733,671,0.793,15.2,False,,,,,
1192,95,car,644,306,1197,774,760,611,909,652,0.744,15.2,False,,,,,
1192,98,auto,1439,290,1919,997,1701,771,1822,840,0.459,15.2,True,,,,no_text,28.9
1193,78,auto,1440,290,1919,998,1624,593,1733,662,0.782,16.4,False,,,,,
1193,95,car,591,303,1191,801,728,625,879,672,0.726,16.4,False,,,,,
1193,98,auto,1440,290,1919,998,1702,768,1822,841,0.394,16.4,True,,,,no_text,27.8
1194,78,auto,1439,290,1919,998,1622,591,1732,669,0.777,17.2,False,,,,,
1194,95,car,540,301,1179,831,671,645,837,690,0.73,17.2,False,,,,,
1194,98,auto,1439,290,1919,998,1699,771,1823,840,0.425,17.2,True,,,,no_text,26.3
1195,95,car,478,298,1167,861,613,666,795,715,0.728,15.4,False,,,,,
1195,78,auto,1438,291,1919,996,1622,590,1733,675,0.724,15.4,False,,,,,
1196,78,auto,1439,290,1916,997,1623,593,1733,674,0.702,14.5,False,,,,,
1196,95,car,318,291,1143,947,468,725,682,792,0.658,14.5,False,,,,,
1197,78,auto,1437,288,1918,998,1624,594,1733,673,0.72,15,False,,,,,
1197,95,car,218,283,1130,1002,377,765,608,838,0.672,15,False,,,,,
1198,78,auto,1438,288,1919,998,1621,592,1733,674,0.745,14.7,False,,,,,
1198,95,car,102,277,1118,1065,259,809,513,898,0.553,14.7,False,,,,,
1199,78,auto,1439,290,1919,999,1620,591,1733,674,0.743,15.1,False,,,,,
1199,95,car,0,267,1109,1078,106,870,393,976,0.701,15.1,False,,,,,
1199,99,auto,1439,290,1919,999,1712,775,1818,840,0.27,15.1,True,,,,no_text,26.4
1200,78,auto,1438,287,1919,998,1624,593,1731,664,0.725,15.2,False,,,,,
1201,78,auto,1437,289,1918,999,1623,594,1733,670,0.715,13.9,False,,,,,
1202,78,auto,1436,290,1917,998,1622,594,1733,671,0.689,17.6,False,,,,,
1203,78,auto,1437,290,1918,999,1621,594,1732,672,0.741,16.7,False,,,,,
1204,78,auto,1434,288,1919,999,1620,592,1733,676,0.673,14.2,False,,,,,
1205,78,auto,1435,288,1919,999,1620,593,1733,675,0.7,15,False,,,,,
1206,78,auto,1433,290,1918,998,1618,592,1734,675,0.734,14.8,False,,,,,
1207,78,auto,1434,287,1918,997,1617,589,1734,684,0.685,14.9,False,,,,,
1207,78,auto,1434,287,1918,997,1607,584,1745,703,0.254,14.9,False,,,,,
1208,78,auto,1432,290,1918,998,1619,593,1734,674,0.646,14.5,False,,,,,
1208,100,auto,1432,290,1918,998,1691,765,1819,843,0.254,14.5,True,,,,no_text,24.4
1209,78,auto,1436,286,1920,998,1620,592,1733,672,0.671,15.2,False,,,,,
1209,100,auto,1436,286,1920,998,1691,769,1816,840,0.301,15.2,True,,,,no_text,23.7
1210,78,auto,1431,289,1918,999,1619,593,1734,675,0.628,14.8,False,,,,,
1211,78,auto,1434,287,1918,998,1620,591,1734,673,0.633,14.8,False,,,,,
1212,78,auto,1433,290,1917,999,1620,592,1734,675,0.585,15,False,,,,,
1212,100,auto,1433,290,1917,999,1698,778,1820,844,0.255,15,True,,,,no_text,24.4
1213,78,auto,1433,289,1918,999,1619,593,1732,674,0.674,16.4,False,,,,,
1214,78,auto,1433,291,1919,999,1619,593,1733,672,0.698,14.4,False,,,,,
1215,78,auto,1435,291,1919,999,1620,592,1733,673,0.624,14.8,False,,,,,
1216,78,auto,1434,292,1919,1000,1618,592,1733,677,0.675,14.5,False,,,,,
1217,78,auto,1432,291,1918,1000,1619,593,1732,676,0.699,14.7,False,,,,,
1218,78,auto,1433,293,1919,1002,1619,593,1733,676,0.711,14.3,False,,,,,
1219,78,auto,1429,293,1919,1003,1617,593,1730,680,0.727,14.5,False,,,,,
1220,78,auto,1431,291,1919,1000,1621,595,1731,673,0.576,14.7,False,,,,,
1221,78,auto,1431,294,1919,1003,1620,593,1733,678,0.584,14.6,False,,,,,
1221,101,auto,1431,294,1919,1003,1706,785,1819,844,0.272,14.6,True,,,,no_text,25
1222,78,auto,1432,291,1919,1001,1622,596,1732,673,0.582,15,False,,,,,
1223,78,auto,1430,290,1918,1001,1622,596,1730,672,0.489,15,False,,,,,
1224,78,auto,1431,290,1917,1001,1621,594,1733,680,0.625,14.7,False,,,,,
1225,78,auto,1430,288,1919,1001,1620,595,1731,670,0.696,14.6,False,,,,,
1226,78,auto,1429,291,1918,1001,1622,596,1731,670,0.694,14.5,False,,,,,
1226,102,car,1236,353,1376,465,1273,417,1310,434,0.278,14.5,True,,,,no_text,25.2
1227,78,auto,1430,291,1918,1001,1620,594,1732,676,0.679,17.6,False,,,,,
1228,78,auto,1430,291,1918,1000,1621,595,1731,672,0.665,15.5,False,,,,,
1229,78,auto,1430,290,1918,1000,1619,594,1732,672,0.691,14.5,False,,,,,
1230,78,auto,1424,289,1918,1000,1619,594,1731,672,0.673,15.2,False,,,,,
1231,78,auto,1418,291,1918,1001,1621,595,1732,671,0.562,14.2,False,,,,,
1231,103,car,1143,341,1279,443,1254,425,1293,439,0.273,14.2,True,,,,no_text,72.3
1232,78,auto,1431,288,1915,1003,1618,592,1732,673,0.723,15.3,False,,,,,
1233,78,auto,1429,289,1914,1004,1618,595,1731,671,0.715,15.1,False,,,,,
1233,103,car,1194,350,1353,477,1231,425,1273,442,0.266,15.1,True,,,,no_text,27.1
1233,103,car,1194,350,1353,477,1233,421,1275,439,0.252,15.1,True,,,,no_text,26
1234,78,auto,1430,291,1914,1003,1620,595,1733,670,0.669,15.2,False,,,,,
1234,104,motorcycle,1314,412,1486,679,1393,480,1441,516,0.304,15.2,True,,,,no_text,23
1234,103,car,1191,351,1352,479,1226,428,1269,443,0.26,15.2,True,,,,no_text,71.4
1235,78,auto,1431,290,1915,1005,1621,596,1731,668,0.645,18.8,False,,,,,
1235,104,motorcycle,1303,415,1477,682,1378,483,1433,520,0.377,18.8,True,,,,no_text,33.5
1235,103,car,1183,351,1350,479,1224,429,1268,444,0.361,18.8,True,,,,no_text,72.4
1236,78,auto,1427,289,1916,1003,1617,594,1731,671,0.782,17,False,,,,,
1236,103,car,1177,351,1346,479,1218,426,1265,441,0.26,17,True,MA,0.577,,rejected,77.4
1237,78,auto,1424,292,1917,1004,1618,596,1730,671,0.746,16.7,False,,,,,
1237,103,car,1176,349,1347,482,1215,429,1264,445,0.414,16.7,False,,,,,
1238,78,auto,1429,290,1915,1005,1621,596,1729,668,0.7,16.4,False,,,,,
1238,103,car,1172,349,1345,484,1213,430,1256,447,0.443,16.4,False,,,,,
1238,104,motorcycle,1260,407,1480,690,1342,481,1391,518,0.349,16.4,True,,,,no_text,21.4
1239,78,auto,1425,291,1916,1002,1616,594,1731,673,0.774,16.7,False,,,,,
1240,78,auto,1423,292,1917,1003,1616,594,1728,674,0.753,16.1,False,,,,,
1240,103,car,1163,347,1335,482,1202,430,1247,449,0.27,16.1,False,,,,,
1241,78,auto,1424,294,1917,1003,1615,595,1729,673,0.735,16.2,False,,,,,
1241,103,car,1159,347,1341,483,1197,430,1248,448,0.32,16.2,False,,,,,
1242,78,auto,1428,291,1917,1003,1616,595,1727,668,0.749,16.3,False,,,,,
1242,103,car,1090,338,1221,456,1196,431,1246,451,0.269,16.3,False,,,,,
1243,78,auto,1425,294,1918,1002,1613,593,1730,674,0.755,16,False,,,,,
1243,103,car,1147,347,1327,485,1191,431,1242,450,0.435,16,False,,,,,
1243,78,auto,1425,294,1918,1002,1610,594,1742,702,0.264,16,False,,,,,
1244,78,auto,1425,295,1919,1002,1615,595,1726,666,0.763,15.8,False,,,,,
1244,103,car,1141,344,1316,488,1190,431,1238,449,0.409,15.8,False,,,,,
1245,78,auto,1423,293,1918,1002,1613,593,1728,672,0.752,15.9,False,,,,,
1245,103,car,1135,343,1310,488,1185,431,1236,451,0.267,15.9,False,,,,,
1246,78,auto,1428,294,1918,1002,1615,595,1724,667,0.752,15.9,False,,,,,
1246,103,motorcycle,1154,408,1465,698,1237,482,1297,522,0.284,15.9,False,,,,,
1247,78,auto,1428,293,1917,1002,1611,593,1725,673,0.762,15.6,False,,,,,
1247,103,car,1064,336,1203,458,1172,436,1223,456,0.292,15.6,False,,,,,
1248,78,auto,1429,293,1917,1002,1613,595,1722,668,0.75,15.9,False,,,,,
1249,78,auto,1427,294,1917,1003,1614,596,1722,667,0.772,15.3,False,,,,,
1249,103,motorcycle,1093,403,1456,711,1183,481,1248,518,0.338,15.3,False,,,,,
1250,78,auto,1430,293,1919,1002,1612,594,1725,669,0.771,15.9,False,,,,,
1251,78,auto,1432,292,1917,1003,1615,597,1720,664,0.753,16,False,,,,,
1251,105,auto,1432,292,1917,1003,1714,788,1813,844,0.272,16,True,,,,no_text,25.5
1252,78,auto,1429,293,1919,1002,1615,595,1720,664,0.73,16.2,False,,,,,
1253,78,auto,1428,292,1919,1003,1615,597,1718,663,0.736,15.5,False,,,,,
1253,106,motorcycle,1043,408,1429,725,1127,491,1183,522,0.27,15.5,True,,,,no_text,29.1
1254,78,auto,1429,293,1919,1003,1617,598,1718,661,0.766,18,False,,,,,
1254,105,auto,1429,293,1919,1003,1712,788,1813,844,0.28,18,True,,,,no_text,27.2
1254,106,car,1074,343,1278,515,1105,492,1160,524,0.252,18,True,,,,no_text,21.7
1255,78,auto,1429,293,1919,1002,1616,596,1720,662,0.739,15.6,False,,,,,
1256,78,auto,1429,293,1919,1002,1616,596,1722,665,0.747,15.1,False,,,,,
1256,106,motorcycle,981,404,1377,749,1067,483,1128,515,0.36,15.1,True,,,,no_text,23.2
1256,106,motorcycle,981,404,1377,749,1075,495,1134,529,0.293,15.1,True,,,,no_text,21.4
1257,78,auto,1430,292,1919,1003,1616,597,1723,665,0.757,15.8,False,,,,,
1258,78,auto,1430,294,1919,1001,1615,595,1726,669,0.752,15.1,False,,,,,
1259,78,auto,1429,294,1919,1002,1615,596,1723,668,0.74,15.1,False,,,,,
1260,78,auto,1429,292,1919,1002,1615,597,1721,664,0.747,15.2,False,,,,,
1261,78,auto,1429,292,1919,1003,1615,595,1726,670,0.727,14.1,False,,,,,
1262,78,auto,1429,295,1919,1003,1614,594,1729,671,0.742,15.2,False,,,,,
1263,78,auto,1428,294,1919,1003,1614,595,1728,672,0.722,14.8,False,,,,,
1264,78,auto,1428,292,1919,1004,1615,595,1726,667,0.729,15.8,False,,,,,
1265,78,auto,1428,294,1919,1004,1615,595,1726,668,0.746,14.7,False,,,,,
1265,107,auto,1428,294,1919,1004,1712,785,1814,844,0.275,14.7,True,,,,no_text,21.9
1266,78,auto,1428,293,1919,1003,1616,596,1726,668,0.763,15.1,False,,,,,
1266,107,auto,1428,293,1919,1003,1714,785,1816,844,0.329,15.1,True,,,,no_text,38.1
1267,78,auto,1428,293,1919,1003,1615,595,1728,674,0.745,15.4,False,,,,,
1267,108,car,956,331,1259,505,952,432,1031,481,0.299,15.4,True,,,,no_text,25.5
1268,78,auto,1427,293,1919,1003,1616,595,1726,667,0.738,15.3,False,,,,,
1269,78,auto,1426,292,1919,1003,1615,595,1722,665,0.748,15,False,,,,,
1270,78,auto,1427,294,1919,1003,1615,595,1725,668,0.726,14.7,False,,,,,
1271,78,auto,1428,294,1919,1002,1615,594,1729,677,0.745,14.2,False,,,,,
1272,78,auto,1427,294,1919,1002,1614,595,1727,672,0.754,14.8,False,,,,,
1273,78,auto,1427,293,1919,1002,1615,595,1726,669,0.743,14.7,False,,,,,
1274,78,auto,1429,293,1919,1002,1616,595,1725,668,0.75,14.8,False,,,,,
1274,109,auto,1429,293,1919,1002,1715,787,1814,844,0.296,14.8,True,,,,no_text,24.9
1275,78,auto,1429,294,1919,1002,1614,593,1728,671,0.726,15.1,False,,,,,
1276,78,auto,1428,291,1919,1002,1617,591,1729,678,0.702,14.9,False,,,,,
1277,78,auto,1428,294,1919,1002,1614,593,1730,679,0.745,14.8,False,,,,,
1277,78,auto,1428,294,1919,1002,1601,595,1731,704,0.256,14.8,False,,,,,
1278,78,auto,1428,292,1919,1000,1614,592,1726,671,0.714,14.4,False,,,,,
1279,78,auto,1428,292,1919,1000,1614,593,1725,673,0.724,14.9,False,,,,,
1280,78,auto,1429,292,1919,1000,1614,592,1726,671,0.707,14.3,False,,,,,
1281,78,auto,1428,292,1919,999,1614,592,1724,670,0.711,14.5,False,,,,,
1282,78,auto,1427,289,1919,999,1615,590,1721,660,0.68,13.9,False,,,,,
1283,78,auto,1428,290,1919,999,1616,591,1721,661,0.702,14.3,False,,,,,
1284,78,auto,1426,291,1919,1000,1614,591,1716,657,0.694,14.4,False,,,,,
1285,78,auto,1427,288,1920,996,1613,589,1721,657,0.641,14.8,False,,,,,
1285,110,auto,1427,288,1920,996,1683,759,1809,836,0.286,14.8,True,,,,no_text,24.2
1286,78,auto,1425,287,1919,996,1613,589,1716,655,0.705,14.6,False,,,,,
1287,78,auto,1429,287,1920,997,1612,589,1715,657,0.704,13.9,False,,,,,
1288,78,auto,1427,288,1919,996,1612,590,1715,657,0.702,14.4,False,,,,,
1288,110,auto,1427,288,1919,996,1678,766,1807,838,0.303,14.4,True,,,,no_text,26.5
1289,78,auto,1425,289,1919,996,1610,590,1713,657,0.669,15.2,False,,,,,
1289,110,auto,1425,289,1919,996,1678,767,1808,838,0.306,15.2,True,,,,no_text,28
1290,78,auto,1427,289,1920,997,1610,589,1713,657,0.678,14.7,False,,,,,
1290,110,auto,1427,289,1920,997,1678,767,1808,838,0.303,14.7,True,,,,no_text,27.1
1291,78,auto,1423,287,1920,995,1610,588,1717,663,0.609,14.5,False,,,,,
1292,78,auto,1424,289,1920,997,1607,591,1714,660,0.675,14.4,False,,,,,
1293,78,auto,1424,290,1920,996,1607,590,1713,658,0.635,14.4,False,,,,,
1293,110,auto,1424,290,1920,996,1682,768,1804,838,0.288,14.4,True,,,,no_text,26.8
1294,78,auto,1421,290,1920,997,1605,590,1714,662,0.632,14.7,False,,,,,
1295,78,auto,1421,288,1920,996,1607,588,1712,660,0.587,14.5,False,,,,,
1296,78,auto,1421,286,1920,996,1606,587,1712,660,0.607,14.5,False,,,,,
1297,78,auto,1420,290,1920,996,1606,593,1710,663,0.619,14.1,False,,,,,
1297,111,auto,1420,290,1920,996,1678,778,1798,838,0.31,14.1,True,,,,no_text,24.1
1298,78,auto,1421,293,1919,998,1607,592,1710,663,0.629,14.8,False,,,,,
1298,111,auto,1421,293,1919,998,1680,777,1798,838,0.324,14.8,True,,,,no_text,25.3
1299,78,auto,1422,290,1920,997,1606,592,1714,667,0.603,15,False,,,,,
1299,111,auto,1422,290,1920,997,1681,777,1798,837,0.252,15,True,,,,no_text,23.9
1300,112,car,400,311,1084,842,456,665,627,720,0.71,14.5,True,TN976500,0.876,TN976500,accepted,75.9
1300,78,auto,1421,292,1919,999,1607,592,1710,660,0.547,14.5,False,,,,,
1300,111,auto,1421,292,1919,999,1679,775,1799,839,0.353,14.5,True,,,,no_text,32.6
1301,112,car,325,312,1078,863,418,680,599,735,0.741,15.3,False,,,,,
1301,78,auto,1421,292,1919,998,1604,592,1711,665,0.665,15.3,False,,,,,
1301,111,auto,1421,292,1919,998,1679,774,1796,837,0.268,15.3,True,,,,no_text,23.5
1302,112,car,260,311,1072,881,377,687,564,748,0.744,14.5,False,,,,,
1302,78,auto,1421,293,1919,998,1603,593,1712,670,0.676,14.5,False,,,,,
1302,111,auto,1421,293,1919,998,1677,773,1797,837,0.259,14.5,True,,,,no_text,23.6
1303,112,car,204,310,1065,907,336,705,529,763,0.729,14.7,False,,,,,
1303,78,auto,1420,292,1919,998,1605,593,1710,662,0.661,14.7,False,,,,,
1303,111,auto,1420,292,1919,998,1679,775,1795,837,0.261,14.7,True,,,,no_text,22.6
1304,112,car,168,310,1055,924,291,718,493,784,0.67,14.4,False,,,,,
1304,78,auto,1420,291,1919,998,1604,592,1710,663,0.646,14.4,False,,,,,
1305,112,car,129,308,1047,946,242,734,452,802,0.705,14.5,False,,,,,
1305,78,auto,1420,292,1920,998,1605,592,1710,661,0.627,14.5,False,,,,,
1306,113,car,1,305,1012,1054,8,811,251,894,0.611,15.2,True,TN976500,0.986,TN976500,accepted,76.5
1306,78,auto,1421,291,1919,998,1606,593,1709,660,0.569,15.2,False,,,,,
1307,113,car,2,303,1005,1070,0,838,186,930,0.637,15.3,False,,,,,
1307,78,auto,1420,291,1920,998,1606,593,1709,660,0.617,15.3,False,,,,,
1307,114,auto,1420,291,1920,998,1679,775,1796,837,0.265,15.3,True,,,,no_text,26.7
1308,78,auto,1420,289,1920,997,1607,592,1712,664,0.544,14.6,False,,,,,
1308,113,car,1,306,990,1078,0,905,39,1031,0.346,14.6,False,,,,,
1309,78,auto,1420,290,1920,997,1607,592,1711,666,0.467,13.8,False,,,,,
1310,78,auto,1419,291,1920,997,1606,592,1711,661,0.574,14.3,False,,,,,
1311,78,auto,1420,290,1920,997,1606,593,1710,661,0.592,14.9,False,,,,,
1312,78,auto,1420,289,1920,997,1607,593,1711,661,0.546,14.5,False,,,,,
1313,78,auto,1421,288,1920,997,1606,587,1715,665,0.594,14.7,False,,,,,
1314,78,auto,1423,291,1919,998,1603,588,1717,685,0.659,14.6,False,,,,,
1315,78,auto,1423,290,1919,999,1606,592,1713,668,0.673,14.5,False,,,,,
1316,78,auto,1421,291,1919,1000,1607,591,1713,675,0.62,14.6,False,,,,,
1317,78,auto,1420,289,1919,1000,1607,590,1712,662,0.649,16.2,False,,,,,
1318,78,auto,1422,291,1919,1000,1609,592,1713,669,0.662,14.4,False,,,,,
1319,78,auto,1423,292,1919,999,1605,590,1716,667,0.646,14.2,False,,,,,
1319,78,auto,1423,292,1919,999,1606,586,1721,692,0.278,14.2,False,,,,,
1320,78,auto,1422,292,1919,999,1607,588,1720,674,0.576,14.5,False,,,,,
1321,78,auto,1420,291,1920,998,1603,589,1717,685,0.576,13.9,False,,,,,
1321,115,auto,1420,291,1920,998,1676,771,1804,840,0.253,13.9,True,,,,no_text,23.8
1322,78,auto,1422,291,1920,999,1608,588,1719,669,0.449,15,False,,,,,
1323,78,auto,1420,290,1920,999,1604,590,1713,668,0.636,14,False,,,,,
1324,78,auto,1416,290,1920,997,1601,591,1709,665,0.608,14.4,False,,,,,
1324,115,auto,1416,290,1920,997,1678,772,1796,838,0.375,14.4,True,,,,no_text,24.6
1325,78,auto,1420,291,1920,999,1605,592,1714,664,0.45,14.9,False,,,,,
1326,78,auto,1423,292,1919,999,1609,587,1718,669,0.596,14.4,False,,,,,
1327,78,auto,1420,289,1920,999,1605,586,1714,663,0.545,14.3,False,,,,,
1328,78,auto,1416,287,1920,998,1604,587,1711,656,0.635,12.5,False,,,,,
,,,,,,,,,,,,,,,,,,
,,,,,,,,,,,,17.3942175309775,,,,,,24.6
