frame_id,track_id,vehicle_type,vehicle_bbox_x1,vehicle_bbox_y1,vehicle_bbox_x2,vehicle_bbox_y2,plate_bbox_x1,plate_bbox_y1,plate_bbox_x2,plate_bbox_y2,plate_confidence,detect_inference_ms,ocr_ran,ocr_raw_text,ocr_confidence,ocr_validated_plate,ocr_status,ocr_inference_ms
1,4,auto,1274,354,1803,1053,1463,656,1564,726,0.411,685.1,True,TN03D9766,0.983,TN03D9766,accepted,402.0
1,1,motorcycle,526,493,755,773,568,588,636,616,0.396,685.1,True,,,,no_text,208.2
2,4,auto,1277,354,1806,1053,1449,653,1581,745,0.506,290.1,True,TN03D9766,0.981,TN03D9766,accepted,173.7
3,4,auto,1276,356,1804,1053,1459,657,1570,734,0.394,257.3,True,TN03D9766,0.988,TN03D9766,accepted,271.9
6,4,auto,1280,356,1808,1055,1467,660,1565,728,0.305,294.0,True,TN03D9766,0.985,TN03D9766,accepted,160.5
9,2,car,1101,416,1206,528,1116,484,1158,504,0.385,351.5,True,,,,no_text,123.7
10,2,car,1098,419,1204,530,1115,486,1153,504,0.540,240.5,True,,,,no_text,59.0
10,4,auto,1275,369,1805,1071,1468,670,1560,733,0.445,240.5,True,TN03D9766,0.983,TN03D9766,accepted,292.6
11,2,car,1093,417,1203,532,1109,487,1147,505,0.519,260.2,True,,,,no_text,119.2
11,1000000,unknown,,,,,1468,667,1565,734,0.326,260.2,True,TN03D9766,0.986,TN03D9766,accepted,193.3
12,2,car,1082,418,1198,537,1107,490,1141,505,0.472,255.7,True,,,,no_text,64.5
12,4,auto,1280,369,1810,1073,1471,667,1571,736,0.271,255.7,True,TN03D9766,0.969,TN03D9766,accepted,171.4
13,2,car,1077,418,1196,539,1107,491,1139,506,0.509,320.4,True,,,,no_text,46.6
13,27,motorcycle,1289,362,1811,1070,1472,667,1576,738,0.352,320.4,True,TN03D9766,0.979,TN03D9766,accepted,157.2
14,2,car,1065,418,1189,541,1099,492,1132,507,0.554,269.8,True,,,,no_text,60.6
14,27,auto,1289,369,1807,1070,1472,667,1575,737,0.370,269.8,True,TN03D9766,0.977,TN03D9766,accepted,159.9
15,2,car,1055,415,1185,544,1087,493,1124,510,0.564,241.5,True,,,,no_text,117.8
15,27,auto,1286,369,1803,1070,1469,668,1570,736,0.361,241.5,True,TN03D9766,0.968,TN03D9766,accepted,217.9
16,2,car,1043,413,1179,546,1075,493,1115,511,0.604,386.8,True,,,,no_text,61.2
17,2,car,1034,409,1180,551,1069,496,1109,514,0.584,326.7,True,,,,no_text,65.8
18,2,car,1026,410,1175,553,1063,498,1104,517,0.627,258.6,True,,,,no_text,58.4
19,2,car,1017,408,1171,555,1059,501,1098,518,0.608,257.6,True,,,,no_text,61.6
20,2,car,1007,408,1168,561,1049,503,1090,520,0.703,241.8,True,,,,no_text,63.8
21,2,car,1001,407,1166,563,1044,503,1088,523,0.659,236.4,True,,,,no_text,113.5
22,2,car,997,407,1164,565,1040,506,1086,526,0.573,253.4,True,,,,no_text,69.1
24,2,car,948,406,1139,584,990,517,1052,543,0.691,284.5,True,,,,no_text,219.5
25,2,car,937,406,1136,589,985,518,1048,544,0.709,262.7,True,,,,no_text,69.3
26,2,car,928,407,1132,592,977,521,1043,548,0.743,261.2,True,,,,no_text,64.6
27,2,car,912,406,1127,600,965,524,1031,552,0.565,253.8,True,,,,no_text,119.0
28,2,car,902,407,1121,603,956,529,1021,556,0.719,254.5,True,,,,no_text,63.9
29,2,car,893,408,1117,607,946,532,1014,560,0.751,234.0,True,TIN10BL7364,0.630,TN10BL7364,accepted,224.8
30,2,car,880,410,1111,614,934,536,1000,563,0.734,327.6,True,CED,0.547,,rejected,134.4
31,2,car,869,409,1108,619,923,539,995,568,0.747,258.4,True,ETM100L7164,0.747,TN1OOL7164,accepted,134.6
32,2,car,857,408,1102,621,914,542,985,571,0.736,255.1,True,ETN101L7364,0.695,TN1OIL7364,accepted,171.5
33,2,car,838,408,1095,630,897,547,970,577,0.665,268.4,True,TN108D36,0.598,,rejected,140.4
34,2,car,824,407,1091,637,884,551,959,581,0.748,263.6,True,TN10PL7364,0.763,TN10PL7364,accepted,214.7
35,2,car,811,406,1087,644,872,554,949,585,0.765,277.2,True,FIN1O8L7354,0.647,TN1OBL7354,accepted,148.0
37,2,car,733,402,1058,678,798,580,886,611,0.784,274.4,True,TN10BL7364,0.953,TN10BL7364,accepted,267.6
38,2,car,712,403,1050,689,782,586,874,619,0.798,267.6,True,TN10BL7364,0.902,TN10BL7364,accepted,165.6
39,2,car,691,402,1043,700,760,590,859,625,0.727,276.1,True,IN108L7364,0.821,TN1OBL7364,accepted,174.9
40,2,car,668,401,1036,711,739,596,844,633,0.737,410.3,True,2TN10BL7364,0.860,TN10BL7364,accepted,164.8
41,2,car,648,402,1028,720,720,603,827,641,0.773,287.5,True,TN10BL7364,0.883,TN10BL7364,accepted,144.2
42,2,car,626,401,1019,728,700,610,807,648,0.781,252.4,True,IN10BL7364,0.929,TN10BL7364,accepted,216.4
43,2,car,602,399,1011,737,678,616,787,655,0.797,259.0,True,TN10BL7364,0.934,TN10BL7364,accepted,143.6
44,2,car,558,396,996,756,636,631,749,671,0.764,259.5,True,TN10BL7364,0.963,TN10BL7364,accepted,142.4
44,4,auto,1290,361,1817,1061,1470,657,1590,739,0.375,259.5,True,TN03D9766,0.967,TN03D9766,accepted,210.7
45,2,car,518,394,984,775,600,640,722,683,0.806,259.8,True,TN10BL7364,0.956,TN10BL7364,accepted,142.1
45,4,auto,1290,361,1818,1061,1469,657,1591,744,0.475,259.8,True,TN03D9766,0.978,TN03D9766,accepted,208.6
46,2,car,483,391,973,789,569,651,690,694,0.788,248.8,True,TN10BL7364,0.940,TN10BL7364,accepted,140.5
46,4,auto,1289,360,1818,1063,1466,657,1594,751,0.457,248.8,True,TN03D9766,0.976,TN03D9766,accepted,197.3
47,4,auto,1290,362,1818,1062,1458,653,1601,763,0.585,248.3,True,TN03D9766,0.983,TN03D9766,accepted,154.7
48,4,auto,1291,361,1819,1062,1457,652,1602,768,0.531,253.7,True,TN03D9766,0.972,TN03D9766,accepted,263.7
49,4,auto,1290,361,1819,1060,1460,652,1598,765,0.308,265.4,True,TN03D9766,0.968,TN03D9766,accepted,200.7
52,4,auto,1287,358,1818,1059,1474,661,1574,729,0.439,242.4,True,TN03D9766,0.984,TN03D9766,accepted,238.6
53,4,auto,1288,360,1819,1059,1468,654,1591,756,0.402,239.8,True,TN03D9766,0.953,TN03D9766,accepted,168.2
54,4,auto,1289,360,1820,1056,1474,662,1573,729,0.502,263.3,True,TN03D9766,0.989,TN03D9766,accepted,266.6
55,4,auto,1289,359,1821,1054,1475,662,1570,726,0.520,260.6,True,TN03D9766,0.987,TN03D9766,accepted,156.8
56,4,auto,1290,359,1822,1056,1469,653,1588,751,0.522,231.9,True,TN03D9766,0.973,TN03D9766,accepted,162.3
57,4,auto,1290,359,1821,1054,1472,654,1577,740,0.543,241.1,True,TN03D9766,0.990,TN03D9766,accepted,152.3
58,4,auto,1290,358,1821,1053,1473,654,1575,738,0.470,269.0,True,TN03D9766,0.987,TN03D9766,accepted,155.4
59,4,auto,1290,356,1820,1050,1473,653,1574,736,0.296,252.3,True,TN03D9766,0.980,TN03D9766,accepted,157.8
60,4,auto,1291,354,1822,1048,1471,650,1580,739,0.473,262.0,True,TN03D9766,0.983,TN03D9766,accepted,252.8
61,4,auto,1289,350,1821,1047,1479,650,1576,728,0.525,262.3,True,TN03D9766,0.981,TN03D9766,accepted,157.1
62,4,auto,1289,349,1823,1047,1481,650,1574,725,0.603,252.8,True,TN03D9766,0.972,TN03D9766,accepted,162.0
63,4,auto,1288,349,1820,1045,1474,647,1578,731,0.273,254.6,True,TN03D9766,0.987,TN03D9766,accepted,157.3
64,4,auto,1286,350,1819,1047,1476,650,1572,726,0.374,248.2,True,TN03D9766,0.949,TN03D9766,accepted,200.3
65,4,auto,1286,350,1818,1046,1480,651,1565,717,0.598,238.7,True,TN03D9766,0.963,TN03D9766,accepted,164.7
66,4,auto,1286,349,1819,1046,1480,650,1567,717,0.670,255.6,True,TN03D9766,0.980,TN03D9766,accepted,201.4
67,4,auto,1292,347,1826,1045,1485,650,1574,716,0.553,245.9,True,TN03D9766,0.989,TN03D9766,accepted,205.5
68,4,auto,1292,346,1826,1042,1490,648,1582,716,0.289,237.0,True,TN03D9766,0.969,TN03D9766,accepted,156.1
73,32,car,895,359,1115,537,942,470,1006,492,0.490,284.0,True,,,,no_text,71.7
74,32,car,887,358,1114,541,935,475,999,497,0.586,238.9,True,,,,no_text,160.6
74,4,auto,1330,341,1870,1040,1517,640,1626,722,0.475,238.9,True,TN03D9766,0.980,TN03D9766,accepted,192.9
75,4,auto,1332,342,1872,1039,1526,638,1632,717,0.334,257.9,True,TN03D9766,0.972,TN03D9766,accepted,184.1
76,4,auto,1337,338,1877,1036,1530,639,1632,714,0.543,252.3,True,TN03D9766,0.977,TN03D9766,accepted,218.1
76,32,car,872,355,1111,546,923,481,987,503,0.479,252.3,True,,,,no_text,185.8
77,4,auto,1340,337,1884,1038,1535,640,1635,711,0.434,257.5,True,TN03D9766,0.982,TN03D9766,accepted,347.9
77,32,car,866,355,1110,550,921,484,981,505,0.550,257.5,True,,,,no_text,178.1
78,32,car,859,354,1109,553,913,485,973,506,0.641,253.7,True,,,,no_text,141.1
79,32,car,850,353,1107,556,902,485,963,507,0.632,258.4,True,,,,no_text,119.6
80,32,car,834,352,1103,563,889,490,955,513,0.672,402.2,True,,,,no_text,140.5
81,32,car,822,350,1099,568,878,492,948,516,0.694,263.7,True,OINO3CKSOCO,0.509,,rejected,142.1
82,32,car,811,348,1096,571,869,493,936,517,0.647,255.6,True,RO3CKSOOO,0.581,RJ3CK5000,accepted,151.1
82,4,auto,1356,335,1906,1038,1562,638,1655,704,0.556,255.6,True,TN03D9766,0.979,TN03D9766,accepted,196.9
83,32,car,798,345,1093,575,855,494,929,520,0.730,263.9,True,FNO3CK5OO0,0.545,NL3CK5000,accepted,142.0
83,4,auto,1360,332,1910,1036,1563,638,1659,704,0.590,263.9,True,TN03D9766,0.985,TN03D9766,accepted,194.1
84,32,car,784,343,1088,580,839,497,916,524,0.701,255.3,True,STKO3CK5O00,0.622,,rejected,140.8
84,4,auto,1361,333,1911,1037,1561,635,1663,706,0.599,255.3,True,TN03D9766,0.981,TN03D9766,accepted,191.6
85,32,car,769,342,1084,585,826,503,903,529,0.643,247.9,True,ETKO9CX50GO,0.632,,rejected,214.9
85,4,auto,1362,332,1912,1035,1564,635,1665,704,0.611,247.9,True,TN03D9766,0.983,TN03D9766,accepted,224.7
86,32,car,753,340,1078,590,815,505,891,531,0.663,344.8,True,THO9CX500D,0.695,,rejected,144.5
86,4,auto,1363,330,1914,1035,1566,634,1671,705,0.487,344.8,True,TN03D9766,0.971,TN03D9766,accepted,199.4
87,32,car,723,337,1066,599,788,510,867,537,0.749,269.7,True,TMOSCXSOOO,0.758,TN0SCX5000,accepted,158.5
87,4,auto,1366,329,1915,1032,1565,630,1675,705,0.646,269.7,True,TN03D9766,0.985,TN03D9766,accepted,196.7
88,32,car,697,335,1059,610,764,516,846,544,0.734,257.5,True,TNO9CXSOOO,0.740,TN09CX5000,accepted,207.5
88,4,auto,1368,329,1916,1033,1567,631,1675,705,0.654,257.5,True,TN03D9766,0.985,TN03D9766,accepted,203.7
88,4,auto,1368,329,1916,1033,1564,626,1675,740,0.350,257.5,True,TN03D9766,0.956,TN03D9766,accepted,204.5
89,32,car,674,334,1051,619,740,522,826,551,0.701,303.8,True,TN09CX5000,0.791,TN09CX5000,accepted,140.5
89,4,auto,1370,330,1917,1033,1566,632,1678,708,0.553,303.8,True,TN03D9766,0.990,TN03D9766,accepted,194.9
89,4,auto,1370,330,1917,1033,1558,627,1681,754,0.501,303.8,True,TN03D9766,0.963,TN03D9766,accepted,195.4
90,32,car,651,332,1043,627,716,525,804,555,0.725,259.8,True,IN09CX5000,0.845,TN09CX5000,accepted,169.4
90,4,auto,1372,329,1917,1031,1565,630,1681,710,0.489,259.8,True,TN03D9766,0.989,TN03D9766,accepted,192.3
90,4,auto,1372,329,1917,1031,1556,625,1685,758,0.306,259.8,True,TN03D9766,0.952,TN03D9766,accepted,238.3
91,32,car,624,331,1035,638,691,531,784,563,0.741,253.6,True,TN09CX5000,0.861,TN09CX5000,accepted,143.7
91,4,auto,1372,329,1918,1032,1558,630,1691,723,0.662,253.6,True,TN03D9766,0.958,TN03D9766,accepted,192.1
91,4,auto,1372,329,1918,1032,1555,629,1682,759,0.300,253.6,True,ETN03D9766,0.913,TN03D9766,accepted,232.2
92,32,car,598,329,1023,643,666,538,761,570,0.706,241.1,True,TN09CX5000,0.920,TN09CX5000,accepted,155.1
92,4,auto,1373,330,1918,1033,1563,630,1685,715,0.607,241.1,True,TN03D9766,0.981,TN03D9766,accepted,193.1
92,4,auto,1373,330,1918,1033,1559,629,1685,758,0.439,241.1,True,TN03D9766LP,0.953,,rejected,361.6
93,4,auto,1371,325,1917,1029,1565,629,1679,709,0.585,251.4,True,TN03D9766,0.992,TN03D9766,accepted,223.3
94,4,auto,1371,325,1917,1028,1568,629,1676,704,0.617,441.2,True,TN03D9766,0.983,TN03D9766,accepted,257.3
95,4,auto,1373,325,1916,1027,1567,627,1675,703,0.592,412.1,True,TN03D9766,0.982,TN03D9766,accepted,166.2
96,4,auto,1374,323,1917,1025,1568,628,1675,703,0.559,306.3,True,TN03D9766,0.986,TN03D9766,accepted,157.5
97,4,auto,1374,324,1917,1026,1568,628,1674,702,0.526,253.1,True,TN03D9766,0.990,TN03D9766,accepted,202.1
98,4,auto,1373,324,1916,1027,1569,628,1672,700,0.586,257.8,True,TN03D9766,0.989,TN03D9766,accepted,266.4
99,4,auto,1372,324,1915,1028,1569,628,1674,702,0.571,346.3,True,TN03D9766,0.979,TN03D9766,accepted,201.1
100,4,auto,1372,325,1914,1028,1568,628,1674,702,0.548,255.6,True,TN03D9766,0.989,TN03D9766,accepted,202.2
101,4,auto,1373,324,1915,1027,1568,628,1673,701,0.616,276.3,True,TN03D9766,0.985,TN03D9766,accepted,291.8
102,4,auto,1373,323,1915,1026,1568,628,1672,700,0.562,252.3,True,TN03D9766,0.987,TN03D9766,accepted,204.8
103,4,auto,1374,325,1915,1027,1566,627,1674,702,0.577,245.8,True,TN03D9766,0.977,TN03D9766,accepted,202.9
104,4,auto,1374,324,1915,1025,1567,627,1672,700,0.568,336.2,True,TN03D9766,0.985,TN03D9766,accepted,249.7
105,4,auto,1372,324,1913,1027,1567,628,1672,700,0.632,253.0,True,TN03D9766,0.977,TN03D9766,accepted,268.0
106,4,auto,1372,323,1914,1026,1566,629,1674,704,0.662,445.0,True,TN03D9766,0.986,TN03D9766,accepted,352.6
107,4,auto,1372,323,1914,1027,1566,627,1674,702,0.609,372.2,True,TN03D9766,0.984,TN03D9766,accepted,209.3
108,4,auto,1372,324,1913,1028,1565,627,1676,704,0.569,257.9,True,TN03D9766,0.989,TN03D9766,accepted,158.7
109,4,auto,1371,324,1913,1029,1563,627,1677,707,0.605,255.3,True,TN03D9766,0.990,TN03D9766,accepted,163.4
110,4,auto,1370,323,1914,1029,1564,627,1675,704,0.595,331.4,True,TN03D9766,0.985,TN03D9766,accepted,207.9
111,4,auto,1369,323,1913,1030,1563,628,1676,706,0.632,260.7,True,TN03D9766,0.984,TN03D9766,accepted,173.1
112,4,auto,1372,322,1916,1029,1565,625,1678,704,0.739,256.4,True,TN03D9766,0.979,TN03D9766,accepted,277.0
113,4,auto,1371,320,1917,1030,1569,626,1677,701,0.681,425.5,True,TN03D9766,0.984,TN03D9766,accepted,307.4
114,4,auto,1372,321,1917,1030,1571,626,1680,701,0.665,283.9,True,TN03D9766,0.985,TN03D9766,accepted,159.7
115,4,auto,1372,319,1917,1029,1566,625,1682,706,0.617,349.9,True,TN03D9766,0.989,TN03D9766,accepted,163.3
116,4,auto,1374,320,1916,1028,1566,625,1680,705,0.695,250.2,True,TN03D9766,0.986,TN03D9766,accepted,211.5
117,4,auto,1372,321,1914,1028,1563,624,1680,706,0.695,363.0,True,TN03D9766,0.981,TN03D9766,accepted,155.2
118,4,auto,1371,321,1914,1029,1565,626,1676,703,0.645,261.9,True,TN03D9766,0.980,TN03D9766,accepted,161.5
119,4,auto,1370,321,1912,1027,1565,627,1676,704,0.546,256.9,True,TN03D9766,0.983,TN03D9766,accepted,156.3
120,4,auto,1370,320,1913,1027,1567,627,1675,703,0.657,253.0,True,TN03D9766,0.972,TN03D9766,accepted,177.5
121,4,auto,1369,320,1913,1028,1567,626,1675,701,0.616,260.5,True,TN03D9766,0.975,TN03D9766,accepted,226.1
122,4,auto,1369,318,1914,1028,1566,625,1676,701,0.641,257.1,True,TN03D9766,0.983,TN03D9766,accepted,229.6
123,4,auto,1367,317,1913,1028,1568,626,1673,699,0.430,250.8,True,TN03D9766,0.987,TN03D9766,accepted,294.6
124,4,auto,1370,317,1914,1027,1570,626,1674,697,0.681,261.0,True,TN03D9766,0.984,TN03D9766,accepted,233.9
125,4,auto,1372,315,1915,1025,1569,622,1679,697,0.504,273.1,True,TN03D9766,0.979,TN03D9766,accepted,227.3
126,4,auto,1372,315,1915,1024,1570,622,1679,696,0.582,305.8,True,TN03D9766,0.990,TN03D9766,accepted,178.1
127,4,auto,1371,313,1915,1023,1568,618,1680,695,0.533,245.0,True,TN03D9766,0.987,TN03D9766,accepted,160.9
128,4,auto,1372,314,1914,1023,1571,619,1680,693,0.447,247.6,True,TN03D9766,0.983,TN03D9766,accepted,162.8
129,4,auto,1373,314,1914,1022,1568,616,1681,692,0.539,327.5,True,TN03D9766,0.980,TN03D9766,accepted,155.3
130,4,auto,1373,312,1915,1021,1568,615,1682,692,0.530,256.5,True,TN03D9766,0.985,TN03D9766,accepted,158.1
131,4,auto,1373,311,1915,1021,1568,614,1686,694,0.350,253.4,True,TN03D9766,0.976,TN03D9766,accepted,231.5
132,4,auto,1374,312,1915,1021,1569,614,1687,695,0.468,254.8,True,TN03D9766,0.974,TN03D9766,accepted,208.7
133,4,auto,1375,312,1917,1022,1570,615,1687,695,0.469,414.6,True,TN03D9766,0.981,TN03D9766,accepted,159.4
134,4,auto,1375,313,1917,1023,1570,615,1688,696,0.499,256.4,True,TN03D9766,0.965,TN03D9766,accepted,230.1
135,4,auto,1376,312,1917,1022,1571,616,1685,694,0.384,258.0,True,TN03D9766,0.967,TN03D9766,accepted,177.5
136,4,auto,1377,314,1916,1022,1572,616,1687,695,0.489,255.9,True,TN03D9766,0.966,TN03D9766,accepted,160.4
137,4,auto,1377,316,1915,1021,1572,617,1685,694,0.630,245.7,True,TN03D9766,0.983,TN03D9766,accepted,170.1
138,4,auto,1377,317,1915,1022,1571,617,1684,694,0.381,266.2,True,TN03D9766,0.982,TN03D9766,accepted,268.4
139,4,auto,1377,317,1915,1022,1571,617,1683,693,0.351,266.1,True,TN03D9766,0.985,TN03D9766,accepted,165.5
140,4,auto,1377,316,1916,1022,1572,618,1688,697,0.554,242.3,True,TN03D9766,0.982,TN03D9766,accepted,223.1
141,4,auto,1377,316,1916,1023,1572,618,1684,694,0.384,261.7,True,TN03D9766,0.975,TN03D9766,accepted,157.3
142,4,auto,1375,313,1915,1021,1570,618,1681,693,0.418,244.4,True,TN03D9766,0.970,TN03D9766,accepted,157.3
143,4,auto,1375,315,1914,1023,1572,620,1679,691,0.498,263.1,True,TN03D9766,0.982,TN03D9766,accepted,156.5
144,4,auto,1375,315,1915,1023,1573,620,1679,690,0.432,255.0,True,TN03D9766,0.981,TN03D9766,accepted,286.4
145,4,auto,1375,315,1915,1024,1571,620,1679,691,0.486,290.4,True,TN03D9766,0.984,TN03D9766,accepted,285.5
147,4,auto,1371,313,1913,1024,1566,619,1683,696,0.292,271.8,True,TN03D9766,0.983,TN03D9766,accepted,247.3
148,4,auto,1374,316,1914,1025,1567,620,1682,696,0.600,254.2,True,TN03D9766,0.976,TN03D9766,accepted,160.3
149,4,auto,1373,315,1914,1025,1567,620,1682,695,0.461,257.0,True,TN03D9766,0.984,TN03D9766,accepted,171.8
150,4,auto,1371,312,1914,1024,1566,619,1681,695,0.252,274.1,True,TN03D9766,0.977,TN03D9766,accepted,177.0
154,4,auto,1370,310,1913,1023,1564,615,1681,692,0.359,266.6,True,TN03D9766,0.991,TN03D9766,accepted,183.9
156,4,auto,1373,311,1914,1021,1564,616,1681,694,0.420,236.6,True,TN03D9766,0.978,TN03D9766,accepted,205.0
157,4,auto,1374,312,1915,1021,1566,617,1682,694,0.544,259.8,True,TN03D9766,0.982,TN03D9766,accepted,180.1
158,4,auto,1375,312,1915,1020,1567,617,1681,692,0.460,238.8,True,TN03D9766,0.977,TN03D9766,accepted,284.5
159,4,auto,1376,312,1915,1019,1565,615,1683,694,0.511,298.2,True,TN03D9766,0.979,TN03D9766,accepted,199.5
160,4,auto,1376,312,1915,1019,1562,614,1687,698,0.533,322.2,True,TN03D9766,0.946,TN03D9766,accepted,163.2
161,4,auto,1374,310,1915,1019,1565,616,1682,695,0.404,255.2,True,TN03D9766,0.977,TN03D9766,accepted,158.5
162,4,auto,1373,310,1913,1020,1566,617,1682,695,0.423,273.2,True,TN03D9766,0.981,TN03D9766,accepted,157.2
163,4,auto,1372,309,1914,1019,1562,613,1686,698,0.504,255.4,True,TN03D9766,0.978,TN03D9766,accepted,223.7
164,4,auto,1372,306,1915,1019,1559,610,1687,699,0.526,438.1,True,TN03D9766,0.984,TN03D9766,accepted,241.3
165,4,auto,1371,306,1915,1019,1557,610,1689,703,0.482,254.8,True,TN03D9766,0.985,TN03D9766,accepted,160.7
166,4,auto,1370,307,1913,1019,1559,610,1687,702,0.501,264.6,True,TN03D9766,0.986,TN03D9766,accepted,160.8
167,4,auto,1370,307,1913,1019,1561,609,1683,697,0.528,246.3,True,TN03D9766,0.987,TN03D9766,accepted,159.8
168,4,auto,1370,308,1912,1019,1562,610,1681,695,0.440,243.0,True,TN03D9766,0.983,TN03D9766,accepted,275.6
169,4,auto,1368,308,1910,1019,1561,610,1679,695,0.575,408.5,True,TN03D9766,0.983,TN03D9766,accepted,188.4
170,4,auto,1367,308,1909,1020,1561,611,1679,696,0.496,251.6,True,TN03D9766,0.985,TN03D9766,accepted,186.9
171,4,auto,1368,310,1908,1020,1561,610,1679,697,0.445,251.7,True,TN03D9766,0.972,TN03D9766,accepted,166.3
174,4,auto,1368,310,1909,1020,1568,615,1676,693,0.435,268.5,True,TN03D9766,0.964,TN03D9766,accepted,160.0
175,4,auto,1369,312,1908,1019,1569,616,1675,692,0.434,253.0,True,TN03D9766,0.984,TN03D9766,accepted,260.2
176,4,auto,1369,312,1909,1020,1566,613,1677,693,0.519,254.9,True,TN03D9766,0.961,TN03D9766,accepted,160.1
177,4,auto,1369,310,1910,1020,1565,612,1677,693,0.457,242.5,True,TN03D9766,0.974,TN03D9766,accepted,160.9
178,4,auto,1369,308,1911,1020,1563,611,1678,694,0.376,245.8,True,TN03D9766,0.985,TN03D9766,accepted,165.8
179,4,auto,1370,309,1911,1019,1561,610,1683,699,0.363,251.5,True,TN03D9766,0.982,TN03D9766,accepted,155.7
180,4,auto,1370,310,1911,1019,1562,610,1683,700,0.423,246.5,True,TN03D9766,0.988,TN03D9766,accepted,160.0
181,4,auto,1370,312,1910,1020,1564,612,1682,699,0.360,243.9,True,TN03D9766,0.987,TN03D9766,accepted,156.2
182,4,auto,1370,312,1910,1021,1562,610,1684,701,0.415,256.1,True,TN03D9766,0.985,TN03D9766,accepted,158.1
184,4,auto,1370,312,1910,1022,1561,609,1686,703,0.481,276.9,True,TN03D9766,0.984,TN03D9766,accepted,162.9
185,4,auto,1370,311,1910,1022,1563,609,1684,701,0.458,266.5,True,TN03D9766,0.982,TN03D9766,accepted,156.5
186,4,auto,1370,312,1909,1021,1564,610,1683,700,0.477,250.5,True,,,,no_text,46.8
187,4,auto,1369,312,1909,1021,1567,613,1680,697,0.473,258.8,True,TN03D9766,0.939,TN03D9766,accepted,153.1
188,4,auto,1370,311,1909,1020,1568,613,1678,696,0.524,253.9,True,TN03D9766,0.967,TN03D9766,accepted,157.5
189,4,auto,1370,311,1909,1020,1568,613,1678,695,0.421,256.1,True,TN03D9766,0.979,TN03D9766,accepted,262.7
190,4,auto,1372,312,1911,1021,1568,614,1678,697,0.345,263.7,True,TN03D9766,0.986,TN03D9766,accepted,186.0
191,4,auto,1373,312,1912,1022,1569,615,1679,696,0.266,261.4,True,TN03D9766,0.969,TN03D9766,accepted,341.2
192,4,auto,1372,314,1911,1023,1569,616,1676,695,0.315,294.8,True,TN03D9766,0.985,TN03D9766,accepted,213.8
193,4,auto,1371,315,1910,1023,1570,618,1675,694,0.350,431.9,True,TN03D9766,0.981,TN03D9766,accepted,261.1
194,4,auto,1371,315,1909,1023,1570,617,1675,693,0.321,340.4,True,TN03D9766,0.974,TN03D9766,accepted,273.3
195,4,auto,1371,314,1909,1023,1571,620,1676,695,0.437,245.2,True,TN03D9766,0.980,TN03D9766,accepted,204.3
196,4,auto,1371,313,1910,1022,1568,621,1679,700,0.456,241.5,True,TN03D9766,0.988,TN03D9766,accepted,160.9
197,4,auto,1371,313,1910,1021,1568,621,1679,699,0.349,244.3,True,TN03D9766,0.986,TN03D9766,accepted,248.1
198,4,auto,1371,313,1910,1022,1569,622,1677,697,0.457,330.4,True,TN03D9766,0.980,TN03D9766,accepted,157.5
199,4,auto,1371,313,1910,1022,1569,621,1677,696,0.475,252.5,True,TN03D9766,0.983,TN03D9766,accepted,237.7
200,4,auto,1371,313,1910,1022,1568,621,1678,697,0.467,250.8,True,TN03D9766,0.985,TN03D9766,accepted,234.6
201,4,auto,1371,315,1910,1022,1566,622,1678,699,0.527,246.3,True,TN03D9766,0.978,TN03D9766,accepted,160.7
202,4,auto,1372,316,1911,1022,1567,623,1675,698,0.516,242.3,True,TN03D9766,0.989,TN03D9766,accepted,174.9
203,4,auto,1373,317,1911,1022,1569,626,1671,695,0.633,252.5,True,TN03D9766,0.988,TN03D9766,accepted,207.9
204,4,auto,1373,317,1912,1023,1570,627,1671,695,0.463,246.3,True,TN03D9766,0.985,TN03D9766,accepted,155.8
205,4,auto,1373,316,1913,1023,1567,624,1676,698,0.575,241.7,True,TN03D9766,0.992,TN03D9766,accepted,288.8
206,4,auto,1374,319,1911,1023,1565,624,1675,699,0.699,289.6,True,TN03D9766,0.982,TN03D9766,accepted,228.3
207,4,auto,1373,320,1911,1024,1565,624,1674,698,0.671,250.5,True,TN03D9766,0.975,TN03D9766,accepted,300.7
208,4,auto,1374,321,1911,1023,1561,625,1679,706,0.656,246.0,True,TN03D9766,0.988,TN03D9766,accepted,197.0
209,4,auto,1374,321,1911,1022,1563,624,1677,702,0.673,265.9,True,TN03D9766,0.985,TN03D9766,accepted,256.9
210,4,auto,1375,321,1912,1022,1560,624,1684,709,0.638,275.3,True,TN03D9766,0.982,TN03D9766,accepted,157.4
211,4,auto,1374,320,1913,1024,1559,625,1685,712,0.642,266.2,True,TN03D9766,0.987,TN03D9766,accepted,157.2
212,4,auto,1376,322,1914,1026,1562,624,1686,711,0.675,245.7,True,TN03D9766,0.972,TN03D9766,accepted,156.5
212,4,auto,1376,322,1914,1026,1563,621,1682,743,0.404,245.7,True,,,,no_text,135.8
213,4,auto,1375,322,1913,1025,1563,626,1682,709,0.608,252.8,True,TN03D9766,0.986,TN03D9766,accepted,268.3
214,4,auto,1374,322,1911,1025,1565,625,1675,702,0.676,262.5,True,TN03D9766,0.989,TN03D9766,accepted,274.0
215,4,auto,1373,322,1911,1025,1566,627,1674,702,0.652,331.6,True,TN03D9766,0.980,TN03D9766,accepted,159.6
216,4,auto,1374,322,1913,1026,1567,625,1674,700,0.684,255.9,True,TN03D9766,0.985,TN03D9766,accepted,231.5
217,4,auto,1375,321,1913,1025,1565,623,1678,702,0.541,240.2,True,TN03D9766,0.989,TN03D9766,accepted,309.8
218,4,auto,1374,319,1913,1024,1568,623,1678,700,0.597,263.2,True,TN03D9766,0.942,TN03D9766,accepted,241.7
219,4,auto,1374,320,1914,1026,1569,625,1675,698,0.714,258.6,True,TN03D9766,0.986,TN03D9766,accepted,160.5
220,4,auto,1375,320,1914,1024,1568,624,1677,699,0.610,246.8,True,TN03D9766,0.988,TN03D9766,accepted,161.6
221,4,auto,1375,319,1913,1023,1569,626,1674,698,0.448,255.8,True,TN03D9766,0.983,TN03D9766,accepted,162.0
222,4,auto,1375,319,1914,1024,1568,624,1675,698,0.624,245.3,True,TN03D9766,0.981,TN03D9766,accepted,159.4
223,4,auto,1374,318,1914,1024,1566,624,1677,699,0.655,246.8,True,TN03D9766,0.985,TN03D9766,accepted,160.3
224,4,auto,1375,318,1914,1024,1564,623,1682,703,0.559,242.9,True,TN03D9766,0.988,TN03D9766,accepted,161.1
225,4,auto,1376,319,1914,1024,1566,623,1680,700,0.654,262.5,True,TN03D9766,0.982,TN03D9766,accepted,250.8
226,4,auto,1376,319,1914,1024,1566,622,1680,700,0.647,424.9,True,TN03D9766,0.990,TN03D9766,accepted,180.3
227,4,auto,1376,320,1913,1023,1568,624,1677,697,0.581,336.8,True,TN03D9766,0.988,TN03D9766,accepted,207.4
228,4,auto,1377,320,1913,1022,1565,623,1681,701,0.604,259.3,True,TN03D9766,0.987,TN03D9766,accepted,388.3
229,4,auto,1376,320,1912,1021,1566,624,1678,699,0.540,274.0,True,TN03D9766,0.986,TN03D9766,accepted,177.9
230,4,auto,1377,321,1913,1021,1566,623,1678,699,0.590,294.6,True,TN03D9766,0.976,TN03D9766,accepted,159.5
231,4,auto,1377,320,1913,1021,1567,623,1679,699,0.521,243.7,True,TN03D9766,0.981,TN03D9766,accepted,160.9
232,4,auto,1377,320,1913,1021,1569,625,1674,695,0.487,233.2,True,TN03D9766,0.979,TN03D9766,accepted,173.8
233,4,auto,1376,320,1913,1021,1567,623,1678,698,0.617,261.5,True,TN03D9766,0.973,TN03D9766,accepted,166.6
234,4,auto,1376,320,1913,1020,1568,624,1677,696,0.604,236.8,True,TN03D9766,0.984,TN03D9766,accepted,158.2
235,4,auto,1376,319,1914,1021,1567,624,1679,699,0.534,240.0,True,TN03D9766,0.982,TN03D9766,accepted,165.0
236,4,auto,1376,320,1913,1021,1568,625,1678,697,0.670,243.4,True,TN03D9766,0.986,TN03D9766,accepted,209.8
237,4,auto,1376,320,1912,1021,1567,624,1680,699,0.625,247.6,True,TN03D9766,0.987,TN03D9766,accepted,251.6
238,4,auto,1375,320,1912,1020,1567,624,1680,698,0.578,259.9,True,TN03D9766,0.983,TN03D9766,accepted,157.6
239,4,auto,1376,321,1912,1020,1568,624,1679,697,0.637,403.1,True,TN03D9766,0.971,TN03D9766,accepted,168.7
240,4,auto,1374,319,1913,1021,1566,625,1679,700,0.610,265.2,True,TN03D9766,0.981,TN03D9766,accepted,166.8
241,4,auto,1373,319,1912,1021,1566,624,1680,699,0.554,251.5,True,TN03D9766,0.970,TN03D9766,accepted,159.7
242,4,auto,1374,321,1912,1022,1568,625,1679,698,0.609,247.3,True,TN03D9766,0.990,TN03D9766,accepted,241.8
243,4,auto,1375,323,1914,1025,1563,622,1690,707,0.641,267.2,True,TN03D9766,0.983,TN03D9766,accepted,157.0
243,4,auto,1375,323,1914,1025,1561,619,1687,748,0.317,267.2,True,TN03D9766,0.963,TN03D9766,accepted,244.9
244,4,auto,1376,323,1915,1025,1559,623,1692,713,0.645,271.1,True,TN03D9766,0.987,TN03D9766,accepted,159.1
244,121,car,944,382,1143,528,991,478,1041,495,0.434,271.1,True,,,,no_text,69.7
244,4,auto,1376,323,1915,1025,1561,621,1686,749,0.438,271.1,True,TN03D9766,0.964,TN03D9766,accepted,287.1
245,4,auto,1376,323,1915,1026,1556,623,1695,718,0.613,268.2,True,TN03D9766,0.954,TN03D9766,accepted,159.4
246,4,auto,1375,323,1915,1026,1560,625,1690,715,0.563,249.8,True,TN03D9766,0.980,TN03D9766,accepted,204.7
246,4,auto,1375,323,1915,1026,1562,622,1686,749,0.343,249.8,True,TN0309766,0.954,TN03O9766,accepted,235.9
247,4,auto,1374,323,1913,1025,1565,624,1686,708,0.591,258.0,True,TN03D9766,0.985,TN03D9766,accepted,165.4
248,4,auto,1376,323,1914,1023,1570,626,1682,703,0.652,273.2,True,TN03D9766,0.970,TN03D9766,accepted,157.4
248,121,car,900,382,1122,542,949,487,1008,506,0.527,273.2,True,,,,no_text,183.3
249,4,auto,1377,324,1914,1024,1567,625,1686,708,0.633,276.4,True,TN03D9766,0.987,TN03D9766,accepted,184.4
249,4,auto,1377,324,1914,1024,1567,621,1688,744,0.435,276.4,True,TN03D9766,0.932,TN03D9766,accepted,191.8
250,4,auto,1377,324,1915,1024,1562,625,1692,716,0.693,254.0,True,TN03D9766,0.986,TN03D9766,accepted,180.7
251,4,auto,1379,324,1916,1023,1568,624,1690,709,0.592,280.8,True,TN03D9766,0.988,TN03D9766,accepted,170.5
251,4,auto,1379,324,1916,1023,1567,622,1692,750,0.290,280.8,True,TN03D9766,0.953,TN03D9766,accepted,236.2
252,4,auto,1379,324,1916,1023,1572,624,1688,705,0.559,276.4,True,TN03D9766,0.982,TN03D9766,accepted,201.0
252,121,car,821,383,1085,571,869,507,942,530,0.614,276.4,True,TNAVAREOE,0.701,,rejected,186.4
253,4,auto,1380,324,1917,1023,1574,624,1686,702,0.532,254.0,True,TN03D9766,0.987,TN03D9766,accepted,281.0
253,121,car,802,382,1078,577,852,509,932,534,0.628,254.0,True,TNATARCON,0.650,,rejected,180.5
254,4,auto,1380,325,1917,1023,1571,625,1690,708,0.559,320.4,True,TN03D9766,0.987,TN03D9766,accepted,154.5
254,121,car,782,382,1070,584,832,513,913,540,0.616,320.4,True,,,,no_text,69.7
254,4,auto,1380,325,1917,1023,1569,624,1693,751,0.343,320.4,True,TN03D9766,0.927,TN03D9766,accepted,246.5
255,4,auto,1380,323,1917,1022,1571,624,1692,708,0.656,250.9,True,TN03D9766,0.974,TN03D9766,accepted,157.6
255,121,car,762,381,1062,592,816,519,900,546,0.585,250.9,True,TN41AR002,0.775,TN41AR002,accepted,178.6
255,4,auto,1380,323,1917,1022,1568,622,1693,750,0.297,250.9,True,TN03D9766,0.960,TN03D9766,accepted,240.0
256,4,auto,1379,323,1917,1022,1572,624,1689,705,0.608,247.8,True,TN03D9766,0.983,TN03D9766,accepted,179.5
256,121,car,739,381,1054,599,795,524,881,552,0.547,247.8,True,TNA1ARD082,0.710,,rejected,155.6
257,4,auto,1379,323,1917,1022,1573,626,1687,705,0.473,261.5,True,TN03D9766,0.987,TN03D9766,accepted,156.7
258,4,auto,1380,323,1918,1022,1573,625,1686,703,0.534,265.3,True,TN03D9766,0.983,TN03D9766,accepted,160.6
259,4,auto,1381,325,1918,1022,1571,624,1692,708,0.466,255.3,True,TN03D9766,0.984,TN03D9766,accepted,279.9
260,4,auto,1381,324,1919,1022,1574,625,1689,705,0.347,248.9,True,TN03D9766,0.988,TN03D9766,accepted,271.6
261,4,auto,1384,324,1920,1025,1579,625,1694,705,0.367,259.0,True,TN03D9766,0.985,TN03D9766,accepted,159.1
262,4,auto,1385,325,1920,1026,1582,626,1693,703,0.353,241.2,True,TN03D9766,0.981,TN03D9766,accepted,164.2
263,4,auto,1384,324,1920,1027,1584,625,1693,701,0.258,243.3,True,TN03D9766,0.983,TN03D9766,accepted,165.3
267,4,auto,1388,326,1920,1029,1589,628,1695,700,0.465,291.7,True,TN03D9766,0.985,TN03D9766,accepted,212.4
269,4,auto,1388,322,1920,1027,1593,629,1692,695,0.275,282.2,True,TN03D9766,0.985,TN03D9766,accepted,203.4
270,4,auto,1389,324,1920,1027,1591,628,1693,697,0.363,250.8,True,TN03D9766,0.983,TN03D9766,accepted,226.7
272,4,auto,1390,323,1920,1026,1592,629,1695,698,0.372,316.6,True,TN03D9766,0.987,TN03D9766,accepted,165.4
273,4,auto,1390,321,1920,1025,1592,628,1694,696,0.365,408.3,True,TN03D9766,0.980,TN03D9766,accepted,228.6
274,4,auto,1389,323,1920,1026,1591,628,1693,696,0.386,260.0,True,TN03D9766,0.977,TN03D9766,accepted,205.5
275,4,auto,1391,323,1920,1026,1588,628,1699,702,0.386,254.2,True,TN03D9766,0.976,TN03D9766,accepted,266.2
276,4,auto,1390,323,1920,1027,1591,628,1697,698,0.381,442.6,True,TN03D9766,0.975,TN03D9766,accepted,208.6
277,4,auto,1390,323,1920,1028,1592,629,1694,697,0.322,339.0,True,TN03D9766,0.959,TN03D9766,accepted,210.5
278,4,auto,1389,323,1920,1029,1593,630,1693,696,0.349,339.1,True,TN03D9766,0.985,TN03D9766,accepted,216.2
279,4,auto,1389,321,1920,1027,1594,629,1693,694,0.364,263.3,True,TN03D9766,0.987,TN03D9766,accepted,159.0
280,4,auto,1390,323,1920,1028,1594,629,1694,694,0.409,254.9,True,TN03D9766,0.977,TN03D9766,accepted,216.1
281,4,auto,1391,322,1920,1027,1590,628,1698,699,0.445,250.0,True,TN03D9766,0.988,TN03D9766,accepted,232.0
282,4,auto,1391,322,1920,1027,1587,629,1698,702,0.258,254.1,True,TN03D9766,0.985,TN03D9766,accepted,161.0
285,4,auto,1392,320,1920,1026,1591,629,1696,697,0.495,293.9,True,TN03D9766,0.981,TN03D9766,accepted,171.9
286,4,auto,1391,320,1920,1026,1592,628,1695,696,0.339,290.8,True,TN03D9766,0.961,TN03D9766,accepted,200.4
287,4,auto,1392,321,1920,1026,1587,628,1702,704,0.268,238.7,True,TN03D9766,0.988,TN03D9766,accepted,160.8
289,4,auto,1393,322,1920,1028,1587,627,1704,705,0.498,248.4,True,TN03D9766,0.974,TN03D9766,accepted,157.3
290,4,auto,1393,324,1920,1029,1588,628,1698,701,0.325,283.9,True,TN03D9766,0.984,TN03D9766,accepted,165.3
299,4,auto,1394,324,1919,1028,1593,628,1696,697,0.339,243.7,True,TN03D9766,0.989,TN03D9766,accepted,209.9
311,4,auto,1393,320,1919,1028,1695,820,1781,870,0.322,240.7,True,,,,no_text,116.6
312,4,auto,1395,322,1919,1028,1591,628,1695,697,0.297,321.8,True,TN03D9766,0.976,TN03D9766,accepted,306.0
314,4,auto,1394,320,1919,1026,1701,824,1779,869,0.286,227.3,True,,,,no_text,57.9
315,4,auto,1395,322,1919,1027,1590,630,1694,699,0.261,316.5,True,TN03D9766,0.988,TN03D9766,accepted,173.7
320,4,auto,1393,321,1918,1026,1692,818,1782,870,0.292,243.7,True,,,,no_text,53.0
323,4,auto,1395,322,1919,1026,1692,818,1780,870,0.327,232.3,True,,,,no_text,52.6
324,4,auto,1395,323,1919,1025,1688,815,1781,870,0.334,223.0,True,,,,no_text,54.9
325,4,auto,1395,321,1919,1026,1695,819,1780,870,0.300,238.6,True,,,,no_text,52.0
333,4,auto,1394,322,1919,1026,1695,820,1782,870,0.275,239.7,True,,,,no_text,59.0
334,4,auto,1394,321,1919,1026,1696,821,1780,870,0.373,270.7,True,,,,no_text,55.9
336,4,auto,1394,322,1919,1026,1695,820,1781,870,0.311,261.5,True,,,,no_text,52.6
337,4,auto,1394,322,1919,1027,1693,818,1782,870,0.275,243.8,True,,,,no_text,99.6
338,4,auto,1395,323,1919,1026,1688,815,1781,870,0.287,407.3,True,,,,no_text,55.6
340,4,auto,1395,321,1920,1026,1692,818,1779,870,0.314,286.1,True,,,,no_text,52.3
341,4,auto,1395,321,1920,1026,1696,821,1780,870,0.306,311.0,True,,,,no_text,59.9
343,4,auto,1396,322,1920,1027,1690,814,1784,871,0.273,275.1,True,,,,no_text,51.0
344,4,auto,1394,321,1919,1026,1695,819,1783,871,0.286,252.3,True,,,,no_text,53.0
347,4,auto,1395,322,1919,1027,1699,822,1783,871,0.255,250.1,True,,,,no_text,50.7
349,4,auto,1394,320,1918,1025,1693,819,1781,870,0.294,273.4,True,,,,no_text,51.5
357,4,auto,1395,323,1918,1026,1696,821,1781,869,0.386,275.5,True,,,,no_text,55.6
358,4,auto,1396,323,1920,1027,1692,818,1782,870,0.289,264.8,True,,,,no_text,57.2
368,4,auto,1392,319,1919,1026,1693,817,1784,870,0.299,264.9,True,,,,no_text,54.0
369,4,auto,1392,320,1919,1026,1687,815,1782,870,0.282,279.2,True,,,,no_text,53.3
374,4,auto,1394,330,1918,1031,1582,629,1697,701,0.336,272.4,True,TN03D9766,0.982,TN03D9766,accepted,355.5
375,4,auto,1393,330,1918,1032,1575,630,1704,711,0.275,393.0,True,TN03D9766,0.982,TN03D9766,accepted,346.1
376,4,auto,1394,329,1918,1031,1583,630,1699,703,0.512,357.0,True,TN03D9766,0.987,TN03D9766,accepted,159.0
377,4,auto,1393,330,1918,1032,1586,631,1697,701,0.257,405.0,True,TN03D9766,0.976,TN03D9766,accepted,212.3
378,4,auto,1395,330,1919,1030,1589,630,1697,698,0.492,255.7,True,TN03D9766,0.955,TN03D9766,accepted,203.0
379,4,auto,1395,330,1919,1030,1587,630,1699,701,0.420,239.5,True,TN03D9766,0.974,TN03D9766,accepted,276.7
380,4,auto,1394,331,1918,1033,1588,634,1705,707,0.322,269.8,True,TN03D9766,0.987,TN03D9766,accepted,164.3
381,4,auto,1394,333,1918,1033,1589,634,1696,701,0.376,294.5,True,TN03D9766,0.957,TN03D9766,accepted,207.1
382,4,auto,1394,332,1918,1032,1589,634,1695,701,0.370,254.3,True,TN03D9766,0.967,TN03D9766,accepted,231.4
383,4,auto,1394,332,1918,1033,1591,635,1695,700,0.311,246.2,True,TN03D9766,0.975,TN03D9766,accepted,165.6
384,4,auto,1394,330,1918,1031,1589,631,1699,700,0.471,270.5,True,TN03D9766,0.966,TN03D9766,accepted,217.4
385,4,auto,1393,331,1918,1033,1587,632,1701,703,0.394,455.6,True,TN03D9766,0.975,TN03D9766,accepted,236.1
386,4,auto,1393,332,1918,1034,1588,633,1703,705,0.350,405.8,True,TN03D9766,0.955,TN03D9766,accepted,196.0
387,4,auto,1392,332,1918,1034,1588,633,1702,704,0.404,372.4,True,TN03D9766,0.969,TN03D9766,accepted,207.9
388,4,auto,1395,332,1920,1033,1591,634,1699,701,0.545,261.3,True,TN03D9766,0.968,TN03D9766,accepted,351.8
389,4,auto,1396,331,1920,1032,1593,634,1700,700,0.473,266.7,True,TN03D9766,0.985,TN03D9766,accepted,249.3
390,4,auto,1396,330,1920,1032,1591,632,1700,699,0.388,266.0,True,TN03D9766,0.977,TN03D9766,accepted,238.0
391,4,auto,1395,330,1919,1031,1591,632,1700,700,0.379,268.4,True,TN03D9766,0.978,TN03D9766,accepted,208.5
392,4,auto,1395,331,1919,1032,1588,631,1706,703,0.550,249.0,True,TN03D9766,0.963,TN03D9766,accepted,212.9
393,4,auto,1398,330,1920,1032,1592,631,1705,701,0.576,238.5,True,TN03D9766,0.972,TN03D9766,accepted,297.5
394,4,auto,1399,332,1920,1034,1593,632,1710,704,0.608,273.7,True,TN03D9766,0.948,TN03D9766,accepted,210.7
395,4,auto,1398,330,1920,1033,1597,632,1708,700,0.522,263.5,True,TN03D9766,0.973,TN03D9766,accepted,205.9
396,4,auto,1399,330,1920,1034,1595,633,1711,704,0.608,257.4,True,TN03D9766,0.974,TN03D9766,accepted,348.1
397,4,auto,1399,329,1920,1034,1597,633,1710,702,0.651,264.3,True,TN03D9766,0.971,TN03D9766,accepted,246.2
397,4,auto,1399,329,1920,1034,1593,630,1715,754,0.334,264.3,True,TN03D9766,0.952,TN03D9766,accepted,227.2
398,4,auto,1400,329,1920,1034,1598,632,1711,701,0.634,272.6,True,TN03D9766,0.983,TN03D9766,accepted,208.8
398,4,auto,1400,329,1920,1034,1594,629,1716,754,0.369,272.6,True,TN03D9766,0.954,TN03D9766,accepted,194.3
399,4,auto,1400,330,1920,1036,1599,633,1710,700,0.498,258.8,True,TN03D9766,0.966,TN03D9766,accepted,159.8
400,4,auto,1401,329,1920,1036,1597,632,1711,701,0.593,254.3,True,TN03D9766,0.980,TN03D9766,accepted,158.9
400,4,auto,1401,329,1920,1036,1593,629,1717,755,0.363,254.3,True,TN03D9766,0.965,TN03D9766,accepted,246.9
401,4,auto,1402,331,1920,1034,1597,632,1710,701,0.324,263.4,True,TN03D9766,0.978,TN03D9766,accepted,175.8
402,4,auto,1402,329,1920,1035,1600,633,1709,700,0.517,269.9,True,TN03D9766,0.990,TN03D9766,accepted,190.1
403,4,auto,1403,329,1920,1035,1599,630,1713,700,0.540,255.9,True,TN03D9766,0.982,TN03D9766,accepted,349.1
404,4,auto,1404,329,1920,1037,1600,630,1715,701,0.639,362.2,True,TN03D9766,0.987,TN03D9766,accepted,168.3
405,4,auto,1405,330,1920,1037,1599,630,1716,702,0.606,248.6,True,TN03D9766,0.978,TN03D9766,accepted,229.2
406,4,auto,1403,328,1920,1036,1599,629,1715,700,0.501,258.4,True,TN03D9766,0.982,TN03D9766,accepted,285.9
407,4,auto,1405,329,1920,1036,1599,630,1716,703,0.620,308.6,True,TN03D9766,0.981,TN03D9766,accepted,183.0
407,4,auto,1405,329,1920,1036,1599,628,1719,750,0.292,308.6,True,TN03D9766,0.977,TN03D9766,accepted,181.0
408,4,auto,1405,329,1920,1036,1598,629,1717,703,0.680,264.1,True,TN03D9766,0.978,TN03D9766,accepted,174.1
408,4,auto,1405,329,1920,1036,1600,626,1718,746,0.307,264.1,True,TN03D9766,0.979,TN03D9766,accepted,179.2
409,4,auto,1404,328,1920,1037,1600,629,1715,700,0.628,347.2,True,TN03D9766,0.947,TN03D9766,accepted,159.0
410,4,auto,1404,328,1920,1037,1601,628,1713,698,0.589,260.9,True,TN03D9766,0.971,TN03D9766,accepted,200.1
411,4,auto,1403,327,1920,1037,1600,628,1714,699,0.673,278.0,True,TN03D9766,0.990,TN03D9766,accepted,285.1
412,4,auto,1404,328,1920,1037,1600,628,1714,700,0.679,446.1,True,TN03D9766,0.975,TN03D9766,accepted,273.9
413,4,auto,1406,328,1920,1035,1603,630,1714,699,0.615,325.1,True,TN03D9766,0.981,TN03D9766,accepted,158.5
414,4,auto,1408,328,1920,1034,1604,629,1717,700,0.672,267.7,True,TN03D9766,0.986,TN03D9766,accepted,189.8
415,4,auto,1410,329,1920,1034,1606,630,1720,702,0.628,279.4,True,TN03D9766,0.978,TN03D9766,accepted,168.2
416,4,auto,1410,330,1920,1034,1608,632,1720,703,0.603,248.7,True,TN03D9766,0.972,TN03D9766,accepted,244.3
416,4,auto,1410,330,1920,1034,1605,628,1724,748,0.325,248.7,True,TN03D9766,0.969,TN03D9766,accepted,228.5
417,4,auto,1410,330,1920,1034,1611,632,1719,701,0.594,286.4,True,TN03D9766,0.965,TN03D9766,accepted,202.2
417,4,auto,1410,330,1920,1034,1606,627,1725,747,0.261,286.4,True,TN03D9766,0.943,TN03D9766,accepted,279.7
418,4,auto,1411,329,1920,1033,1610,632,1717,700,0.542,281.7,True,TN03D9766,0.965,TN03D9766,accepted,210.5
419,4,auto,1412,330,1920,1035,1613,634,1722,701,0.525,253.0,True,TN03D9766,0.963,TN03D9766,accepted,289.5
420,4,auto,1414,330,1920,1034,1613,633,1723,702,0.589,256.8,True,TN03D9766,0.974,TN03D9766,accepted,246.3
420,4,auto,1414,330,1920,1034,1607,624,1731,748,0.250,256.8,True,TN03D9766,0.972,TN03D9766,accepted,275.2
421,4,auto,1415,330,1920,1034,1613,632,1725,702,0.641,288.5,True,TN03D9766,0.981,TN03D9766,accepted,218.7
421,4,auto,1415,330,1920,1034,1613,624,1729,739,0.400,288.5,True,,,,no_text,145.8
422,4,auto,1416,330,1920,1034,1613,631,1727,703,0.629,272.2,True,TN03D9766,0.966,TN03D9766,accepted,225.2
422,4,auto,1416,330,1920,1034,1613,624,1730,739,0.355,272.2,True,TN03D9766,0.968,TN03D9766,accepted,183.6
422,187,motorcycle,1006,453,1156,689,1038,510,1102,543,0.519,272.2,True,,,,no_text,163.6
423,4,auto,1415,328,1920,1034,1610,628,1731,704,0.649,276.3,True,TN03D9766,0.983,TN03D9766,accepted,164.2
423,4,auto,1415,328,1920,1034,1611,622,1732,741,0.264,276.3,True,D970,0.506,,rejected,139.8
423,187,motorcycle,997,452,1151,696,1034,511,1100,545,0.485,276.3,True,,,,no_text,63.8
424,4,auto,1418,329,1920,1034,1614,628,1734,703,0.628,316.4,True,TN03D9766,0.959,TN03D9766,accepted,162.0
424,4,auto,1418,329,1920,1034,1614,622,1737,743,0.320,316.4,True,,,,no_text,140.3
425,4,auto,1419,330,1920,1035,1616,629,1733,702,0.609,286.2,True,TN03D9766,0.967,TN03D9766,accepted,160.3
425,4,auto,1419,330,1920,1035,1617,623,1736,738,0.316,286.2,True,,,,no_text,144.2
425,187,motorcycle,970,461,1135,721,1004,528,1076,561,0.513,286.2,True,,,,no_text,65.9
426,4,auto,1420,331,1920,1035,1617,630,1735,704,0.666,262.9,True,TN03D9766,0.971,TN03D9766,accepted,159.2
426,4,auto,1420,331,1920,1035,1620,623,1736,734,0.504,262.9,True,TN03D9766,0.986,TN03D9766,accepted,183.2
426,187,motorcycle,960,460,1133,731,993,531,1070,566,0.607,262.9,True,,,,no_text,60.4
427,4,auto,1420,330,1920,1034,1617,628,1737,703,0.595,257.7,True,TN03D9766,0.976,TN03D9766,accepted,167.3
427,187,motorcycle,951,464,1129,744,985,536,1057,570,0.486,257.7,True,,,,no_text,74.9
428,4,auto,1421,330,1920,1035,1617,627,1740,704,0.682,259.3,True,TN03D9766,0.975,TN03D9766,accepted,158.4
428,187,motorcycle,937,466,1121,756,971,538,1052,575,0.668,259.3,True,,,,no_text,58.0
428,4,auto,1421,330,1920,1035,1621,623,1741,737,0.435,259.3,True,TN03D9766,0.976,TN03D9766,accepted,197.9
429,4,auto,1422,330,1920,1035,1617,629,1741,706,0.627,328.4,True,TN03D9766,0.968,TN03D9766,accepted,164.8
429,187,motorcycle,926,471,1115,769,962,545,1039,581,0.506,328.4,True,,,,no_text,56.2
429,4,auto,1422,330,1920,1035,1622,623,1742,737,0.343,328.4,True,TN03D9766,0.965,TN03D9766,accepted,189.3
430,4,auto,1423,328,1920,1034,1619,627,1739,702,0.601,256.3,True,TN03D9766,0.976,TN03D9766,accepted,162.2
430,187,motorcycle,913,473,1109,781,948,551,1027,588,0.625,256.3,True,,,,no_text,57.3
431,4,auto,1423,328,1920,1034,1618,626,1741,703,0.606,251.6,True,TN03D9766,0.974,TN03D9766,accepted,167.2
431,187,motorcycle,898,469,1106,797,934,556,1016,595,0.711,251.6,True,,,,no_text,62.5
432,4,auto,1423,327,1920,1035,1619,626,1740,702,0.581,272.4,True,TN03D9766,0.974,TN03D9766,accepted,164.7
432,187,motorcycle,884,472,1100,812,920,562,1002,601,0.625,272.4,True,,,,no_text,57.2
433,4,auto,1423,327,1920,1035,1622,627,1739,701,0.696,268.4,True,TN03D9766,0.978,TN03D9766,accepted,160.6
433,187,motorcycle,865,475,1092,833,906,573,986,611,0.641,268.4,True,,,,no_text,153.1
434,4,auto,1424,326,1920,1036,1625,628,1739,699,0.661,275.1,True,TN03D9766,0.987,TN03D9766,accepted,162.2
434,187,motorcycle,846,480,1084,854,890,583,971,621,0.600,275.1,True,TNIOBY5351,0.740,TN1OBY5351,accepted,202.2
435,4,auto,1424,327,1920,1038,1628,630,1740,700,0.504,273.2,True,TN03D9766,0.970,TN03D9766,accepted,163.1
435,187,motorcycle,823,479,1076,877,865,591,956,635,0.592,273.2,True,STNIOBY5351,0.779,TN1OBY5351,accepted,200.3
436,4,auto,1422,326,1920,1038,1630,630,1739,698,0.588,260.8,True,TN03D9766,0.978,TN03D9766,accepted,165.3
436,187,motorcycle,802,485,1065,898,844,601,937,646,0.656,260.8,True,INIOBY5351,0.779,TN1OBY5351,accepted,245.6
437,4,auto,1423,327,1920,1038,1631,629,1739,697,0.461,329.6,True,TN03D9766,0.991,TN03D9766,accepted,159.0
437,187,motorcycle,777,489,1056,927,818,610,921,659,0.621,329.6,True,TN108Y5351,0.791,TN1OBY5351,accepted,212.9
438,4,auto,1425,328,1920,1039,1634,631,1741,698,0.377,283.7,True,TN03D9766,0.990,TN03D9766,accepted,286.8
438,187,motorcycle,751,495,1046,954,795,626,894,674,0.639,283.7,True,TNI0BY5351,0.862,NL0BY5351,accepted,224.0
439,187,motorcycle,720,499,1034,986,766,642,866,690,0.580,246.7,True,TA10BY5351,0.812,,rejected,207.9
440,187,motorcycle,685,502,1022,1020,726,652,839,708,0.587,420.3,True,TN108Y5351,0.911,TN1OBY5351,accepted,206.8
440,4,auto,1430,329,1920,1037,1637,631,1742,697,0.352,420.3,True,TN03D9766,0.981,TN03D9766,accepted,188.2
441,4,auto,1431,328,1920,1038,1637,629,1751,700,0.549,452.6,True,TN03D9766,0.977,TN03D9766,accepted,171.5
442,4,auto,1432,328,1920,1038,1637,628,1757,702,0.470,270.2,True,TN03D9766,0.974,TN03D9766,accepted,165.1
445,4,auto,1437,327,1920,1038,1639,627,1761,704,0.363,245.1,True,TN03D9766,0.981,TN03D9766,accepted,168.0
446,4,auto,1438,328,1920,1039,1640,627,1762,703,0.478,266.9,True,TN03D9766,0.979,TN03D9766,accepted,158.5
447,4,auto,1439,328,1920,1040,1640,628,1762,704,0.528,246.4,True,TN03D9766,0.971,TN03D9766,accepted,162.9
449,4,auto,1440,328,1920,1040,1642,630,1758,703,0.448,294.4,True,TN03D9766,0.981,TN03D9766,accepted,205.0
450,4,auto,1441,328,1920,1040,1643,629,1758,701,0.292,261.6,True,TN03D9766,0.981,TN03D9766,accepted,156.9
451,4,auto,1441,326,1920,1040,1641,628,1760,703,0.271,245.2,True,TN03D9766,0.981,TN03D9766,accepted,285.8
453,4,auto,1442,328,1920,1040,1640,627,1762,705,0.329,350.9,True,TN03D9766,0.975,TN03D9766,accepted,162.0
458,4,auto,1442,326,1920,1040,1639,628,1759,704,0.273,275.5,True,TN03D9766,0.977,TN03D9766,accepted,205.5
459,4,auto,1442,327,1920,1040,1638,627,1762,706,0.391,425.0,True,TN03D9766,0.971,TN03D9766,accepted,194.2
461,4,auto,1443,327,1920,1040,1635,626,1764,709,0.378,234.4,True,TN03D9766,0.971,TN03D9766,accepted,165.7
462,4,auto,1443,327,1920,1040,1633,626,1765,711,0.345,251.2,True,TN03D9766,0.985,TN03D9766,accepted,160.7
464,4,auto,1444,326,1920,1040,1637,626,1763,709,0.319,240.1,True,TN03D9766,0.974,TN03D9766,accepted,212.9
465,4,auto,1444,327,1920,1040,1638,627,1762,708,0.392,242.4,True,TN03D9766,0.966,TN03D9766,accepted,207.7
466,4,auto,1444,327,1920,1040,1639,627,1761,707,0.259,239.0,True,TN03D9766,0.983,TN03D9766,accepted,165.4
467,4,auto,1444,327,1920,1040,1639,627,1760,707,0.406,388.0,True,TN03D9766,0.983,TN03D9766,accepted,175.5
468,4,auto,1444,326,1920,1040,1640,627,1759,705,0.456,252.0,True,TN03D9766,0.985,TN03D9766,accepted,343.0
469,4,auto,1444,324,1920,1039,1639,628,1757,706,0.499,264.5,True,TN03D9766,0.988,TN03D9766,accepted,204.7
469,4,auto,1444,324,1920,1039,1631,625,1763,757,0.317,264.5,True,TN03D9766,0.937,TN03D9766,accepted,225.2
470,4,auto,1445,325,1920,1040,1639,628,1756,706,0.406,246.3,True,TN03D9766,0.972,TN03D9766,accepted,202.2
471,4,auto,1445,326,1920,1040,1636,627,1760,709,0.485,239.2,True,TN03D9766,0.986,TN03D9766,accepted,158.2
471,4,auto,1445,326,1920,1040,1628,621,1765,757,0.298,239.2,True,BN70,0.500,,rejected,180.5
472,4,auto,1444,327,1919,1040,1637,627,1760,708,0.314,373.1,True,TN03D9766,0.977,TN03D9766,accepted,296.0
473,4,auto,1444,327,1920,1040,1635,626,1761,710,0.457,253.8,True,TN03D9766,0.978,TN03D9766,accepted,164.2
473,4,auto,1444,327,1920,1040,1628,619,1765,757,0.300,253.8,True,TN03D9766,0.946,TN03D9766,accepted,182.4
474,4,auto,1444,327,1920,1040,1635,626,1761,711,0.317,248.6,True,TN03D9766,0.986,TN03D9766,accepted,289.5
475,4,auto,1444,326,1920,1040,1635,628,1757,709,0.290,326.7,True,TN03D9766,0.981,TN03D9766,accepted,284.7
476,4,auto,1445,327,1920,1040,1634,627,1758,710,0.353,439.7,True,TN03D9766,0.988,TN03D9766,accepted,204.4
477,4,auto,1444,327,1919,1040,1635,628,1757,710,0.372,426.3,True,TN03D9766,0.987,TN03D9766,accepted,204.1
478,4,auto,1445,327,1920,1039,1627,627,1767,723,0.367,370.1,True,TN03D9766,0.989,TN03D9766,accepted,176.5
478,4,auto,1445,327,1920,1039,1627,623,1760,756,0.497,370.1,True,N03D9766,0.909,NL3D9766,accepted,326.4
479,4,auto,1445,327,1919,1039,1634,628,1761,715,0.453,269.3,True,TN03D9766,0.986,TN03D9766,accepted,160.0
479,4,auto,1445,327,1919,1039,1629,624,1762,757,0.322,269.3,True,,,,no_text,184.6
480,4,auto,1443,325,1919,1039,1638,628,1753,706,0.435,261.2,True,TN03D9766,0.974,TN03D9766,accepted,162.7
481,4,auto,1443,326,1918,1039,1629,624,1761,756,0.252,242.1,True,TN03D9766,0.937,TN03D9766,accepted,200.6
482,4,auto,1445,327,1919,1039,1635,627,1756,709,0.370,244.8,True,TN03D9766,0.971,TN03D9766,accepted,294.3
483,255,car,1042,396,1205,515,1080,469,1119,487,0.512,284.2,True,,,,no_text,62.2
483,4,auto,1444,324,1920,1038,1640,626,1753,702,0.572,284.2,True,TN03D9766,0.981,TN03D9766,accepted,170.1
484,4,auto,1443,323,1920,1038,1642,626,1751,699,0.553,251.2,True,TN03D9766,0.981,TN03D9766,accepted,161.8
485,4,auto,1443,322,1920,1038,1642,624,1753,699,0.595,243.4,True,TN03D9766,0.982,TN03D9766,accepted,284.3
485,255,car,1025,396,1195,519,1067,471,1104,487,0.524,243.4,True,,,,no_text,71.2
486,4,auto,1443,322,1919,1037,1642,624,1754,699,0.593,266.7,True,TN03D9766,0.979,TN03D9766,accepted,283.6
487,4,auto,1443,323,1919,1037,1642,625,1753,699,0.563,296.4,True,TN03D9766,0.978,TN03D9766,accepted,175.5
488,4,auto,1444,323,1919,1037,1642,625,1753,699,0.544,256.6,True,TN03D9766,0.976,TN03D9766,accepted,232.9
488,255,car,998,397,1180,527,1040,478,1087,497,0.594,256.6,True,,,,no_text,64.4
489,4,auto,1443,323,1918,1037,1640,624,1756,701,0.620,441.6,True,TN03D9766,0.939,TN03D9766,accepted,162.8
489,255,car,990,397,1177,530,1026,479,1083,501,0.482,441.6,True,,,,no_text,68.0
490,4,auto,1443,322,1918,1036,1638,623,1761,706,0.551,440.5,True,TN03D9766,0.985,TN03D9766,accepted,164.2
490,255,car,979,395,1173,533,1018,479,1076,502,0.481,440.5,True,,,,no_text,68.5
491,255,car,969,393,1168,535,1008,482,1063,504,0.615,434.6,True,,,,no_text,128.6
492,255,car,959,394,1164,539,1000,487,1050,507,0.628,422.0,True,,,,no_text,51.8
492,4,auto,1444,321,1920,1036,1640,623,1763,705,0.427,422.0,True,TN03D9766,0.980,TN03D9766,accepted,175.0
493,255,car,948,394,1158,542,994,490,1041,508,0.627,417.1,True,,,,no_text,143.6
493,4,auto,1446,320,1920,1036,1645,625,1760,701,0.285,417.1,True,TN03D9766,0.976,TN03D9766,accepted,225.4
494,255,car,937,394,1154,546,982,492,1030,510,0.668,308.6,True,,,,no_text,67.2
494,4,auto,1446,318,1920,1037,1648,625,1761,700,0.318,308.6,True,TN03D9766,0.988,TN03D9766,accepted,216.8
495,255,car,924,395,1147,552,970,495,1019,513,0.636,255.7,True,,,,no_text,68.5
495,4,auto,1445,317,1920,1038,1649,624,1764,701,0.438,255.7,True,TN03D9766,0.983,TN03D9766,accepted,210.4
496,255,car,912,394,1142,555,954,498,1008,518,0.668,250.5,True,,,,no_text,141.7
496,4,auto,1446,317,1920,1037,1647,621,1769,702,0.267,250.5,True,TN03D9766,0.992,TN03D9766,accepted,209.8
497,255,car,898,395,1135,559,941,501,997,522,0.628,333.0,True,TEOTNTOKAS,0.575,,rejected,205.5
497,4,auto,1447,316,1920,1036,1648,622,1770,703,0.574,333.0,True,TN03D9766,0.988,TN03D9766,accepted,210.1
498,255,car,884,395,1128,562,925,504,984,527,0.654,269.8,True,,,,no_text,142.2
498,4,auto,1448,316,1920,1035,1653,624,1769,701,0.479,269.8,True,TN03D9766,0.984,TN03D9766,accepted,204.4
499,255,car,867,393,1121,567,909,507,971,530,0.699,256.0,True,,,,no_text,139.8
499,4,auto,1448,317,1920,1035,1656,625,1768,700,0.409,256.0,True,TN03D9766,0.981,TN03D9766,accepted,241.2
500,255,car,849,392,1113,572,894,510,959,534,0.748,247.7,True,8535,0.788,,rejected,183.7
500,4,auto,1450,317,1920,1035,1658,626,1766,698,0.370,247.7,True,DTN03D9766,0.842,TN03D9766,accepted,242.4
501,255,car,830,392,1105,578,878,515,940,537,0.704,259.3,True,T535,0.631,,rejected,155.0
501,4,auto,1451,316,1920,1034,1661,627,1766,696,0.333,259.3,True,TN03D9766,0.989,TN03D9766,accepted,236.0
502,255,car,809,392,1095,585,856,519,920,542,0.763,390.7,True,09T8635,0.844,,rejected,145.5
503,255,car,787,392,1085,592,834,525,903,550,0.661,260.1,True,TH09MT0535,0.692,TN09MT0535,accepted,138.5
503,4,auto,1454,316,1920,1034,1659,625,1772,699,0.279,260.1,True,TN03D9766,0.983,TN03D9766,accepted,193.6
507,4,auto,1458,315,1920,1032,1660,625,1771,698,0.324,241.7,True,TN03D9766,0.978,TN03D9766,accepted,158.8
508,4,auto,1458,315,1920,1032,1660,626,1770,697,0.339,240.1,True,TN03D9766,0.976,TN03D9766,accepted,164.3
509,4,auto,1458,315,1920,1033,1659,625,1772,699,0.417,253.7,True,TN03D9766,0.989,TN03D9766,accepted,161.2
516,4,auto,1462,317,1920,1031,1660,625,1770,696,0.316,245.8,True,TN03D9766,0.980,TN03D9766,accepted,280.4
517,4,auto,1463,318,1920,1032,1654,622,1780,704,0.353,416.7,True,TN03D9766,0.988,TN03D9766,accepted,165.1
518,4,auto,1463,318,1920,1032,1657,623,1777,702,0.337,249.5,True,TN03D9766,0.984,TN03D9766,accepted,160.4
519,4,auto,1462,318,1920,1033,1657,624,1774,700,0.440,257.6,True,TN03D9766,0.987,TN03D9766,accepted,157.3
520,4,auto,1462,318,1920,1033,1655,624,1773,701,0.437,370.5,True,TN03D9766,0.968,TN03D9766,accepted,278.5
520,4,auto,1462,318,1920,1033,1847,631,1919,768,0.504,370.5,True,54,0.972,,rejected,207.3
521,4,auto,1462,318,1919,1033,1654,623,1773,702,0.402,264.4,True,TN03D9766,0.973,TN03D9766,accepted,245.0
521,4,auto,1462,318,1919,1033,1845,631,1919,770,0.403,264.4,True,,,,no_text,120.5
522,4,auto,1462,318,1920,1034,1657,624,1776,703,0.374,256.9,True,TN03D9766,0.978,TN03D9766,accepted,205.4
523,4,auto,1462,318,1919,1033,1657,623,1775,701,0.533,254.8,True,TN03D9766,0.976,TN03D9766,accepted,163.2
524,4,auto,1461,319,1919,1034,1660,622,1776,700,0.293,256.3,True,TN03D9766,0.982,TN03D9766,accepted,162.4
525,4,auto,1460,320,1918,1035,1656,624,1780,707,0.465,250.4,True,TN03D9766,0.980,TN03D9766,accepted,167.8
526,4,auto,1460,319,1918,1035,1656,624,1775,704,0.377,248.0,True,TN03D9766,0.990,TN03D9766,accepted,156.3
526,4,auto,1460,319,1918,1035,1845,631,1918,769,0.316,248.0,True,,,,no_text,125.9
527,4,auto,1459,318,1918,1035,1656,623,1774,702,0.402,260.4,True,TN03D9766,0.982,TN03D9766,accepted,212.4
527,4,auto,1459,318,1918,1035,1844,631,1918,770,0.255,260.4,True,,,,no_text,32.8
528,4,auto,1459,318,1919,1036,1657,623,1774,703,0.427,262.1,True,TN03D9766,0.985,TN03D9766,accepted,206.4
529,4,auto,1458,317,1918,1036,1656,623,1773,702,0.323,266.9,True,TN03D9766,0.983,TN03D9766,accepted,206.4
529,4,auto,1458,317,1918,1036,1846,630,1919,767,0.282,266.9,True,202,0.922,,rejected,144.2
530,4,auto,1458,317,1918,1036,1658,623,1772,701,0.387,260.8,True,TN03D9766,0.974,TN03D9766,accepted,162.5
531,4,auto,1459,318,1918,1035,1659,625,1772,701,0.450,248.9,True,TN03D9766,0.986,TN03D9766,accepted,172.3
531,4,auto,1459,318,1918,1035,1846,630,1919,767,0.291,248.9,True,,,,no_text,29.8
532,4,auto,1459,319,1918,1035,1660,626,1771,701,0.421,261.8,True,TN03D9766,0.974,TN03D9766,accepted,206.4
532,4,auto,1459,319,1918,1035,1846,630,1919,767,0.297,261.8,True,,,,no_text,31.6
533,4,auto,1459,317,1918,1034,1659,625,1770,700,0.371,272.6,True,TN03D9766,0.975,TN03D9766,accepted,298.1
534,4,auto,1458,316,1918,1034,1653,622,1780,707,0.488,263.4,True,TN03D9766,0.964,TN03D9766,accepted,161.8
535,4,auto,1459,318,1919,1035,1657,623,1777,704,0.466,433.0,True,TN03D9766,0.984,TN03D9766,accepted,169.4
536,4,auto,1460,318,1919,1034,1656,623,1779,707,0.490,316.4,True,TN03D9766,0.983,TN03D9766,accepted,153.4
537,4,auto,1459,317,1919,1035,1655,621,1779,706,0.506,252.0,True,TN03D9766,0.975,TN03D9766,accepted,161.8
538,4,auto,1459,317,1919,1034,1655,621,1782,708,0.435,279.4,True,TN03D9766,0.975,TN03D9766,accepted,264.6
539,4,auto,1459,317,1919,1034,1656,620,1781,706,0.506,428.8,True,TN03D9766,0.974,TN03D9766,accepted,161.3
540,4,auto,1460,317,1919,1034,1661,624,1772,700,0.307,339.2,True,TN03D9766,0.990,TN03D9766,accepted,206.5
541,4,auto,1460,317,1918,1033,1661,624,1772,700,0.336,241.6,True,TN03D9766,0.986,TN03D9766,accepted,207.9
542,4,auto,1459,317,1918,1033,1655,622,1780,706,0.500,243.9,True,TN03D9766,0.977,TN03D9766,accepted,286.7
543,4,auto,1459,317,1919,1035,1660,623,1780,705,0.498,302.5,True,TN03D9766,0.987,TN03D9766,accepted,162.8
544,4,auto,1460,318,1919,1035,1660,624,1775,702,0.501,249.7,True,TN03D9766,0.971,TN03D9766,accepted,208.9
545,4,auto,1461,318,1919,1034,1663,624,1774,699,0.520,245.0,True,TN03D9766,0.965,TN03D9766,accepted,206.1
546,4,auto,1460,319,1919,1034,1655,621,1782,707,0.515,251.3,True,TN03D9766,0.960,TN03D9766,accepted,159.6
547,4,auto,1460,319,1918,1034,1657,622,1776,702,0.420,246.9,True,TN03D9766,0.978,TN03D9766,accepted,205.0
548,4,auto,1460,318,1918,1034,1658,623,1772,700,0.379,248.3,True,TN03D9766,0.977,TN03D9766,accepted,206.7
548,4,auto,1460,318,1918,1034,1843,632,1919,775,0.275,248.3,True,,,,no_text,28.9
549,4,auto,1459,318,1918,1035,1656,622,1775,703,0.474,253.0,True,TN03D9766,0.977,TN03D9766,accepted,160.3
550,4,auto,1460,318,1919,1035,1651,621,1782,710,0.538,262.4,True,TN03D9766,0.989,TN03D9766,accepted,163.7
551,4,auto,1460,318,1919,1035,1655,622,1776,706,0.412,250.9,True,TN03D9766,0.979,TN03D9766,accepted,161.1
552,4,auto,1459,317,1919,1035,1655,623,1772,704,0.497,251.6,True,TN03D9766,0.990,TN03D9766,accepted,204.2
552,4,auto,1459,317,1919,1035,1845,632,1919,770,0.355,251.6,True,,,,no_text,30.2
553,4,auto,1459,318,1918,1035,1652,624,1775,710,0.487,255.6,True,TN03D9766,0.987,TN03D9766,accepted,159.2
554,4,auto,1458,318,1917,1035,1656,626,1769,704,0.462,249.2,True,TN03D9766,0.979,TN03D9766,accepted,205.7
555,4,auto,1458,319,1918,1035,1656,625,1771,704,0.604,252.9,True,TN03D9766,0.985,TN03D9766,accepted,205.0
556,4,auto,1458,318,1918,1035,1654,625,1774,708,0.626,247.1,True,TN03D9766,0.980,TN03D9766,accepted,209.8
557,4,auto,1458,318,1918,1035,1654,625,1774,708,0.652,242.0,True,TN03D9766,0.990,TN03D9766,accepted,203.4
558,4,auto,1458,319,1918,1036,1656,624,1773,704,0.646,247.6,True,TN03D9766,0.972,TN03D9766,accepted,161.2
559,4,auto,1457,320,1918,1037,1657,624,1771,702,0.624,243.2,True,TN03D9766,0.971,TN03D9766,accepted,205.7
560,4,auto,1457,318,1919,1037,1653,623,1776,707,0.609,251.3,True,TN03D9766,0.986,TN03D9766,accepted,165.2
561,4,auto,1457,317,1920,1037,1652,624,1776,710,0.640,244.8,True,,,,no_text,124.3
561,4,auto,1457,317,1920,1037,1648,621,1778,752,0.317,244.8,True,TN03D9766,0.967,TN03D9766,accepted,230.2
562,4,auto,1457,318,1919,1037,1652,623,1778,710,0.616,239.8,True,TN03D9766,0.981,TN03D9766,accepted,160.2
562,4,auto,1457,318,1919,1037,1648,619,1781,754,0.263,239.8,True,,,,no_text,177.8
563,4,auto,1457,317,1919,1037,1651,622,1777,710,0.671,246.3,True,TN03D9766,0.989,TN03D9766,accepted,158.7
563,4,auto,1457,317,1919,1037,1646,618,1781,755,0.355,246.3,True,TN03D9766,0.941,TN03D9766,accepted,230.6
563,4,auto,1457,317,1919,1037,1848,635,1919,765,0.409,246.3,True,,,,no_text,121.5
564,4,auto,1454,321,1916,1038,1650,621,1776,710,0.636,249.8,True,TN03D9766,0.978,TN03D9766,accepted,204.5
564,4,auto,1454,321,1916,1038,1644,618,1781,757,0.411,249.8,True,TN03D9766,0.956,TN03D9766,accepted,230.6
565,4,auto,1456,321,1917,1038,1649,619,1780,713,0.668,252.9,True,TN03D9766,0.973,TN03D9766,accepted,161.8
565,4,auto,1456,321,1917,1038,1644,618,1781,757,0.454,252.9,True,,,,no_text,136.8
565,4,auto,1456,321,1917,1038,1849,634,1919,765,0.334,252.9,True,,,,no_text,138.5
566,4,auto,1456,319,1919,1038,1649,619,1782,714,0.699,263.9,True,TN03D9766,0.941,TN03D9766,accepted,157.8
566,4,auto,1456,319,1919,1038,1644,617,1781,757,0.442,263.9,True,,,,no_text,229.7
566,4,auto,1456,319,1919,1038,1848,634,1919,764,0.487,263.9,True,,,,no_text,34.1
567,4,auto,1455,320,1918,1039,1653,619,1779,710,0.661,260.4,True,TN03D9766,0.973,TN03D9766,accepted,158.8
567,4,auto,1455,320,1918,1039,1645,618,1781,757,0.400,260.4,True,TN03D9766,0.941,TN03D9766,accepted,229.3
567,4,auto,1455,320,1918,1039,1848,634,1919,764,0.342,260.4,True,202,0.504,,rejected,133.6
568,4,auto,1455,321,1918,1039,1652,619,1780,712,0.674,266.1,True,TN03D9766,0.946,TN03D9766,accepted,159.7
568,4,auto,1455,321,1918,1039,1645,618,1781,757,0.466,266.1,True,,,,no_text,181.4
568,4,auto,1455,321,1918,1039,1847,634,1920,769,0.325,266.1,True,202,0.998,,rejected,131.3
569,4,auto,1455,321,1918,1039,1649,619,1783,716,0.662,259.3,True,TN03D9766,0.956,TN03D9766,accepted,156.8
569,4,auto,1455,321,1918,1039,1645,617,1781,757,0.481,259.3,True,,,,no_text,228.1
569,4,auto,1455,321,1918,1039,1852,633,1920,763,0.415,259.3,True,,,,no_text,129.1
570,4,auto,1459,324,1919,1038,1654,623,1779,714,0.634,260.3,True,TN03D9766,0.977,TN03D9766,accepted,159.6
570,4,auto,1459,324,1919,1038,1648,619,1782,757,0.449,260.3,True,,,,no_text,138.8
571,4,auto,1461,325,1920,1038,1655,624,1777,713,0.643,251.2,True,TN03D9766,0.981,TN03D9766,accepted,159.1
571,4,auto,1461,325,1920,1038,1649,620,1782,757,0.445,251.2,True,,,,no_text,192.9
571,4,auto,1461,325,1920,1038,1848,636,1920,770,0.286,251.2,True,,,,no_text,27.5
572,4,auto,1458,326,1918,1038,1655,624,1779,714,0.566,341.4,True,TN03D9766,0.980,TN03D9766,accepted,159.5
572,4,auto,1458,326,1918,1038,1649,620,1782,758,0.431,341.4,True,TNE03D9766,0.849,NL03D9766,accepted,225.0
573,4,auto,1455,323,1917,1038,1656,624,1774,710,0.650,250.5,True,,,,no_text,119.4
573,4,auto,1455,323,1917,1038,1649,619,1781,757,0.332,250.5,True,ELP,0.751,,rejected,233.1
573,4,auto,1455,323,1917,1038,1855,636,1920,761,0.296,250.5,True,,,,no_text,34.4
574,4,auto,1452,322,1916,1039,1650,623,1778,717,0.540,257.7,True,TN03D9766,0.978,TN03D9766,accepted,156.4
574,4,auto,1452,322,1916,1039,1647,619,1780,757,0.473,257.7,True,,,,no_text,138.6
574,4,auto,1452,322,1916,1039,1856,637,1920,761,0.329,257.7,True,,,,no_text,35.4
575,4,auto,1451,322,1915,1040,1648,622,1779,719,0.521,258.6,True,TN03D9766,0.986,TN03D9766,accepted,200.1
575,4,auto,1451,322,1915,1040,1646,619,1779,757,0.428,258.6,True,ITN03D9766,0.921,TN03D9766,accepted,189.2
576,4,auto,1451,320,1917,1039,1652,623,1774,713,0.521,253.4,True,TN03D9766,0.986,TN03D9766,accepted,156.3
576,4,auto,1451,320,1917,1039,1857,635,1920,756,0.468,253.4,True,242,0.549,,rejected,130.6
577,4,auto,1452,319,1918,1039,1653,623,1774,713,0.629,252.6,True,TN03D9766,0.982,TN03D9766,accepted,161.2
577,4,auto,1452,319,1918,1039,1646,618,1780,757,0.365,252.6,True,,,,no_text,129.6
578,4,auto,1452,323,1917,1039,1656,626,1772,712,0.311,247.2,True,,,,no_text,132.6
578,4,auto,1452,323,1917,1039,1652,622,1775,749,0.418,247.2,True,TN03D9766,0.909,TN03D9766,accepted,233.9
578,4,auto,1452,323,1917,1039,1857,637,1920,760,0.352,247.2,True,,,,no_text,33.1
579,4,auto,1453,323,1918,1039,1655,624,1777,714,0.664,255.3,True,TN03D9766,0.957,TN03D9766,accepted,156.3
579,4,auto,1453,323,1918,1039,1650,621,1779,754,0.514,255.3,True,TN03D9766,0.959,TN03D9766,accepted,226.6
579,4,auto,1453,323,1918,1039,1851,637,1919,768,0.313,255.3,True,,,,no_text,32.7
580,4,auto,1454,325,1918,1038,1653,623,1779,717,0.673,263.3,True,TN03D9766,0.964,TN03D9766,accepted,159.3
580,4,auto,1454,325,1918,1038,1649,621,1779,755,0.537,263.3,True,TN03D9766,0.959,TN03D9766,accepted,257.2
580,4,auto,1454,325,1918,1038,1848,637,1919,773,0.275,263.3,True,,,,no_text,34.2
581,4,auto,1453,325,1917,1038,1657,625,1773,711,0.486,264.9,True,TN03D9766,0.984,TN03D9766,accepted,199.4
581,4,auto,1453,325,1917,1038,1854,638,1920,763,0.275,264.9,True,,,,no_text,35.8
582,4,auto,1453,324,1918,1038,1659,624,1774,709,0.674,257.3,True,TN03D9766,0.975,TN03D9766,accepted,201.0
582,4,auto,1453,324,1918,1038,1850,637,1919,770,0.331,257.3,True,5,0.504,,rejected,132.6
582,4,auto,1453,324,1918,1038,1649,621,1781,757,0.458,257.3,True,TN03D9766,0.956,TN03D9766,accepted,284.7
583,4,auto,1454,324,1919,1038,1661,627,1767,704,0.545,242.6,True,TN03D9766,0.975,TN03D9766,accepted,157.5
583,4,auto,1454,324,1919,1038,1650,620,1781,757,0.253,242.6,True,TN0309766,0.928,TN03O9766,accepted,231.8
584,4,auto,1453,323,1919,1039,1651,625,1775,715,0.482,253.8,True,TN03D9766,0.978,TN03D9766,accepted,156.1
584,4,auto,1453,323,1919,1039,1647,620,1779,758,0.407,253.8,True,,,,no_text,238.1
584,4,auto,1453,323,1919,1039,1850,637,1919,769,0.479,253.8,True,202,0.981,,rejected,132.2
585,4,auto,1454,323,1920,1039,1654,624,1775,712,0.635,277.8,True,TN03D9766,0.969,TN03D9766,accepted,163.0
585,4,auto,1454,323,1920,1039,1648,619,1781,758,0.512,277.8,True,TN03D9766,0.940,TN03D9766,accepted,222.4
586,4,auto,1457,325,1920,1038,1657,626,1770,708,0.565,252.6,True,TN03D9766,0.951,TN03D9766,accepted,161.6
586,4,auto,1457,325,1920,1038,1650,619,1782,758,0.389,252.6,True,TN03D9766,0.881,TN03D9766,accepted,226.0
587,4,auto,1455,321,1920,1038,1654,625,1772,711,0.625,304.2,True,TN03D9766,0.982,TN03D9766,accepted,256.2
587,4,auto,1455,321,1920,1038,1648,618,1780,757,0.374,304.2,True,,,,no_text,142.9
587,4,auto,1455,321,1920,1038,1847,637,1918,773,0.258,304.2,True,254202,0.852,,rejected,181.2
588,4,auto,1453,322,1919,1039,1652,624,1771,710,0.411,258.6,True,TN03D9766,0.978,TN03D9766,accepted,155.7
588,4,auto,1453,322,1919,1039,1847,636,1919,772,0.343,258.6,True,540,0.947,,rejected,126.9
589,4,auto,1452,322,1919,1040,1650,625,1774,715,0.511,259.9,True,TN03D9766,0.979,TN03D9766,accepted,158.4
589,4,auto,1452,322,1919,1040,1646,620,1778,759,0.444,259.9,True,TN03D9766,0.953,TN03D9766,accepted,182.6
590,4,auto,1454,323,1920,1040,1650,624,1774,715,0.502,251.3,True,TN03D9766,0.986,TN03D9766,accepted,219.7
590,4,auto,1454,323,1920,1040,1644,620,1777,760,0.309,251.3,True,,,,no_text,293.3
591,4,auto,1451,324,1917,1040,1651,624,1768,708,0.538,324.1,True,TN03D9766,0.980,TN03D9766,accepted,202.0
592,4,auto,1450,326,1916,1041,1651,625,1763,704,0.491,265.3,True,TN03D9766,0.987,TN03D9766,accepted,301.1
593,4,auto,1448,325,1915,1041,1650,624,1765,705,0.501,255.6,True,TN03D9766,0.975,TN03D9766,accepted,161.9
594,4,auto,1451,327,1917,1041,1648,624,1772,753,0.633,249.3,True,TN03D9766,0.958,TN03D9766,accepted,198.9
595,4,auto,1450,328,1917,1042,1650,628,1763,708,0.395,252.4,True,TN03D9766,0.979,TN03D9766,accepted,159.6
596,4,auto,1448,331,1915,1043,1649,630,1759,707,0.270,247.0,True,TN03D9766,0.982,TN03D9766,accepted,161.1
597,4,auto,1444,332,1912,1043,1642,634,1751,710,0.357,252.9,True,TN03D9766,0.988,TN03D9766,accepted,296.6
598,4,auto,1440,332,1910,1042,1637,634,1745,709,0.339,257.0,True,TN03D9766,0.978,TN03D9766,accepted,208.7
599,4,auto,1438,331,1911,1043,1638,636,1742,708,0.310,245.8,True,TN03D9766,0.985,TN03D9766,accepted,158.1
600,4,auto,1439,332,1912,1042,1636,629,1760,756,0.500,321.6,True,,,,no_text,153.1
602,4,auto,1441,331,1915,1043,1635,631,1757,755,0.464,244.9,True,TN03D9766,0.973,TN03D9766,accepted,193.8
606,4,auto,1429,335,1910,1047,1625,638,1739,717,0.307,285.0,True,TN03D9766,0.966,TN03D9766,accepted,162.2
608,4,auto,1428,337,1910,1045,1614,632,1744,724,0.526,244.3,True,TN03D9766,0.988,TN03D9766,accepted,245.5
609,4,auto,1427,337,1910,1043,1613,634,1740,725,0.537,251.8,True,TN03D9766,0.981,TN03D9766,accepted,158.9
610,4,auto,1426,334,1911,1042,1614,632,1740,722,0.406,241.9,True,TN03D9766,0.983,TN03D9766,accepted,157.8
611,4,auto,1426,333,1913,1042,1614,631,1740,722,0.506,246.2,True,TN03D9766,0.981,TN03D9766,accepted,157.1
612,4,auto,1426,334,1913,1041,1615,632,1740,723,0.615,251.4,True,TN03D9766,0.986,TN03D9766,accepted,157.8
613,4,auto,1424,332,1914,1041,1609,632,1744,733,0.545,263.7,True,TN03D9766,0.980,TN03D9766,accepted,159.6
614,4,auto,1425,334,1914,1040,1604,631,1749,741,0.619,252.8,True,TN03D9766,0.980,TN03D9766,accepted,157.7
614,4,auto,1425,334,1914,1040,1604,621,1744,759,0.343,252.8,True,,,,no_text,186.4
615,4,auto,1423,333,1913,1039,1606,625,1739,757,0.597,250.2,True,TN03D9766,0.927,TN03D9766,accepted,193.3
616,4,auto,1422,332,1914,1039,1604,626,1735,756,0.657,246.4,True,TN03D9766,0.956,TN03D9766,accepted,242.4
617,4,auto,1421,333,1914,1039,1604,627,1733,755,0.657,243.3,True,,,,no_text,149.6
618,4,auto,1420,333,1914,1040,1608,626,1732,746,0.410,253.5,True,,,,no_text,280.8
618,4,auto,1420,333,1914,1040,1616,632,1731,718,0.561,253.5,True,TN03D9766,0.988,TN03D9766,accepted,232.6
619,4,auto,1419,333,1914,1040,1605,626,1731,749,0.572,317.4,True,,,,no_text,116.4
619,4,auto,1419,333,1914,1040,1613,632,1729,718,0.594,317.4,True,TN03D9766,0.973,TN03D9766,accepted,173.7
620,4,auto,1418,334,1914,1041,1612,632,1723,714,0.575,255.4,True,TN03D9766,0.964,TN03D9766,accepted,153.8
621,4,auto,1414,334,1913,1041,1609,632,1720,714,0.573,255.9,True,TN03D9766,0.960,TN03D9766,accepted,157.5
622,4,auto,1414,334,1914,1042,1608,634,1716,714,0.506,251.3,True,TN03D9766,0.988,TN03D9766,accepted,160.0
623,4,auto,1413,336,1914,1043,1609,637,1712,712,0.376,251.4,True,TN03D9766,0.981,TN03D9766,accepted,179.4
624,4,auto,1413,335,1915,1042,1610,634,1715,711,0.559,389.9,True,TN03D9766,0.982,TN03D9766,accepted,177.2
625,4,auto,1414,336,1916,1044,1611,635,1721,714,0.552,256.3,True,TN03D9766,0.983,TN03D9766,accepted,200.4
626,4,auto,1414,335,1916,1041,1612,633,1719,711,0.498,257.2,True,TN03D9766,0.962,TN03D9766,accepted,269.6
627,4,auto,1415,336,1916,1041,1612,634,1719,711,0.580,389.8,True,TN03D9766,0.987,TN03D9766,accepted,171.5
628,4,auto,1414,335,1918,1042,1610,633,1723,714,0.534,242.2,True,TN03D9766,0.987,TN03D9766,accepted,158.1
629,4,auto,1414,336,1918,1044,1606,633,1732,725,0.485,258.3,True,TN03D9766,0.979,TN03D9766,accepted,158.3
630,4,auto,1412,336,1917,1044,1609,635,1724,719,0.519,246.3,True,TN03D9766,0.984,TN03D9766,accepted,259.7
631,4,auto,1413,337,1918,1044,1607,633,1733,725,0.467,261.7,True,TN03D9766,0.972,TN03D9766,accepted,242.7
632,4,auto,1413,337,1918,1045,1609,634,1733,725,0.317,268.4,True,TN03D9766,0.977,TN03D9766,accepted,178.9
633,4,auto,1412,337,1918,1045,1611,634,1726,719,0.566,382.5,True,TN03D9766,0.961,TN03D9766,accepted,159.3
634,4,auto,1411,338,1918,1048,1612,640,1719,718,0.461,253.7,True,TN03D9766,0.984,TN03D9766,accepted,189.6
636,4,auto,1412,338,1919,1047,1610,637,1731,726,0.288,327.1,True,TN03D9766,0.960,TN03D9766,accepted,288.3
637,4,auto,1411,337,1919,1047,1612,637,1726,720,0.399,451.8,True,TN03D9766,0.980,TN03D9766,accepted,190.7
638,4,auto,1411,338,1918,1047,1613,638,1722,717,0.366,269.8,True,TN03D9766,0.984,TN03D9766,accepted,228.4
639,4,auto,1411,338,1918,1046,1612,637,1725,719,0.296,292.3,True,TN03D9766,0.962,TN03D9766,accepted,163.7
640,4,auto,1412,337,1919,1046,1605,632,1737,729,0.367,251.5,True,TN03D9766,0.947,TN03D9766,accepted,155.7
642,4,auto,1413,339,1919,1045,1606,635,1737,732,0.293,256.2,True,TN03D9766,0.980,TN03D9766,accepted,153.4
644,4,auto,1412,340,1920,1051,1613,643,1723,724,0.467,238.0,True,TN03D9766,0.983,TN03D9766,accepted,280.0
645,4,auto,1413,340,1920,1050,1615,641,1725,722,0.289,261.7,True,TN03D9766,0.985,TN03D9766,accepted,197.2
646,4,auto,1412,340,1920,1051,1610,642,1726,728,0.414,246.2,True,TN03D9766,0.987,TN03D9766,accepted,158.7
647,4,auto,1412,342,1920,1055,1615,648,1717,723,0.278,269.3,True,TN03D9766,0.982,TN03D9766,accepted,201.2
649,4,auto,1411,341,1920,1053,1617,650,1711,718,0.343,235.6,True,DTN03D9766,0.910,TN03D9766,accepted,201.5
652,4,auto,1412,340,1920,1052,1609,644,1722,726,0.298,236.0,True,TN03D9766,0.986,TN03D9766,accepted,159.2
656,4,auto,1413,342,1920,1053,1616,648,1716,720,0.285,237.8,True,TN03D9766,0.973,TN03D9766,accepted,206.1
658,4,auto,1413,341,1920,1053,1614,643,1726,724,0.544,239.2,True,TN03D9766,0.979,TN03D9766,accepted,208.3
659,4,auto,1413,342,1920,1054,1615,642,1728,724,0.435,242.0,True,TN03D9766,0.986,TN03D9766,accepted,201.6
660,4,auto,1413,342,1920,1054,1615,641,1727,723,0.481,250.3,True,TN03D9766,0.967,TN03D9766,accepted,166.5
662,4,auto,1412,341,1920,1056,1614,640,1728,723,0.494,273.5,True,TN03D9766,0.968,TN03D9766,accepted,187.4
663,4,auto,1413,341,1920,1056,1615,641,1727,724,0.524,258.9,True,TN03D9766,0.976,TN03D9766,accepted,165.1
664,4,auto,1413,342,1920,1057,1615,642,1728,725,0.467,250.4,True,TN03D9766,0.977,TN03D9766,accepted,154.1
666,4,auto,1413,341,1920,1056,1614,643,1727,726,0.293,271.4,True,TN03D9766,0.981,TN03D9766,accepted,283.0
667,4,auto,1414,341,1920,1057,1615,641,1731,726,0.512,391.8,True,TN03D9766,0.982,TN03D9766,accepted,272.1
668,4,auto,1414,341,1920,1056,1615,641,1732,727,0.540,267.1,True,TN03D9766,0.979,TN03D9766,accepted,202.1
669,4,auto,1414,341,1920,1054,1614,639,1735,728,0.504,246.1,True,TN03D9766,0.979,TN03D9766,accepted,280.4
670,4,auto,1415,343,1920,1056,1613,642,1728,728,0.421,427.9,True,TN03D9766,0.984,TN03D9766,accepted,162.3
671,4,auto,1414,342,1920,1056,1613,644,1724,726,0.312,245.8,True,TN03D9766,0.977,TN03D9766,accepted,157.1
672,4,auto,1412,343,1920,1059,1613,647,1722,728,0.662,256.5,True,TN03D9766,0.980,TN03D9766,accepted,158.3
673,4,auto,1412,344,1919,1060,1614,648,1722,729,0.569,259.9,True,TN03D9766,0.953,TN03D9766,accepted,181.4
674,4,auto,1412,345,1920,1061,1616,647,1724,728,0.712,254.6,True,TN03D9766,0.983,TN03D9766,accepted,188.7
675,4,auto,1413,345,1920,1061,1618,649,1725,728,0.638,247.0,True,TN03D9766,0.982,TN03D9766,accepted,211.9
676,4,auto,1413,344,1920,1062,1616,648,1728,731,0.667,261.3,True,TN03D9766,0.982,TN03D9766,accepted,203.8
677,4,auto,1414,344,1920,1063,1614,646,1730,733,0.705,360.8,True,TN03D9766,0.984,TN03D9766,accepted,157.8
678,4,auto,1413,346,1919,1063,1614,649,1724,731,0.560,264.3,True,TN03D9766,0.987,TN03D9766,accepted,206.4
679,4,auto,1411,348,1918,1065,1612,649,1728,735,0.624,242.5,True,TN03D9766,0.990,TN03D9766,accepted,156.8
680,4,auto,1410,348,1918,1065,1612,647,1731,736,0.650,290.1,True,TN03D9766,0.976,TN03D9766,accepted,282.4
681,4,auto,1410,348,1918,1065,1611,650,1728,738,0.651,313.4,True,TN03D9766,0.982,TN03D9766,accepted,156.8
682,4,auto,1412,348,1920,1065,1610,648,1735,743,0.605,272.1,True,TN03D9766,0.978,TN03D9766,accepted,157.9
683,4,auto,1412,346,1920,1065,1616,649,1728,735,0.661,267.4,True,TN03D9766,0.988,TN03D9766,accepted,217.7
684,4,auto,1411,347,1920,1067,1611,646,1734,740,0.688,315.3,True,TN03D9766,0.980,TN03D9766,accepted,185.2
685,4,auto,1411,348,1919,1066,1610,645,1739,744,0.696,254.2,True,TN03D9766,0.988,TN03D9766,accepted,162.2
686,4,auto,1412,346,1920,1064,1613,644,1734,738,0.672,268.6,True,TN03D9766,0.981,TN03D9766,accepted,170.6
687,4,auto,1413,345,1920,1063,1615,646,1729,734,0.645,323.4,True,TN03D9766,0.980,TN03D9766,accepted,154.3
688,4,auto,1413,343,1920,1060,1617,645,1725,728,0.452,261.6,True,,,,no_text,119.2
689,4,auto,1415,341,1920,1055,1614,642,1731,732,0.511,309.4,True,TN03D9766,0.986,TN03D9766,accepted,163.5
690,4,auto,1415,337,1918,1049,1615,639,1728,726,0.392,331.2,True,,,,no_text,120.9
691,4,auto,1412,336,1916,1046,1615,635,1729,724,0.488,256.0,True,TN03D9766,0.978,TN03D9766,accepted,167.8
692,4,auto,1411,335,1915,1046,1610,633,1729,725,0.525,261.4,True,TN03D9766,0.986,TN03D9766,accepted,155.5
693,4,auto,1412,333,1916,1042,1612,631,1732,722,0.526,255.2,True,TN03D9766,0.979,TN03D9766,accepted,228.1
694,4,auto,1414,329,1919,1039,1614,628,1734,719,0.600,267.4,True,TN03D9766,0.975,TN03D9766,accepted,184.4
695,4,auto,1414,326,1920,1039,1614,627,1732,716,0.564,258.2,True,TN03D9766,0.980,TN03D9766,accepted,156.7
696,4,auto,1414,326,1920,1038,1612,626,1730,715,0.647,366.8,True,DN0,0.503,,rejected,211.6
697,4,auto,1414,325,1920,1037,1611,623,1736,718,0.582,322.1,True,TN03D9766,0.984,TN03D9766,accepted,156.3
697,4,auto,1414,325,1920,1037,1609,620,1740,753,0.368,322.1,True,,,,no_text,141.0
699,4,auto,1415,323,1920,1037,1609,624,1737,721,0.613,234.1,True,TN03D9766,0.979,TN03D9766,accepted,157.9
699,4,auto,1415,323,1920,1037,1607,621,1739,756,0.449,234.1,True,TN03D9766,0.971,TN03D9766,accepted,227.7
700,4,auto,1416,326,1920,1037,1607,625,1737,724,0.600,272.9,True,TN03D9766,0.968,TN03D9766,accepted,153.5
700,4,auto,1416,326,1920,1037,1604,621,1738,758,0.427,272.9,True,TN03D9766LPT,0.855,,rejected,296.1
701,4,auto,1412,324,1918,1036,1610,624,1726,711,0.617,263.6,True,,,,no_text,114.8
702,4,auto,1410,324,1917,1037,1608,626,1725,714,0.465,237.2,True,TN703,0.543,,rejected,150.9
703,4,auto,1410,324,1917,1037,1600,626,1735,729,0.495,346.7,True,TN03D9766,0.974,TN03D9766,accepted,163.8
703,4,auto,1410,324,1917,1037,1599,613,1738,755,0.290,346.7,True,TN03D9766,0.960,TN03D9766,accepted,225.3
704,4,auto,1409,324,1917,1037,1605,625,1735,724,0.307,268.1,True,TN03D9766,0.942,TN03D9766,accepted,240.6
704,4,auto,1409,324,1917,1037,1598,618,1734,756,0.347,268.1,True,,,,no_text,179.3
705,4,auto,1409,323,1918,1037,1608,625,1726,715,0.648,249.0,True,,,,no_text,120.0
706,4,auto,1410,325,1919,1038,1609,625,1724,711,0.560,246.2,True,TN03D9766,0.971,TN03D9766,accepted,161.7
707,4,auto,1412,326,1920,1038,1609,626,1727,714,0.541,262.0,True,TN03D9766,0.981,TN03D9766,accepted,156.2
707,4,auto,1412,326,1920,1038,1600,619,1736,756,0.268,262.0,True,TN03D9766,0.962,TN03D9766,accepted,229.8
708,4,auto,1411,326,1918,1038,1608,626,1728,716,0.522,275.1,True,TN03D9766,0.979,TN03D9766,accepted,161.3
708,4,auto,1411,326,1918,1038,1599,621,1732,756,0.375,275.1,True,,,,no_text,179.2
709,4,auto,1412,327,1919,1038,1610,626,1722,709,0.578,289.0,True,TN03D9766,0.986,TN03D9766,accepted,155.9
710,4,auto,1409,326,1917,1038,1610,627,1722,709,0.642,253.7,True,TN03D9766,0.984,TN03D9766,accepted,156.4
710,4,auto,1409,326,1917,1038,1601,620,1730,751,0.269,253.7,True,TN03D9766,0.974,TN03D9766,accepted,230.2
711,4,auto,1411,326,1919,1038,1609,626,1723,709,0.645,253.5,True,TN03D9766,0.985,TN03D9766,accepted,298.7
711,4,auto,1411,326,1919,1038,1601,620,1731,752,0.270,253.5,True,TN03D9766,0.957,TN03D9766,accepted,310.9
712,4,auto,1411,327,1919,1038,1608,627,1725,713,0.580,247.2,True,TN03D9766,0.986,TN03D9766,accepted,159.7
712,4,auto,1411,327,1919,1038,1600,620,1732,754,0.259,247.2,True,,,,no_text,195.9
713,4,auto,1410,327,1918,1038,1608,627,1725,712,0.556,271.5,True,TN03D9766,0.983,TN03D9766,accepted,208.4
714,4,auto,1412,326,1920,1037,1608,627,1725,711,0.677,295.0,True,TN03D9766,0.991,TN03D9766,accepted,164.7
714,4,auto,1412,326,1920,1037,1600,621,1730,753,0.322,295.0,True,TN03D9766,0.970,TN03D9766,accepted,236.3
715,4,auto,1412,326,1920,1037,1609,627,1724,710,0.690,242.5,True,TN03D9766,0.989,TN03D9766,accepted,165.4
715,4,auto,1412,326,1920,1037,1601,622,1731,753,0.318,242.5,True,,,,no_text,173.3
716,4,auto,1412,325,1920,1037,1606,626,1729,716,0.659,248.9,True,TN03D9766,0.983,TN03D9766,accepted,160.3
716,4,auto,1412,325,1920,1037,1601,622,1731,755,0.400,248.9,True,TN03D9766LP,0.840,,rejected,237.6
717,4,auto,1412,324,1920,1037,1608,625,1726,711,0.635,252.0,True,TN03D9766,0.979,TN03D9766,accepted,163.2
718,4,auto,1412,324,1920,1037,1609,627,1725,711,0.681,270.0,True,TN03D9766,0.987,TN03D9766,accepted,161.0
718,4,auto,1412,324,1920,1037,1601,623,1731,755,0.320,270.0,True,TN03D9766,0.942,TN03D9766,accepted,185.7
719,4,auto,1411,323,1920,1037,1610,626,1722,707,0.624,260.4,True,TN03D9766,0.990,TN03D9766,accepted,210.0
720,4,auto,1412,324,1920,1036,1610,625,1723,707,0.632,252.7,True,TN03D9766,0.977,TN03D9766,accepted,203.9
721,4,auto,1413,324,1920,1036,1611,626,1721,705,0.587,275.7,True,TN03D9766,0.982,TN03D9766,accepted,268.7
722,4,auto,1414,324,1920,1035,1605,625,1729,714,0.449,254.7,True,TN03D9766,0.985,TN03D9766,accepted,349.8
723,4,auto,1414,323,1920,1036,1607,625,1726,711,0.576,265.0,True,TN03D9766,0.982,TN03D9766,accepted,161.6
724,4,auto,1414,324,1920,1036,1610,626,1724,707,0.606,251.2,True,TN03D9766,0.980,TN03D9766,accepted,173.0
725,4,auto,1415,324,1920,1035,1612,625,1728,708,0.462,252.1,True,TN03D9766,0.971,TN03D9766,accepted,169.0
725,4,auto,1415,324,1920,1035,1601,622,1729,752,0.254,252.1,True,TN03D9766,0.946,TN03D9766,accepted,285.0
726,4,auto,1413,324,1919,1035,1613,626,1723,704,0.465,266.2,True,TN03D9766,0.987,TN03D9766,accepted,161.8
727,4,auto,1414,324,1920,1035,1612,624,1724,702,0.550,268.8,True,TN03D9766,0.988,TN03D9766,accepted,178.9
728,4,auto,1414,323,1920,1035,1611,625,1723,704,0.521,266.8,True,TN03D9766,0.987,TN03D9766,accepted,217.1
729,4,auto,1414,323,1919,1035,1614,624,1724,701,0.542,324.8,True,TN03D9766,0.986,TN03D9766,accepted,223.2
730,4,auto,1413,323,1919,1035,1613,625,1721,699,0.552,521.0,True,TN03D9766,0.983,TN03D9766,accepted,304.6
731,4,auto,1414,323,1920,1034,1613,625,1720,699,0.494,406.5,True,TN03D9766,0.982,TN03D9766,accepted,552.5
732,4,auto,1414,322,1920,1034,1612,625,1720,699,0.429,395.2,True,TN03D9766,0.982,TN03D9766,accepted,239.9
733,4,auto,1414,322,1920,1034,1614,627,1718,698,0.411,284.1,True,TN03D9766,0.982,TN03D9766,accepted,250.2
734,4,auto,1414,320,1920,1032,1615,626,1716,694,0.462,268.0,True,TN03D9766,0.983,TN03D9766,accepted,244.5
736,4,auto,1414,320,1920,1031,1615,626,1717,694,0.502,304.4,True,TN03D9766,0.980,TN03D9766,accepted,221.3
737,4,auto,1415,321,1920,1032,1613,625,1718,694,0.414,279.9,True,TN03D9766,0.978,TN03D9766,accepted,211.0
738,4,auto,1415,322,1920,1033,1612,625,1721,697,0.376,425.7,True,TN03D9766,0.986,TN03D9766,accepted,235.7
739,4,auto,1415,322,1920,1033,1611,625,1722,698,0.290,259.6,True,TN03D9766,0.983,TN03D9766,accepted,179.4
741,4,auto,1414,322,1919,1032,1613,627,1718,696,0.335,332.5,True,TN03D9766,0.977,TN03D9766,accepted,167.9
742,4,auto,1414,320,1920,1032,1612,626,1716,694,0.589,261.0,True,TN03D9766,0.976,TN03D9766,accepted,260.3
743,4,auto,1414,320,1920,1032,1612,627,1716,695,0.538,266.2,True,TN03D9766,0.987,TN03D9766,accepted,211.7
744,4,auto,1415,322,1920,1032,1612,627,1719,696,0.284,330.6,True,TN03D9766,0.983,TN03D9766,accepted,176.6
745,4,auto,1415,321,1920,1033,1613,626,1721,696,0.538,242.9,True,TN03D9766,0.980,TN03D9766,accepted,177.3
747,4,auto,1414,320,1919,1032,1612,627,1717,695,0.309,273.0,True,TN03D9766,0.973,TN03D9766,accepted,159.5
748,4,auto,1415,321,1919,1031,1611,626,1718,695,0.415,245.0,True,TN03D9766,0.984,TN03D9766,accepted,159.6
749,4,auto,1415,321,1919,1031,1611,626,1716,694,0.529,480.1,True,TN03D9766,0.987,TN03D9766,accepted,232.1
750,4,auto,1415,321,1919,1031,1611,626,1718,695,0.458,266.0,True,TN03D9766,0.984,TN03D9766,accepted,159.0
751,4,auto,1415,320,1920,1031,1613,627,1715,693,0.481,263.1,True,TN03D9766,0.987,TN03D9766,accepted,160.0
752,4,auto,1416,321,1920,1031,1613,626,1718,693,0.456,253.0,True,TN03D9766,0.982,TN03D9766,accepted,348.8
753,4,auto,1415,320,1920,1031,1611,626,1719,695,0.366,385.9,True,TN03D9766,0.979,TN03D9766,accepted,198.5
754,4,auto,1415,320,1920,1031,1611,626,1717,694,0.538,280.2,True,TN03D9766,0.988,TN03D9766,accepted,205.5
755,4,auto,1415,320,1920,1031,1607,626,1721,698,0.339,428.2,True,TN03D9766,0.979,TN03D9766,accepted,257.2
756,4,auto,1415,321,1919,1031,1606,626,1721,700,0.337,251.5,True,TN03D9766,0.982,TN03D9766,accepted,201.5
757,4,auto,1415,320,1919,1031,1607,626,1721,700,0.358,411.7,True,TN03D9766,0.988,TN03D9766,accepted,288.3
758,4,auto,1415,321,1920,1032,1609,627,1720,698,0.264,404.7,True,TN03D9766,0.975,TN03D9766,accepted,175.3
760,4,auto,1416,321,1920,1031,1612,627,1717,694,0.438,428.1,True,TN03D9766,0.979,TN03D9766,accepted,198.8
761,4,auto,1416,320,1919,1030,1610,626,1716,694,0.396,440.9,True,TN03D9766,0.984,TN03D9766,accepted,212.6
762,4,auto,1416,320,1920,1031,1612,627,1717,694,0.325,439.3,True,TN03D9766,0.988,TN03D9766,accepted,166.3
763,4,auto,1417,322,1920,1033,1611,626,1721,696,0.328,318.1,True,TN03D9766,0.982,TN03D9766,accepted,252.4
764,4,auto,1418,322,1920,1033,1612,628,1719,695,0.367,254.2,True,TN03D9766,0.987,TN03D9766,accepted,226.2
765,4,auto,1418,321,1920,1033,1613,627,1719,695,0.462,311.0,True,TN03D9766,0.981,TN03D9766,accepted,254.8
766,4,auto,1418,323,1920,1033,1611,627,1721,696,0.269,357.3,True,TN03D9766,0.987,TN03D9766,accepted,278.6
767,4,auto,1418,323,1920,1033,1611,627,1721,697,0.252,362.6,True,TN03D9766,0.988,TN03D9766,accepted,160.3
769,4,auto,1418,320,1920,1030,1614,625,1722,693,0.357,266.8,True,TN03D9766,0.964,TN03D9766,accepted,187.5
770,4,auto,1418,320,1920,1030,1614,625,1721,692,0.431,431.4,True,TN03D9766,0.972,TN03D9766,accepted,213.7
771,4,auto,1419,320,1920,1029,1614,625,1721,692,0.329,431.4,True,TN03D9766,0.980,TN03D9766,accepted,281.7
772,4,auto,1419,320,1920,1029,1614,624,1723,692,0.486,282.6,True,TN03D9766,0.968,TN03D9766,accepted,175.8
773,4,auto,1419,318,1920,1028,1613,621,1721,689,0.366,316.9,True,TN03D9766,0.964,TN03D9766,accepted,208.1
774,4,auto,1418,317,1920,1028,1613,619,1722,688,0.401,404.9,True,TN03D9766,0.977,TN03D9766,accepted,254.1
775,4,auto,1420,316,1920,1026,1610,616,1728,691,0.549,398.0,True,TN03D9766,0.988,TN03D9766,accepted,212.0
776,4,auto,1421,315,1920,1023,1608,614,1729,692,0.509,275.9,True,TN03D9766,0.984,TN03D9766,accepted,205.0
777,4,auto,1420,314,1920,1022,1607,613,1731,694,0.489,294.5,True,TN03D9766,0.980,TN03D9766,accepted,180.7
778,4,auto,1421,314,1920,1021,1609,613,1728,691,0.553,279.2,True,TN03D9766,0.983,TN03D9766,accepted,275.5
779,4,auto,1421,314,1920,1021,1609,613,1730,693,0.525,448.7,True,TN03D9766,0.977,TN03D9766,accepted,188.9
780,4,auto,1420,312,1920,1021,1610,613,1727,691,0.541,392.6,True,TN03D9766,0.987,TN03D9766,accepted,216.6
781,4,auto,1421,311,1920,1019,1608,609,1733,694,0.705,259.6,True,TN03D9766,0.982,TN03D9766,accepted,368.4
782,4,auto,1422,311,1920,1018,1610,608,1733,691,0.607,262.5,True,TN03D9766,0.982,TN03D9766,accepted,357.0
783,4,auto,1421,308,1920,1018,1614,611,1728,688,0.596,342.7,True,TN03D9766,0.970,TN03D9766,accepted,232.3
784,4,auto,1421,306,1920,1017,1615,609,1730,686,0.676,454.9,True,TN03D9766,0.989,TN03D9766,accepted,290.3
785,4,auto,1422,305,1920,1015,1605,607,1741,701,0.735,288.1,True,TN03D9766,0.985,TN03D9766,accepted,174.4
786,4,auto,1422,304,1920,1014,1603,606,1743,705,0.702,480.4,True,TN03D9766,0.972,TN03D9766,accepted,290.1
787,4,auto,1424,305,1920,1014,1606,606,1741,703,0.726,316.7,True,TN03D9766,0.973,TN03D9766,accepted,173.4
788,4,auto,1423,306,1920,1014,1601,605,1747,712,0.682,314.3,True,TN03D9766,0.981,TN03D9766,accepted,227.1
789,4,auto,1423,306,1920,1016,1607,608,1739,705,0.644,310.0,True,TN03D9766,0.981,TN03D9766,accepted,180.1
790,4,auto,1423,306,1920,1016,1615,611,1731,695,0.481,286.6,True,TN03D9766,0.969,TN03D9766,accepted,222.8
791,4,auto,1423,305,1920,1015,1620,610,1727,687,0.641,290.9,True,TN03D9766,0.966,TN03D9766,accepted,205.2
792,4,auto,1423,304,1919,1015,1622,610,1727,686,0.623,277.0,True,TN03D9766,0.969,TN03D9766,accepted,310.5
793,4,auto,1424,304,1920,1015,1624,610,1729,685,0.423,378.7,True,TN03D9766,0.981,TN03D9766,accepted,217.4
794,4,auto,1426,304,1920,1015,1625,611,1731,686,0.537,460.4,True,TN03D9766,0.979,TN03D9766,accepted,181.3
795,4,auto,1426,302,1920,1013,1625,608,1732,685,0.482,409.8,True,TN03D9766,0.983,TN03D9766,accepted,179.4
796,4,auto,1427,299,1920,1011,1627,606,1731,680,0.710,289.9,True,TN03D9766,0.988,TN03D9766,accepted,236.4
797,4,auto,1428,298,1920,1010,1628,605,1736,682,0.506,319.1,True,TN03D9766,0.990,TN03D9766,accepted,266.6
798,4,auto,1428,297,1920,1010,1622,603,1746,694,0.453,483.9,True,TN03D9766,0.988,TN03D9766,accepted,207.3
800,4,auto,1429,297,1920,1011,1635,604,1739,679,0.349,395.4,True,TN03D9766,0.982,TN03D9766,accepted,186.1
801,4,auto,1430,296,1920,1011,1638,605,1737,676,0.488,427.4,True,TN03D9766,0.985,TN03D9766,accepted,213.0
802,4,auto,1431,296,1920,1009,1639,604,1734,671,0.436,469.2,True,TN03D9766,0.987,TN03D9766,accepted,257.9
803,4,auto,1432,298,1920,1010,1638,604,1734,671,0.452,320.8,True,TN03D9766,0.990,TN03D9766,accepted,224.9
804,4,auto,1433,296,1920,1009,1639,603,1736,671,0.346,277.9,True,TN03D9766,0.988,TN03D9766,accepted,253.6
804,491,motorcycle,1004,390,1200,685,1038,479,1119,513,0.503,277.9,True,,,,no_text,58.5
805,4,auto,1434,297,1920,1012,1640,603,1736,670,0.409,310.1,True,TN03D9766,0.986,TN03D9766,accepted,234.4
805,491,motorcycle,975,393,1185,708,1005,483,1097,520,0.683,310.1,True,,,,no_text,65.5
806,4,auto,1435,296,1920,1009,1639,603,1736,670,0.418,297.4,True,TN03D9766,0.983,TN03D9766,accepted,375.3
806,491,motorcycle,950,391,1175,729,989,488,1075,523,0.648,297.4,True,,,,no_text,71.4
807,4,auto,1435,297,1920,1011,1640,604,1735,669,0.351,358.4,True,TN03D9766,0.978,TN03D9766,accepted,202.9
807,491,motorcycle,926,393,1160,745,967,496,1055,531,0.622,358.4,True,,,,no_text,63.5
808,4,auto,1437,298,1920,1011,1640,603,1736,669,0.388,452.6,True,TN03D9766,0.974,TN03D9766,accepted,235.0
808,491,motorcycle,906,399,1149,764,942,505,1030,540,0.652,452.6,True,,,,no_text,67.5
809,4,auto,1436,296,1920,1008,1641,603,1734,665,0.483,447.1,True,TN03D9766,0.985,TN03D9766,accepted,241.0
810,4,auto,1438,296,1920,1007,1638,600,1737,666,0.506,419.4,True,TN03D9766,0.972,TN03D9766,accepted,242.3
811,4,auto,1438,295,1920,1007,1636,598,1740,668,0.639,434.3,True,TN03D9766,0.968,TN03D9766,accepted,249.7
812,4,auto,1437,293,1920,1005,1636,598,1740,668,0.494,282.6,True,TN03D9766,0.981,TN03D9766,accepted,207.9
813,4,auto,1438,293,1920,1004,1634,598,1740,669,0.451,287.7,True,TN03D9766,0.958,TN03D9766,accepted,202.5
814,4,auto,1440,292,1920,1004,1638,598,1741,668,0.629,279.1,True,TN03D9766,0.969,TN03D9766,accepted,270.1
815,4,auto,1440,291,1920,1004,1639,597,1743,668,0.367,340.1,True,TN03D9766,0.966,TN03D9766,accepted,200.1
815,624,bus,920,223,1200,504,984,447,1050,473,0.586,340.1,True,,,,no_text,156.7
815,4,auto,1440,291,1920,1004,1723,778,1837,845,0.368,340.1,True,,,,no_text,59.3
816,4,auto,1440,291,1920,1003,1642,597,1745,666,0.536,267.5,True,TN03D9766,0.973,TN03D9766,accepted,204.7
816,624,bus,899,219,1191,510,969,450,1037,477,0.619,267.5,True,,,,no_text,163.1
817,4,auto,1441,291,1920,1004,1640,597,1749,670,0.626,265.2,True,TN03D9766,0.983,TN03D9766,accepted,295.8
817,624,bus,883,217,1184,516,955,452,1029,481,0.527,265.2,True,TZAPAT1S,0.592,,rejected,164.6
818,4,auto,1442,290,1920,1003,1638,595,1757,675,0.417,255.1,True,TN03D9766,0.973,TN03D9766,accepted,162.8
818,624,bus,861,212,1174,522,941,457,1011,484,0.630,255.1,True,TNZ3APA115,0.515,MZ3APA115,accepted,169.5
819,4,auto,1444,292,1920,1004,1640,595,1758,676,0.501,257.8,True,TN03D9766,0.978,TN03D9766,accepted,166.3
819,624,bus,847,207,1170,525,930,460,998,487,0.698,257.8,True,,,,no_text,170.1
820,4,auto,1444,292,1920,1005,1643,596,1757,673,0.371,275.1,True,TN03D9766,0.976,TN03D9766,accepted,236.4
820,624,bus,831,202,1164,528,913,461,987,490,0.652,275.1,True,N23AP419,0.571,MZ3AP419,accepted,169.3
821,624,bus,815,198,1158,532,902,463,974,491,0.661,381.5,True,TN23AP4115,0.821,TN23AP4115,accepted,216.7
822,624,bus,790,191,1150,542,877,469,953,498,0.644,429.6,True,TN23AP4115,0.920,TN23AP4115,accepted,133.5
823,624,bus,771,184,1146,547,856,471,937,502,0.564,359.8,True,TN23AP4115,0.859,TN23AP4115,accepted,145.3
823,4,auto,1448,292,1920,1003,1835,689,1916,755,0.376,359.8,True,LPG,0.991,,rejected,186.9
823,4,auto,1448,292,1920,1003,1641,592,1764,678,0.322,359.8,True,TN03D9766,0.993,TN03D9766,accepted,198.9
824,624,bus,753,180,1139,551,841,475,919,505,0.503,281.0,True,TN23AP4115,0.814,TN23AP4115,accepted,142.9
824,4,auto,1448,292,1920,1003,1838,690,1915,753,0.258,281.0,True,LPG,0.981,,rejected,142.5
824,4,auto,1448,292,1920,1003,1644,592,1761,675,0.355,281.0,True,TN03D9766,0.987,TN03D9766,accepted,199.5
825,624,bus,732,174,1130,554,825,479,904,509,0.679,284.9,True,TN23AP4115,0.913,TN23AP4115,accepted,145.8
825,4,auto,1449,292,1920,1003,1648,593,1756,668,0.455,284.9,True,TN03D9766,0.974,TN03D9766,accepted,197.5
826,624,bus,693,162,1116,564,794,485,876,517,0.612,282.0,True,TN23AP4115,0.917,TN23AP4115,accepted,147.8
826,4,auto,1449,290,1920,1003,1645,591,1757,669,0.406,282.0,True,TN03D9766,0.986,TN03D9766,accepted,186.7
827,624,bus,668,156,1107,571,769,491,851,523,0.734,285.4,True,TN23AP4115,0.960,TN23AP4115,accepted,157.0
827,4,auto,1449,289,1920,1003,1646,590,1756,667,0.538,285.4,True,TN03D9766,0.984,TN03D9766,accepted,248.2
828,624,bus,644,151,1098,577,745,497,828,529,0.663,274.0,True,TN23AP4115,0.981,TN23AP4115,accepted,195.3
828,4,auto,1449,289,1920,1002,1649,591,1754,664,0.614,274.0,True,TN03D9766,0.962,TN03D9766,accepted,228.2
829,624,bus,617,148,1088,586,718,501,808,536,0.721,265.9,True,TN23AP4115,0.976,TN23AP4115,accepted,142.1
829,4,auto,1449,290,1920,1003,1645,591,1759,671,0.590,265.9,True,TN03D9766,0.980,TN03D9766,accepted,251.7
830,624,bus,588,141,1077,592,694,505,785,540,0.716,434.1,True,TN23AP4115,0.966,TN23AP4115,accepted,135.5
830,4,auto,1449,289,1920,1002,1647,590,1761,670,0.526,434.1,True,TN03D9766,0.972,TN03D9766,accepted,216.6
831,624,bus,557,132,1067,598,668,510,760,546,0.762,466.5,True,TN23AP4115,0.982,TN23AP4115,accepted,231.4
831,4,auto,1448,288,1920,1002,1640,588,1770,681,0.513,466.5,True,TN03D9766,0.975,TN03D9766,accepted,213.9
832,624,bus,527,124,1060,608,636,516,732,553,0.715,295.7,True,TN23AP4115,0.964,TN23AP4115,accepted,142.3
832,4,auto,1448,287,1920,1003,1645,589,1760,671,0.459,295.7,True,TN03D9766,0.983,TN03D9766,accepted,198.2
833,624,bus,493,117,1047,614,605,523,703,560,0.687,437.9,True,TN23AP4115,0.960,TN23AP4115,accepted,160.6
833,4,auto,1448,287,1920,1003,1647,591,1755,667,0.469,437.9,True,TN03D9766,0.944,TN03D9766,accepted,235.7
834,4,auto,1447,287,1920,1004,1648,592,1752,665,0.499,434.1,True,TN03D9766,0.983,TN03D9766,accepted,241.3
835,4,auto,1446,286,1920,1005,1649,593,1749,663,0.437,261.9,True,TN03D9766,0.976,TN03D9766,accepted,241.8
836,4,auto,1448,287,1920,1003,1642,591,1758,673,0.600,424.4,True,TN03D9766,0.989,TN03D9766,accepted,165.5
837,4,auto,1448,287,1920,1003,1645,592,1754,668,0.524,275.0,True,TN03D9766,0.987,TN03D9766,accepted,284.6
838,4,auto,1449,287,1920,1003,1639,591,1760,677,0.550,271.6,True,TN03D9766,0.982,TN03D9766,accepted,244.1
839,4,auto,1449,288,1920,1003,1640,591,1761,678,0.601,282.5,True,TN03D9766,0.989,TN03D9766,accepted,213.6
839,4,auto,1449,288,1920,1003,1840,692,1915,753,0.275,282.5,True,LPG,0.988,,rejected,131.4
840,4,auto,1448,287,1919,1002,1644,591,1756,670,0.499,289.1,True,TN03D9766,0.981,TN03D9766,accepted,228.6
841,4,auto,1449,287,1919,1002,1647,591,1753,666,0.444,266.5,True,TN03D9766,0.973,TN03D9766,accepted,211.2
842,4,auto,1448,285,1918,1000,1647,589,1759,668,0.501,265.3,True,TN03D9766,0.971,TN03D9766,accepted,269.6
843,4,auto,1448,287,1918,1000,1646,588,1759,669,0.375,447.1,True,TN03D9766,0.979,TN03D9766,accepted,278.6
843,4,auto,1448,287,1918,1000,1717,764,1843,839,0.305,447.1,True,,,,no_text,54.4
844,4,auto,1447,287,1918,1001,1649,591,1752,663,0.430,283.8,True,TN03D9766,0.981,TN03D9766,accepted,295.4
845,4,auto,1447,287,1918,1001,1641,591,1757,673,0.456,295.8,True,TN03D9766,0.946,TN03D9766,accepted,162.3
846,4,auto,1448,288,1918,1002,1649,593,1752,665,0.366,293.9,True,TN03D9766,0.946,TN03D9766,accepted,159.7
846,4,auto,1448,288,1918,1002,1835,690,1916,754,0.286,293.9,True,LPG,0.989,,rejected,159.3
847,4,auto,1448,287,1918,1001,1647,591,1752,664,0.523,256.3,True,TN03D9766,0.955,TN03D9766,accepted,207.5
848,4,auto,1448,288,1919,1001,1649,588,1763,668,0.430,324.5,True,TN03D9766,0.977,TN03D9766,accepted,219.8
849,4,auto,1448,287,1919,1000,1650,587,1758,662,0.487,435.8,True,TN03D9766,0.982,TN03D9766,accepted,230.0
850,4,auto,1448,286,1919,1000,1651,587,1755,659,0.344,414.5,True,TN03D9766,0.983,TN03D9766,accepted,223.6
851,4,auto,1447,285,1919,1000,1650,588,1754,658,0.360,432.7,True,TN03D9766,0.977,TN03D9766,accepted,231.5
852,4,auto,1447,285,1919,1000,1649,589,1755,660,0.297,418.8,True,TN03D9766,0.978,TN03D9766,accepted,227.2
853,4,auto,1447,284,1919,1000,1650,587,1760,661,0.490,414.5,True,TN03D9766,0.982,TN03D9766,accepted,233.2
854,4,auto,1444,284,1918,1000,1650,586,1761,660,0.590,270.0,True,TN03D9766,0.981,TN03D9766,accepted,215.3
855,4,auto,1446,284,1918,998,1652,587,1754,655,0.433,260.5,True,TN03D9766,0.978,TN03D9766,accepted,222.2
856,4,auto,1447,283,1919,997,1651,587,1754,654,0.517,269.1,True,TN03D9766,0.988,TN03D9766,accepted,238.1
857,4,auto,1446,283,1919,998,1650,587,1756,656,0.389,330.0,True,TN03D9766,0.984,TN03D9766,accepted,304.3
858,4,auto,1446,284,1918,997,1650,587,1754,654,0.467,396.1,True,TN03D9766,0.982,TN03D9766,accepted,259.2
859,4,auto,1446,283,1919,997,1650,587,1754,654,0.546,270.5,True,TN03D9766,0.981,TN03D9766,accepted,215.5
860,4,auto,1446,284,1919,998,1650,588,1754,654,0.447,249.9,True,TN03D9766,0.984,TN03D9766,accepted,191.4
861,4,auto,1447,285,1919,997,1649,587,1754,653,0.454,285.8,True,TN03D9766,0.981,TN03D9766,accepted,157.0
862,4,auto,1447,285,1919,998,1647,587,1755,654,0.615,242.8,True,TN03D9766,0.985,TN03D9766,accepted,207.8
863,4,auto,1447,286,1919,998,1646,587,1756,656,0.495,257.2,True,TN03D9766,0.986,TN03D9766,accepted,240.1
864,4,auto,1447,286,1919,998,1648,588,1755,654,0.515,261.3,True,TN03D9766,0.988,TN03D9766,accepted,166.0
865,4,auto,1447,286,1919,998,1647,587,1755,654,0.603,242.7,True,TN03D9766,0.984,TN03D9766,accepted,297.0
866,4,auto,1447,285,1919,998,1645,586,1756,654,0.628,277.8,True,TN03D9766,0.980,TN03D9766,accepted,348.6
867,4,auto,1447,285,1919,999,1647,588,1757,656,0.569,340.1,True,TN03D9766,0.987,TN03D9766,accepted,220.3
868,4,auto,1447,286,1919,999,1647,588,1757,655,0.534,259.5,True,TN03D9766,0.988,TN03D9766,accepted,237.1
869,4,auto,1447,284,1920,998,1647,587,1756,654,0.553,242.2,True,TN03D9766,0.979,TN03D9766,accepted,217.0
870,4,auto,1448,286,1920,998,1648,587,1756,653,0.518,268.7,True,TN03D9766,0.981,TN03D9766,accepted,164.7
871,4,auto,1448,284,1920,997,1647,587,1756,653,0.465,324.1,True,TN03D9766,0.985,TN03D9766,accepted,156.3
871,570,car,1189,327,1391,494,1244,436,1301,456,0.369,324.1,True,,,,no_text,171.5
872,4,auto,1448,283,1920,997,1646,587,1756,653,0.512,249.0,True,TN03D9766,0.980,TN03D9766,accepted,285.3
872,570,car,1184,325,1390,496,1240,436,1298,457,0.487,249.0,True,,,,no_text,189.0
873,4,auto,1447,284,1919,998,1647,588,1755,653,0.473,431.6,True,TN03D9766,0.988,TN03D9766,accepted,283.4
873,570,car,1178,324,1388,498,1237,439,1293,459,0.562,431.6,True,,,,no_text,189.0
874,4,auto,1446,283,1919,998,1645,586,1758,655,0.577,269.9,True,TN03D9766,0.972,TN03D9766,accepted,351.1
874,570,car,1166,323,1383,503,1220,439,1284,462,0.468,269.9,True,,,,no_text,182.0
875,4,auto,1444,283,1919,999,1646,588,1757,655,0.355,394.8,True,TN03D9766,0.987,TN03D9766,accepted,237.9
875,570,car,1156,321,1381,508,1217,441,1279,463,0.562,394.8,True,,,,no_text,164.8
876,4,auto,1443,282,1918,999,1644,587,1764,660,0.315,250.7,True,TN03D9766,0.982,TN03D9766,accepted,156.2
876,570,car,1147,320,1379,512,1208,443,1273,466,0.587,250.7,True,TZATE1O4,0.691,,rejected,179.8
877,4,auto,1445,283,1919,999,1645,587,1759,657,0.500,243.0,True,TN03D9766,0.979,TN03D9766,accepted,199.1
877,570,car,1142,320,1376,515,1205,444,1268,466,0.543,243.0,True,THOZATEIOE,0.556,,rejected,166.4
878,4,auto,1446,283,1920,999,1644,587,1756,655,0.376,266.0,True,TN03D9766,0.983,TN03D9766,accepted,157.3
878,570,car,1136,319,1375,518,1201,446,1264,467,0.618,266.0,True,S02478104,0.537,,rejected,181.4
879,570,car,1130,319,1373,522,1192,447,1261,471,0.672,258.8,True,TNO4ATOTO4,0.591,,rejected,203.2
880,570,car,1124,319,1371,525,1185,448,1259,474,0.670,267.2,True,SNSZATSIDA,0.527,,rejected,155.1
880,4,auto,1444,283,1919,1000,1639,586,1761,703,0.465,267.2,True,TN03D9766,0.950,TN03D9766,accepted,183.5
880,4,auto,1444,283,1919,1000,1638,588,1759,662,0.342,267.2,True,TN03D9766,0.974,TN03D9766,accepted,190.9
881,570,car,1114,317,1368,528,1177,453,1252,479,0.569,241.7,True,NOLATSIO,0.599,,rejected,141.8
881,4,auto,1445,284,1919,999,1638,584,1762,702,0.339,241.7,True,TN03D9766,0.961,TN03D9766,accepted,183.9
881,4,auto,1445,284,1919,999,1638,587,1761,663,0.344,241.7,True,TN03D9766,0.973,TN03D9766,accepted,193.0
882,570,car,1108,316,1366,532,1171,456,1245,482,0.674,246.4,True,FINOZATSIOL,0.520,,rejected,156.4
882,4,auto,1445,284,1919,998,1639,582,1758,695,0.387,246.4,True,TN03D9766,0.975,TN03D9766,accepted,181.8
882,4,auto,1445,284,1919,998,1636,587,1764,666,0.380,246.4,True,TN03D9766,0.991,TN03D9766,accepted,189.5
883,570,car,1100,316,1364,536,1163,458,1240,485,0.721,261.1,True,,,,no_text,70.0
883,4,auto,1446,285,1919,998,1638,583,1762,702,0.387,261.1,True,TN03D9766,0.979,TN03D9766,accepted,154.2
883,4,auto,1446,285,1919,998,1637,587,1763,666,0.341,261.1,True,TN03D9766,0.980,TN03D9766,accepted,243.0
884,570,car,1091,314,1362,539,1155,460,1236,489,0.656,257.3,True,FINOZATOTOZ,0.633,,rejected,140.4
884,4,auto,1446,286,1918,997,1636,584,1760,702,0.291,257.3,True,TN03D9766,0.946,TN03D9766,accepted,230.5
884,4,auto,1446,286,1918,997,1635,587,1763,668,0.302,257.3,True,TN03D9766,0.988,TN03D9766,accepted,189.3
885,570,car,1084,315,1358,543,1151,465,1228,492,0.641,281.3,True,ETNOZAT8104,0.657,TN0ZAT8104,accepted,145.1
885,4,auto,1447,287,1919,998,1635,585,1759,703,0.544,281.3,True,TN03D9766,0.968,TN03D9766,accepted,238.4
885,4,auto,1447,287,1919,998,1632,587,1761,670,0.438,281.3,True,TN03D9766,0.982,TN03D9766,accepted,197.2
886,570,car,1076,313,1355,546,1145,467,1221,494,0.647,257.9,True,NOZA78TO4,0.549,,rejected,140.7
886,4,auto,1447,287,1919,997,1633,582,1761,704,0.462,257.9,True,TN03D9766,0.921,TN03D9766,accepted,244.3
886,4,auto,1447,287,1919,997,1630,584,1761,668,0.282,257.9,True,TN03D9766,0.975,TN03D9766,accepted,189.9
887,570,car,1068,313,1351,549,1140,471,1216,497,0.696,237.4,True,TNOZATS1O4,0.651,TN0ZAT5104,accepted,140.6
888,570,car,1061,314,1349,554,1130,472,1212,501,0.694,243.4,True,TNOZAT8104,0.742,TN0ZAT8104,accepted,170.2
889,570,car,1053,311,1347,557,1123,473,1206,502,0.701,268.7,True,ONOZATO1O4,0.584,DN0ZAT0104,accepted,142.4
889,4,auto,1449,286,1920,996,1636,580,1760,698,0.325,268.7,True,TN03D9766,0.967,TN03D9766,accepted,228.5
889,4,auto,1449,286,1920,996,1639,584,1757,659,0.534,268.7,True,TN03D9766,0.972,TN03D9766,accepted,238.5
890,570,car,1035,310,1342,565,1110,477,1193,506,0.652,247.7,True,TNOZATB104,0.752,TN0ZAT8104,accepted,141.7
890,4,auto,1449,287,1918,996,1638,583,1758,696,0.326,247.7,True,TN03D9766P,0.885,,rejected,240.3
890,4,auto,1449,287,1918,996,1639,586,1755,659,0.358,247.7,True,TN03D9766,0.980,TN03D9766,accepted,241.0
891,570,car,1023,311,1336,571,1100,480,1181,508,0.643,252.0,True,TNOZATS104,0.670,TN0ZAT5104,accepted,139.9
891,4,auto,1448,287,1918,996,1640,587,1750,656,0.306,252.0,True,TN03D9766,0.971,TN03D9766,accepted,191.3
892,570,car,1013,310,1334,576,1088,482,1176,512,0.661,245.3,True,INOZATS1O4,0.651,TN0ZAT5104,accepted,144.6
892,4,auto,1449,287,1920,997,1637,585,1754,660,0.372,245.3,True,TN03D9766,0.982,TN03D9766,accepted,241.4
892,4,auto,1449,287,1920,997,1632,579,1759,699,0.369,245.3,True,TN03D9766,0.969,TN03D9766,accepted,234.1
893,570,car,1004,310,1331,581,1080,484,1169,515,0.757,257.7,True,TNOZATB1O4,0.697,TN0ZAT8104,accepted,160.5
893,4,auto,1450,287,1919,996,1641,587,1754,658,0.437,257.7,True,TN03D9766,0.982,TN03D9766,accepted,197.1
893,4,auto,1450,287,1919,996,1641,582,1754,687,0.275,257.7,True,TN03D9766,0.967,TN03D9766,accepted,182.6
894,570,car,992,309,1327,586,1070,487,1161,519,0.730,261.0,True,TNOZATB104,0.806,TN0ZAT8104,accepted,142.6
894,4,auto,1450,287,1920,996,1642,586,1755,656,0.490,261.0,True,TN03D9766,0.978,TN03D9766,accepted,197.6
894,4,auto,1450,287,1920,996,1636,581,1762,698,0.329,261.0,True,TN03D9766,0.971,TN03D9766,accepted,175.3
895,570,car,978,307,1323,592,1059,491,1151,523,0.677,258.5,True,INOZATB104,0.751,TN0ZAT8104,accepted,140.8
895,4,auto,1450,285,1919,995,1639,587,1754,659,0.351,258.5,True,TN03D9766,0.981,TN03D9766,accepted,194.8
895,4,auto,1450,285,1919,995,1634,583,1760,701,0.411,258.5,True,TN03D9766,0.967,TN03D9766,accepted,234.9
896,570,car,965,308,1317,598,1049,496,1138,527,0.695,258.7,True,TNOZAT8104,0.803,TN0ZAT8104,accepted,138.1
896,4,auto,1450,287,1919,995,1635,588,1756,664,0.466,258.7,True,TN03D9766,0.973,TN03D9766,accepted,193.3
896,4,auto,1450,287,1919,995,1634,586,1757,700,0.629,258.7,True,TN03D9766,0.976,TN03D9766,accepted,226.1
897,570,car,951,307,1313,604,1037,501,1128,532,0.674,272.9,True,TNO4AT8104,0.755,NL4AT8104,accepted,145.9
897,4,auto,1451,286,1920,995,1632,586,1759,704,0.470,272.9,True,TN03D9766,0.974,TN03D9766,accepted,234.1
898,570,car,928,307,1307,618,1016,510,1111,542,0.757,250.2,True,TNO4AY8104,0.850,NL4AY8104,accepted,154.1
898,4,auto,1451,286,1920,995,1634,585,1762,704,0.273,250.2,True,TN03D9766,0.933,TN03D9766,accepted,180.7
899,570,car,910,306,1304,628,999,518,1095,551,0.732,240.5,True,TN04AT8104,0.831,TN04AT8104,accepted,141.9
899,4,auto,1451,285,1920,995,1638,587,1759,698,0.396,240.5,True,TN03D9766,0.949,TN03D9766,accepted,226.8
899,4,auto,1451,285,1920,995,1638,590,1754,663,0.326,240.5,True,TN03D9766,0.974,TN03D9766,accepted,191.3
900,570,car,891,304,1298,637,980,524,1085,559,0.769,321.8,True,TN04AY8104,0.857,TN04AY8104,accepted,140.6
900,4,auto,1451,286,1919,995,1640,587,1753,659,0.299,321.8,True,TN03D9766,0.978,TN03D9766,accepted,196.1
901,570,car,874,304,1291,644,963,531,1072,567,0.782,246.3,True,TN04AT8104,0.824,TN04AT8104,accepted,143.0
901,4,auto,1451,285,1920,994,1640,587,1754,659,0.295,246.3,True,TN03D9766,0.974,TN03D9766,accepted,243.5
901,4,auto,1451,285,1920,994,1639,585,1758,695,0.254,246.3,True,TN03D9766,0.980,TN03D9766,accepted,180.6
902,570,car,855,304,1286,654,948,539,1056,575,0.706,244.9,True,TNO4AY8104,0.830,NL4AY8104,accepted,144.7
902,4,auto,1452,285,1920,994,1637,588,1758,666,0.257,244.9,True,TN03D9766,0.984,TN03D9766,accepted,199.3
902,4,auto,1452,285,1920,994,1638,586,1759,697,0.428,244.9,True,TN03D9766,0.976,TN03D9766,accepted,178.9
903,570,car,835,303,1281,663,929,547,1040,583,0.762,256.5,True,TN04AT8104,0.877,TN04AT8104,accepted,145.0
903,4,auto,1452,285,1920,993,1638,588,1761,668,0.267,256.5,True,TN03D9766,0.987,TN03D9766,accepted,191.8
903,4,auto,1452,285,1920,993,1638,586,1758,696,0.283,256.5,True,TN03D9766,0.978,TN03D9766,accepted,176.1
904,570,car,814,300,1275,671,909,553,1025,591,0.796,249.2,True,TNO4A18104,0.876,TN04AI8104,accepted,142.4
904,4,auto,1452,285,1920,993,1642,587,1755,660,0.433,249.2,True,TN03D9766,0.983,TN03D9766,accepted,191.7
905,570,car,790,300,1269,683,890,562,1004,599,0.723,271.3,True,TNO4AY8104,0.899,NL4AY8104,accepted,154.6
905,4,auto,1452,286,1919,994,1641,588,1758,663,0.431,271.3,True,TN03D9766,0.990,TN03D9766,accepted,190.8
905,4,auto,1452,286,1919,994,1639,586,1758,695,0.385,271.3,True,TN03D9766,0.967,TN03D9766,accepted,186.3
906,570,car,766,299,1263,696,866,570,987,609,0.771,276.1,True,TN04AY8104,0.918,TN04AY8104,accepted,143.2
906,4,auto,1452,286,1919,994,1643,589,1760,665,0.379,276.1,True,TN03D9766,0.985,TN03D9766,accepted,194.0
907,570,car,739,299,1257,710,843,580,964,618,0.777,298.6,True,TNO4AY8104,0.898,NL4AY8104,accepted,145.2
907,4,auto,1453,287,1919,994,1638,588,1762,668,0.427,298.6,True,TN03D9766,0.988,TN03D9766,accepted,195.4
908,570,car,712,298,1249,722,818,588,942,627,0.719,240.3,True,TNO4AY8104,0.946,NL4AY8104,accepted,174.1
908,4,auto,1453,287,1919,994,1644,589,1759,663,0.350,240.3,True,TN03D9766,0.981,TN03D9766,accepted,194.2
908,4,auto,1453,287,1919,994,1643,587,1758,692,0.268,240.3,True,TN03D9766,0.976,TN03D9766,accepted,200.4
909,570,car,678,298,1239,737,787,596,921,638,0.807,273.3,True,TNO4AY8104,0.926,NL4AY8104,accepted,175.9
909,4,auto,1453,286,1920,993,1640,589,1757,664,0.397,273.3,True,TN03D9766,0.991,TN03D9766,accepted,173.8
909,4,auto,1453,286,1920,993,1638,587,1760,699,0.606,273.3,True,TN03D9766,0.979,TN03D9766,accepted,188.7
910,570,car,644,297,1230,754,752,605,893,649,0.776,262.4,True,TNO4AY8104,0.939,NL4AY8104,accepted,144.3
910,4,auto,1453,287,1919,994,1639,588,1765,671,0.399,262.4,True,TN03D9766,0.985,TN03D9766,accepted,194.9
910,4,auto,1453,287,1919,994,1637,586,1764,702,0.470,262.4,True,TN03,0.954,,rejected,143.7
911,570,car,604,296,1220,773,721,618,862,661,0.762,260.5,True,TNO4AY8104,0.963,NL4AY8104,accepted,284.9
911,4,auto,1453,287,1919,993,1634,586,1763,706,0.656,260.5,True,TN03D9766,0.944,TN03D9766,accepted,237.5
912,570,car,562,293,1213,795,677,629,832,676,0.745,256.1,True,TNO4AY8104,0.943,NL4AY8104,accepted,145.6
912,4,auto,1453,286,1919,993,1636,587,1761,703,0.633,256.1,True,TN03D9766,0.973,TN03D9766,accepted,183.0
912,4,auto,1453,286,1919,993,1639,589,1758,667,0.465,256.1,True,TN03D9766,0.988,TN03D9766,accepted,192.6
913,570,car,513,289,1204,820,636,644,794,692,0.755,251.8,True,TN04AY8104,0.935,TN04AY8104,accepted,148.1
913,4,auto,1453,287,1918,993,1634,587,1762,705,0.731,251.8,True,TN03D9766,0.926,TN03D9766,accepted,195.5
914,570,car,463,286,1195,844,590,662,755,711,0.740,253.0,True,TN04AY8104,0.929,TN04AY8104,accepted,158.6
914,4,auto,1453,286,1919,993,1636,587,1763,705,0.560,253.0,True,TN03D9766,0.963,TN03D9766,accepted,188.8
914,4,auto,1453,286,1919,993,1637,589,1760,670,0.338,253.0,True,TN03D9766,0.982,TN03D9766,accepted,197.8
915,570,car,403,282,1185,875,531,680,715,736,0.765,238.6,True,TN04AY8104,0.953,TN04AY8104,accepted,152.6
915,4,auto,1453,286,1919,993,1642,585,1756,691,0.404,238.6,True,TN03D9766,0.958,TN03D9766,accepted,203.0
915,4,auto,1453,286,1919,993,1643,588,1753,660,0.599,238.6,True,TN03D9766,0.980,TN03D9766,accepted,188.5
916,570,car,342,277,1173,903,469,705,665,763,0.751,399.8,True,TN04AY8104,0.946,TN04AY8104,accepted,147.6
916,4,auto,1452,284,1919,993,1640,584,1757,692,0.399,399.8,True,TN03D9766,0.953,TN03D9766,accepted,186.5
916,4,auto,1452,284,1919,993,1644,587,1757,662,0.485,399.8,True,TN03D9766,0.984,TN03D9766,accepted,191.2
917,4,auto,1452,283,1920,993,1638,586,1760,699,0.545,252.6,True,TN03D9766,0.961,TN03D9766,accepted,149.7
917,4,auto,1452,283,1920,993,1642,588,1756,664,0.335,252.6,True,TN03D9766,0.983,TN03D9766,accepted,184.4
918,4,auto,1452,283,1920,993,1638,586,1762,701,0.516,259.3,True,TN03D9766,0.968,TN03D9766,accepted,149.4
918,4,auto,1452,283,1920,993,1640,588,1762,670,0.479,259.3,True,TN03D9766,0.988,TN03D9766,accepted,185.8
919,4,auto,1451,282,1919,993,1639,586,1762,701,0.512,254.1,True,TN03D9766,0.974,TN03D9766,accepted,148.3
919,4,auto,1451,282,1919,993,1641,587,1757,665,0.360,254.1,True,TN03D9766,0.989,TN03D9766,accepted,181.7
920,4,auto,1451,282,1919,993,1641,586,1761,698,0.434,257.0,True,TN03D9766,0.959,TN03D9766,accepted,150.1
920,4,auto,1451,282,1919,993,1643,588,1759,666,0.498,257.0,True,TN03D9766,0.977,TN03D9766,accepted,193.9
921,4,auto,1451,282,1919,993,1640,587,1761,701,0.600,253.9,True,TN03D9766,0.976,TN03D9766,accepted,152.1
921,4,auto,1451,282,1919,993,1639,589,1759,670,0.347,253.9,True,TN03D9766,0.984,TN03D9766,accepted,189.4
922,4,auto,1451,282,1919,993,1638,587,1762,703,0.663,241.7,True,TN03D9766,0.977,TN03D9766,accepted,152.0
923,4,auto,1450,282,1919,994,1641,588,1758,697,0.524,237.6,True,TN03D9766,0.975,TN03D9766,accepted,148.7
923,4,auto,1450,282,1919,994,1643,590,1754,664,0.426,237.6,True,TN03D9766,0.985,TN03D9766,accepted,182.5
924,4,auto,1449,280,1919,994,1639,588,1757,697,0.529,243.7,True,TN03D9766,0.973,TN03D9766,accepted,152.8
924,4,auto,1449,280,1919,994,1640,590,1752,664,0.362,243.7,True,TN03D9766,0.983,TN03D9766,accepted,189.4
925,4,auto,1449,279,1919,994,1640,588,1756,695,0.487,243.0,True,TN03D9766,0.978,TN03D9766,accepted,151.4
925,4,auto,1449,279,1919,994,1641,590,1752,663,0.388,243.0,True,TN03D9766,0.986,TN03D9766,accepted,187.2
926,4,auto,1449,279,1919,993,1647,587,1751,681,0.574,277.8,True,TN03D9766,0.973,TN03D9766,accepted,158.8
927,4,auto,1451,281,1919,993,1639,587,1759,695,0.644,249.0,True,TN03D9766,0.970,TN03D9766,accepted,161.8
927,4,auto,1451,281,1919,993,1639,588,1755,665,0.484,249.0,True,TN03D9766,0.987,TN03D9766,accepted,185.4
928,4,auto,1450,281,1919,993,1638,587,1761,698,0.576,243.9,True,TN03D9766,0.962,TN03D9766,accepted,159.1
928,4,auto,1450,281,1919,993,1639,588,1755,664,0.450,243.9,True,TN03D9766,0.975,TN03D9766,accepted,181.9
929,4,auto,1449,282,1918,993,1642,589,1749,659,0.291,248.4,True,TN03D9766,0.980,TN03D9766,accepted,162.9
930,4,auto,1451,284,1918,993,1639,587,1759,667,0.538,263.0,True,TN03D9766,0.980,TN03D9766,accepted,155.3
931,4,auto,1450,281,1919,994,1639,587,1760,667,0.326,269.6,True,TN03D9766,0.985,TN03D9766,accepted,153.6
931,4,auto,1450,281,1919,994,1637,585,1765,702,0.458,269.6,True,TN03D9766,0.977,TN03D9766,accepted,229.2
932,4,auto,1450,281,1919,994,1634,583,1766,704,0.366,242.0,True,TN03D9766,0.973,TN03D9766,accepted,150.7
933,792,car,782,319,951,551,762,468,840,510,0.698,244.1,True,T128J9333,0.847,MZ8J9333,accepted,134.1
934,792,car,757,319,946,557,747,471,820,511,0.679,244.7,True,TH128J9333,0.878,TN1ZBJ9333,accepted,141.1
934,4,auto,1450,282,1919,994,1638,587,1757,665,0.303,244.7,True,TN03D9766,0.977,TN03D9766,accepted,182.1
934,4,auto,1450,282,1919,994,1635,585,1763,702,0.474,244.7,True,TN03D9766,0.975,TN03D9766,accepted,233.7
935,4,auto,1450,282,1919,994,1634,584,1764,705,0.394,258.1,True,TN03D9766,0.974,TN03D9766,accepted,147.4
936,4,auto,1450,281,1920,994,1634,585,1764,706,0.510,239.2,True,TN03D9766,0.968,TN03D9766,accepted,152.0
936,792,car,693,317,927,576,686,484,765,522,0.585,239.2,True,TH128J9333,0.863,TN1ZBJ9333,accepted,157.9
936,4,auto,1450,281,1920,994,1634,588,1762,674,0.252,239.2,True,TN03D9766,0.982,TN03D9766,accepted,202.7
937,4,auto,1450,280,1920,994,1637,586,1765,705,0.431,254.7,True,TN03D9766,0.967,TN03D9766,accepted,150.7
937,792,car,666,316,921,583,665,489,746,528,0.604,254.7,True,TN128J9333,0.868,TN1ZBJ9333,accepted,156.9
937,4,auto,1450,280,1920,994,1639,588,1761,671,0.372,254.7,True,TN03D9766,0.986,TN03D9766,accepted,204.3
938,4,auto,1451,282,1920,995,1639,586,1763,702,0.511,239.2,True,TN03D9766,0.957,TN03D9766,accepted,150.3
938,792,car,638,315,915,591,642,495,719,531,0.626,239.2,True,TH128J9333,0.877,TN1ZBJ9333,accepted,161.3
938,4,auto,1451,282,1920,995,1639,588,1761,671,0.463,239.2,True,TN03D9766,0.979,TN03D9766,accepted,170.9
939,4,auto,1451,283,1920,995,1639,585,1765,704,0.436,238.6,True,TN03D9766,0.927,TN03D9766,accepted,152.1
939,792,car,608,314,907,599,610,500,699,542,0.505,238.6,True,TN128J9333,0.858,TN1ZBJ9333,accepted,158.5
939,4,auto,1451,283,1920,995,1641,588,1760,668,0.309,238.6,True,TN03D9766,0.974,TN03D9766,accepted,197.1
940,4,auto,1451,284,1919,996,1637,586,1765,706,0.575,239.1,True,TN03D9766,0.968,TN03D9766,accepted,199.1
940,792,car,576,311,900,608,584,505,676,550,0.594,239.1,True,TH128J9333,0.912,TN1ZBJ9333,accepted,158.2
941,4,auto,1450,285,1919,997,1636,585,1765,708,0.450,252.7,True,TN03D9766,0.952,TN03D9766,accepted,200.3
941,792,car,544,309,893,617,554,510,647,554,0.540,252.7,True,TH123J9333,0.875,,rejected,166.1
941,4,auto,1450,285,1919,997,1638,587,1769,677,0.383,252.7,True,TN03D9766,0.975,TN03D9766,accepted,200.1
942,4,auto,1451,286,1920,999,1637,587,1764,707,0.324,252.8,True,TN03D9766,0.950,TN03D9766,accepted,195.2
942,4,auto,1451,286,1920,999,1640,588,1767,677,0.266,252.8,True,TN03D9766,0.990,TN03D9766,accepted,197.0
943,4,auto,1451,286,1920,999,1639,587,1763,705,0.512,246.5,True,TN03D9766,0.961,TN03D9766,accepted,193.7
943,4,auto,1451,286,1920,999,1642,588,1760,670,0.310,246.5,True,TN03D9766,0.988,TN03D9766,accepted,188.8
944,4,auto,1450,286,1919,999,1638,586,1763,704,0.375,243.9,True,TN03D9766,0.959,TN03D9766,accepted,149.9
944,4,auto,1450,286,1919,999,1641,588,1760,671,0.324,243.9,True,TN03D9766,0.977,TN03D9766,accepted,181.8
945,4,auto,1450,286,1919,999,1637,587,1763,707,0.576,243.2,True,TN03D9766,0.973,TN03D9766,accepted,239.0
946,4,auto,1452,286,1920,998,1642,588,1765,705,0.475,235.4,True,TN03D9766,0.979,TN03D9766,accepted,239.0
946,4,auto,1452,286,1920,998,1648,590,1762,668,0.487,235.4,True,TN03D9766,0.978,TN03D9766,accepted,191.4
947,4,auto,1452,286,1920,998,1642,589,1765,707,0.427,245.2,True,TN03D9766,0.936,TN03D9766,accepted,205.9
947,4,auto,1452,286,1920,998,1647,590,1764,671,0.416,245.2,True,TN03D9766,0.960,TN03D9766,accepted,186.7
948,4,auto,1452,285,1920,997,1644,588,1766,705,0.368,244.8,True,TN03D9766,0.961,TN03D9766,accepted,397.3
948,4,auto,1452,285,1920,997,1650,589,1762,668,0.413,244.8,True,TN03D9766,0.938,TN03D9766,accepted,202.9
949,4,auto,1450,286,1918,998,1639,585,1765,707,0.450,272.4,True,TN03D9766,0.967,TN03D9766,accepted,197.1
951,4,auto,1449,287,1918,998,1638,588,1762,707,0.420,241.0,True,TN03D9766,0.980,TN03D9766,accepted,242.1
952,4,auto,1450,287,1918,998,1637,588,1763,709,0.467,231.8,True,TN03D9766,0.972,TN03D9766,accepted,196.5
952,4,auto,1450,287,1918,998,1640,589,1760,674,0.276,231.8,True,TN03D9766,0.988,TN03D9766,accepted,250.6
953,4,auto,1450,286,1919,998,1647,588,1758,693,0.369,266.0,True,TN03D9766,0.986,TN03D9766,accepted,148.1
953,4,auto,1450,286,1919,998,1648,590,1754,663,0.511,266.0,True,TN03D9766,0.987,TN03D9766,accepted,203.5
954,4,auto,1450,286,1919,997,1645,587,1763,700,0.302,262.3,True,TN03D9766,0.971,TN03D9766,accepted,147.6
954,4,auto,1450,286,1919,997,1649,588,1760,665,0.357,262.3,True,TN03D9766,0.979,TN03D9766,accepted,186.3
955,4,auto,1449,286,1918,998,1642,587,1761,700,0.450,274.5,True,TN03D9766,0.948,TN03D9766,accepted,238.1
955,4,auto,1449,286,1918,998,1647,589,1762,668,0.472,274.5,True,TN03D9766,0.982,TN03D9766,accepted,183.4
956,4,auto,1448,287,1918,998,1638,586,1762,704,0.514,244.3,True,TN03D9766,0.959,TN03D9766,accepted,196.5
956,4,auto,1448,287,1918,998,1640,588,1763,674,0.370,244.3,True,TN03D9766,0.978,TN03D9766,accepted,238.2
957,4,auto,1449,286,1919,998,1635,585,1763,707,0.395,248.5,True,TN03D9766,0.974,TN03D9766,accepted,236.5
958,4,auto,1449,287,1919,999,1632,585,1760,708,0.534,244.1,True,TN03D9766,0.975,TN03D9766,accepted,239.2
958,4,auto,1449,287,1919,999,1635,588,1761,677,0.392,244.1,True,TN03D9766,0.978,TN03D9766,accepted,230.1
959,4,auto,1448,287,1918,999,1632,586,1760,708,0.671,259.8,True,TN03D9766,0.965,TN03D9766,accepted,194.2
959,768,car,1070,330,1265,497,1114,447,1181,468,0.609,259.8,True,,,,no_text,184.7
959,4,auto,1448,287,1918,999,1634,589,1761,680,0.305,259.8,True,TN03D9766,0.969,TN03D9766,accepted,248.4
960,768,car,1063,329,1265,501,1106,448,1176,470,0.610,270.0,True,,,,no_text,71.2
960,4,auto,1448,287,1919,999,1637,589,1764,680,0.576,270.0,True,TN03D9766,0.973,TN03D9766,accepted,167.2
961,768,car,1059,328,1264,503,1100,449,1172,472,0.482,247.1,True,,,,no_text,148.8
961,4,auto,1448,286,1919,998,1642,587,1765,676,0.291,247.1,True,TN03D9766,0.988,TN03D9766,accepted,191.2
961,4,auto,1448,286,1919,998,1635,585,1763,707,0.278,247.1,True,TN03D9766,0.958,TN03D9766,accepted,278.3
962,4,auto,1447,287,1918,999,1636,586,1762,706,0.578,236.1,True,TN03D9766,0.956,TN03D9766,accepted,195.9
963,4,auto,1446,286,1918,998,1633,586,1761,708,0.606,247.6,True,TN03D9766,0.967,TN03D9766,accepted,196.9
963,768,car,1030,328,1248,513,1078,457,1144,481,0.559,247.6,True,1083374,0.674,,rejected,180.1
963,4,auto,1446,286,1918,998,1635,587,1759,678,0.356,247.6,True,TN03D9766,0.984,TN03D9766,accepted,254.9
964,4,auto,1446,286,1918,998,1634,586,1762,707,0.611,257.5,True,TN03D9766,0.926,TN03D9766,accepted,237.8
964,768,car,1021,329,1244,516,1075,459,1141,483,0.604,257.5,True,10613374,0.759,,rejected,165.0
965,4,auto,1446,287,1918,998,1634,587,1761,707,0.608,271.6,True,TN03D9766,0.948,TN03D9766,accepted,235.5
965,768,car,1013,329,1242,520,1062,461,1132,487,0.595,271.6,True,T108Y3374,0.598,,rejected,160.7
966,4,auto,1447,286,1919,998,1635,584,1761,704,0.440,270.5,True,TN03D976675,0.834,,rejected,192.4
966,768,car,1007,329,1239,523,1055,463,1125,488,0.596,270.5,True,1T10892374,0.707,,rejected,167.7
966,4,auto,1447,286,1919,998,1645,585,1752,662,0.477,270.5,True,TN03D9766,0.985,TN03D9766,accepted,216.8
967,4,auto,1448,286,1919,997,1636,583,1762,703,0.472,243.4,True,TN03D9766,0.962,TN03D9766,accepted,239.3
967,768,car,1000,329,1236,525,1053,467,1117,490,0.448,243.4,True,1C8Y3374,0.596,,rejected,177.4
967,4,auto,1448,286,1919,997,1644,586,1754,665,0.445,243.4,True,,,,no_text,160.4
968,4,auto,1448,285,1920,997,1637,584,1761,702,0.388,248.6,True,TN03D9766,0.943,TN03D9766,accepted,198.7
968,768,car,991,328,1234,528,1049,470,1114,492,0.546,248.6,True,T108Y3374,0.660,,rejected,175.5
968,4,auto,1448,285,1920,997,1645,587,1753,663,0.369,248.6,True,TN03D9766,0.982,TN03D9766,accepted,249.9
969,4,auto,1448,287,1919,998,1638,583,1757,695,0.649,260.2,True,TN03D9766,0.943,TN03D9766,accepted,150.4
969,768,car,982,330,1228,532,1035,472,1103,495,0.605,260.2,True,ET10913374,0.760,,rejected,176.5
970,4,auto,1448,286,1919,998,1646,586,1756,688,0.601,260.6,True,TN03D9766,0.961,TN03D9766,accepted,150.2
970,768,car,972,329,1224,534,1025,473,1098,498,0.589,260.6,True,TN108Y3374,0.655,TN1OBY3374,accepted,174.9
971,4,auto,1447,287,1919,998,1636,586,1760,701,0.657,270.1,True,TN03D9766,0.960,TN03D9766,accepted,195.9
971,768,car,963,329,1220,538,1017,476,1091,501,0.489,270.1,True,ETN108Y357A,0.705,,rejected,174.8
971,4,auto,1447,287,1919,998,1634,588,1761,678,0.377,270.1,True,TN03D9766,0.985,TN03D9766,accepted,205.2
972,4,auto,1447,286,1919,998,1632,585,1762,705,0.526,258.9,True,TN03D9766,0.950,TN03D9766,accepted,193.7
972,768,car,953,328,1215,541,1004,478,1079,503,0.516,258.9,True,ETN10DY3S74,0.610,TN1ODY3574,accepted,170.1
972,4,auto,1447,286,1919,998,1638,587,1756,670,0.387,258.9,True,TN03D9766,0.976,TN03D9766,accepted,196.5
973,768,car,942,328,1211,545,995,480,1074,506,0.673,250.8,True,K100Y3374,0.729,KL0OY3374,accepted,143.3
973,4,auto,1447,285,1919,998,1637,586,1764,678,0.524,250.8,True,TN03D9766,0.988,TN03D9766,accepted,193.7
974,768,car,933,330,1207,551,986,484,1067,511,0.693,255.2,True,FIN10813974,0.801,TN1OBI3974,accepted,142.6
974,4,auto,1448,287,1919,998,1636,586,1763,678,0.431,255.2,True,TN03D9766,0.974,TN03D9766,accepted,176.2
975,768,car,921,329,1202,555,975,486,1057,513,0.709,248.9,True,TN10873974,0.803,,rejected,144.0
975,4,auto,1448,286,1919,998,1637,586,1759,675,0.462,248.9,True,TN03D9766,0.983,TN03D9766,accepted,244.8
975,4,auto,1448,286,1919,998,1632,586,1763,707,0.588,248.9,True,TN03D9766,0.951,TN03D9766,accepted,231.3
976,768,car,910,329,1198,559,963,489,1046,517,0.685,255.2,True,ETN10BY3974,0.831,TN10BY3974,accepted,142.2
976,4,auto,1447,286,1919,997,1630,586,1762,708,0.674,255.2,True,TN03D9766,0.953,TN03D9766,accepted,276.8
977,768,car,888,328,1187,566,947,495,1032,523,0.754,236.6,True,TN1083974,0.924,TN1OB3974,accepted,147.8
977,4,auto,1447,286,1919,997,1630,587,1761,708,0.668,236.6,True,TN03D9766,0.980,TN03D9766,accepted,235.6
978,768,car,874,329,1181,572,930,500,1015,528,0.693,264.5,True,FTN10BY3974,0.785,TN10BY3974,accepted,142.0
978,4,auto,1447,286,1919,998,1630,587,1761,708,0.651,264.5,True,TN03D9766,0.980,TN03D9766,accepted,231.7
978,4,auto,1447,286,1919,998,1638,587,1754,670,0.471,264.5,True,TN03D9766,0.960,TN03D9766,accepted,191.2
979,768,car,859,328,1176,579,912,503,1004,534,0.745,241.0,True,FTX108V3974,0.811,,rejected,162.5
979,4,auto,1448,286,1920,998,1632,586,1761,706,0.621,241.0,True,732,0.598,,rejected,197.2
980,768,car,844,329,1170,586,899,508,993,540,0.749,259.1,True,TN108Y3974,0.840,TN1OBY3974,accepted,142.0
980,4,auto,1449,287,1920,998,1632,587,1760,706,0.601,259.1,True,TN03D9766,0.966,TN03D9766,accepted,187.6
981,768,car,819,328,1159,594,874,515,969,546,0.682,261.2,True,ETN10BY3974,0.867,TN10BY3974,accepted,142.9
981,4,auto,1449,286,1920,997,1632,586,1761,705,0.664,261.2,True,TN03D9766,0.957,TN03D9766,accepted,293.1
981,4,auto,1449,286,1920,997,1639,587,1754,669,0.534,261.2,True,TN03D9766,0.987,TN03D9766,accepted,186.6
982,768,car,795,326,1149,603,857,520,952,551,0.735,270.0,True,FIN10BY3974,0.867,TN10BY3974,accepted,144.5
982,4,auto,1449,285,1920,997,1637,586,1755,696,0.341,270.0,True,TN03D9766,0.962,TN03D9766,accepted,193.9
982,4,auto,1449,285,1920,997,1644,588,1750,663,0.419,270.0,True,TN03D9766,0.988,TN03D9766,accepted,197.5
983,768,car,776,325,1142,611,839,526,939,559,0.744,256.9,True,FTN108Y3974,0.870,TN1OBY3974,accepted,143.0
983,4,auto,1449,286,1920,997,1632,586,1759,704,0.709,256.9,True,N03D9766,0.967,NL3D9766,accepted,238.4
984,768,car,757,324,1136,619,820,530,923,565,0.768,239.6,True,FTN10BY3974,0.898,TN10BY3974,accepted,143.9
984,4,auto,1450,286,1920,997,1630,585,1761,707,0.669,239.6,True,TN03D9766,0.966,TN03D9766,accepted,240.3
984,4,auto,1450,286,1920,997,1633,587,1758,676,0.490,239.6,True,TN03D9766,0.988,TN03D9766,accepted,188.7
985,768,car,736,324,1125,625,802,536,907,571,0.786,239.0,True,IN10BY3974,0.897,TN10BY3974,accepted,146.3
985,4,auto,1450,286,1920,997,1634,586,1759,702,0.586,239.0,True,TN03D9766,0.971,TN03D9766,accepted,188.9
985,4,auto,1450,286,1920,997,1638,587,1756,670,0.461,239.0,True,TN03D9766,0.972,TN03D9766,accepted,194.9
986,768,car,715,324,1117,634,783,542,886,577,0.740,262.9,True,TN10BY3974,0.894,TN10BY3974,accepted,143.4
986,4,auto,1450,286,1920,997,1632,587,1759,704,0.692,262.9,True,TN03D9766,0.962,TN03D9766,accepted,277.0
987,768,car,692,324,1109,643,756,549,870,587,0.801,234.6,True,FIN10BY3974,0.897,TN10BY3974,accepted,144.2
987,4,auto,1451,287,1920,998,1631,585,1760,705,0.458,234.6,True,TN03D9766,0.961,TN03D9766,accepted,234.5
988,768,car,668,323,1101,653,732,554,850,594,0.799,269.5,True,FTN10BY3974,0.912,TN10BY3974,accepted,140.1
988,4,auto,1450,285,1920,997,1630,584,1762,707,0.651,269.5,True,TN03D9766,0.924,TN03D9766,accepted,234.8
988,4,auto,1450,285,1920,997,1635,585,1757,672,0.504,269.5,True,TN03D9766,0.988,TN03D9766,accepted,187.2
989,768,car,641,321,1092,663,710,563,823,601,0.770,242.4,True,TN10BY3974,0.961,TN10BY3974,accepted,145.6
989,4,auto,1449,285,1919,997,1631,586,1759,706,0.603,242.4,True,,,,no_text,140.4
989,4,auto,1449,285,1919,997,1635,588,1755,673,0.344,242.4,True,TN03D9766,0.977,TN03D9766,accepted,213.1
990,4,auto,1449,285,1919,997,1629,586,1760,708,0.716,253.7,True,TN03D9766,0.969,TN03D9766,accepted,257.2
991,4,auto,1449,284,1919,996,1628,585,1761,708,0.660,236.6,True,TN03D9766,0.946,TN03D9766,accepted,255.1
992,4,auto,1449,284,1919,997,1629,585,1760,707,0.616,289.1,True,TN03D9766,0.977,TN03D9766,accepted,181.5
992,4,auto,1449,284,1919,997,1634,586,1755,673,0.497,289.1,True,TN03D9766,0.986,TN03D9766,accepted,188.8
993,4,auto,1449,284,1919,996,1629,585,1761,708,0.663,267.7,True,TN03D9766,0.940,TN03D9766,accepted,291.5
994,4,auto,1450,285,1919,996,1628,584,1762,708,0.669,268.1,True,TN03D9766,0.969,TN03D9766,accepted,232.8
995,4,auto,1450,285,1919,996,1629,585,1762,708,0.661,256.9,True,N03D9766,0.965,NL3D9766,accepted,194.4
996,4,auto,1449,284,1919,997,1630,586,1761,708,0.589,246.5,True,TN03D9766,0.940,TN03D9766,accepted,236.2
996,4,auto,1449,284,1919,997,1633,587,1757,675,0.393,246.5,True,TN03D9766,0.978,TN03D9766,accepted,191.8
997,4,auto,1449,284,1919,997,1630,585,1761,707,0.611,256.4,True,,,,no_text,148.6
998,4,auto,1449,285,1919,997,1629,585,1760,707,0.632,238.3,True,,,,no_text,114.1
999,4,auto,1450,285,1919,997,1629,585,1760,708,0.654,245.6,True,TNO3D9766,0.919,NL3D9766,accepted,192.4
1000,4,auto,1450,286,1919,998,1630,584,1763,682,0.559,305.5,True,TN03D9766,0.986,TN03D9766,accepted,158.7
1001,4,auto,1449,286,1919,997,1627,585,1767,689,0.612,238.0,True,TNO3D9766,0.956,NL3D9766,accepted,156.5
1002,4,auto,1449,285,1918,997,1636,585,1758,698,0.591,239.8,True,TN03D9766,0.961,TN03D9766,accepted,150.7
1003,4,auto,1449,286,1918,998,1640,584,1756,691,0.473,237.3,True,,,,no_text,114.1
1004,4,auto,1448,285,1919,998,1647,587,1751,680,0.413,240.2,True,TN03D9766,0.949,TN03D9766,accepted,151.6
1005,4,auto,1448,285,1919,998,1629,585,1767,689,0.450,236.6,True,TN03D9766,0.935,TN03D9766,accepted,158.9
1006,4,auto,1448,285,1919,998,1623,585,1772,702,0.602,247.7,True,TN03D9766,0.962,TN03D9766,accepted,151.4
1010,4,auto,1450,286,1920,998,1624,587,1773,707,0.340,250.3,True,TN03D9766,0.975,TN03D9766,accepted,151.4
1011,4,auto,1451,286,1920,998,1625,586,1774,708,0.435,257.2,True,TN03D9766,0.963,TN03D9766,accepted,183.2
1012,4,auto,1453,286,1920,998,1657,587,1746,663,0.531,249.7,True,TN03D9766,0.977,TN03D9766,accepted,154.6
1013,4,auto,1452,286,1920,997,1656,588,1746,662,0.440,240.3,True,TN03D9766,0.979,TN03D9766,accepted,158.8
1013,4,auto,1452,286,1920,997,1636,587,1770,699,0.377,240.3,True,TN03D9766,0.966,TN03D9766,accepted,195.1
1014,4,auto,1450,285,1919,997,1650,586,1751,667,0.347,244.4,True,TN03D9766,0.976,TN03D9766,accepted,156.2
1014,4,auto,1450,285,1919,997,1632,585,1773,706,0.407,244.4,True,TN03D9766,0.972,TN03D9766,accepted,233.3
1015,4,auto,1449,286,1918,998,1630,585,1772,709,0.527,253.7,True,TN03D9766,0.969,TN03D9766,accepted,199.4
1016,4,auto,1450,287,1919,998,1630,585,1771,708,0.372,252.4,True,TN03D9766,0.958,TN03D9766,accepted,293.9
1016,4,auto,1450,287,1919,998,1827,608,1918,743,0.337,252.4,True,,,,no_text,48.8
1016,4,auto,1450,287,1919,998,1648,587,1752,669,0.275,252.4,True,69703,0.527,,rejected,168.3
1017,4,auto,1450,286,1920,998,1639,586,1766,698,0.333,249.6,True,TN03D9766,0.976,TN03D9766,accepted,208.6
1017,4,auto,1450,286,1920,998,1652,588,1750,663,0.462,249.6,True,TN03D9766,0.982,TN03D9766,accepted,251.0
1018,4,auto,1450,285,1919,998,1651,587,1760,682,0.551,238.2,True,TN03D9766,0.974,TN03D9766,accepted,153.9
1019,4,auto,1450,285,1919,998,1653,588,1758,678,0.503,239.9,True,TN03D9766,0.973,TN03D9766,accepted,199.6
1020,4,auto,1451,286,1920,998,1646,586,1763,687,0.400,244.9,True,TN03D9766,0.966,TN03D9766,accepted,154.9
1020,4,auto,1451,286,1920,998,1652,588,1750,660,0.521,244.9,True,TN03D9766,0.979,TN03D9766,accepted,272.0
1021,4,auto,1451,284,1920,997,1640,586,1769,698,0.295,242.3,True,TN03D9766,0.972,TN03D9766,accepted,196.7
1021,4,auto,1451,284,1920,997,1651,587,1759,667,0.340,242.3,True,TN03D9766,0.973,TN03D9766,accepted,198.0
1022,4,auto,1452,286,1920,998,1635,585,1770,705,0.385,240.2,True,TN03D9766,0.938,TN03D9766,accepted,246.4
1022,4,auto,1452,286,1920,998,1650,588,1756,665,0.394,240.2,True,TN03D9766,0.978,TN03D9766,accepted,197.5
1022,817,car,1006,343,1172,472,1046,424,1087,441,0.570,240.2,True,,,,no_text,74.1
1023,4,auto,1452,286,1920,998,1639,586,1767,700,0.371,262.8,True,TN03D9766,0.968,TN03D9766,accepted,157.4
1023,4,auto,1452,286,1920,998,1650,589,1754,663,0.509,262.8,True,TN03D9766,0.973,TN03D9766,accepted,189.0
1023,817,car,1000,345,1167,474,1041,425,1081,442,0.642,262.8,True,,,,no_text,73.5
1024,4,auto,1451,285,1919,997,1642,588,1766,698,0.396,257.2,True,TN03D9766,0.954,TN03D9766,accepted,151.6
1024,4,auto,1451,285,1919,997,1652,589,1757,665,0.484,257.2,True,TN03D9766,0.974,TN03D9766,accepted,192.5
1024,817,car,993,344,1164,476,1031,425,1073,442,0.631,257.2,True,,,,no_text,70.5
1025,4,auto,1451,285,1920,998,1640,587,1768,703,0.514,272.6,True,TN03D9766,0.955,TN03D9766,accepted,196.1
1025,4,auto,1451,285,1920,998,1650,588,1763,669,0.601,272.6,True,TN03D9766,0.968,TN03D9766,accepted,196.0
1025,817,car,984,344,1160,478,1024,429,1065,445,0.685,272.6,True,,,,no_text,80.8
1026,4,auto,1450,286,1919,998,1643,587,1764,696,0.252,257.9,True,TN03D9766,0.982,TN03D9766,accepted,197.2
1026,4,auto,1450,286,1919,998,1650,589,1757,664,0.448,257.9,True,TN03D9766,0.980,TN03D9766,accepted,242.1
1026,817,car,976,345,1154,480,1014,430,1057,448,0.566,257.9,True,,,,no_text,66.8
1027,4,auto,1449,285,1918,997,1642,585,1763,693,0.288,256.2,True,TN03D9766,0.951,TN03D9766,accepted,151.3
1027,4,auto,1449,285,1918,997,1648,586,1756,662,0.486,256.2,True,TN03D9766,0.981,TN03D9766,accepted,238.3
1027,817,car,967,343,1150,481,1007,430,1052,449,0.520,256.2,True,,,,no_text,64.6
1028,4,auto,1450,284,1919,997,1641,585,1766,698,0.380,286.4,True,TN03D9766,0.972,TN03D9766,accepted,185.1
1028,4,auto,1450,284,1919,997,1648,586,1762,667,0.394,286.4,True,69703,0.575,,rejected,153.9
1028,817,car,960,342,1146,482,999,431,1046,450,0.508,286.4,True,,,,no_text,74.8
1029,4,auto,1450,284,1920,998,1638,585,1769,704,0.473,265.6,True,TN03D9766,0.975,TN03D9766,accepted,206.5
1029,4,auto,1450,284,1920,998,1645,587,1763,671,0.325,265.6,True,TN03D9766,0.988,TN03D9766,accepted,189.6
1029,817,car,953,342,1142,485,992,431,1041,452,0.412,265.6,True,,,,no_text,175.7
1030,4,auto,1451,285,1920,997,1644,586,1764,696,0.457,281.2,True,TN03D9766,0.977,TN03D9766,accepted,151.5
1030,4,auto,1451,285,1920,997,1647,588,1757,665,0.558,281.2,True,TN03D9766,0.983,TN03D9766,accepted,237.1
1030,817,car,946,344,1137,487,987,435,1034,455,0.565,281.2,True,,,,no_text,159.0
1031,4,auto,1450,284,1919,996,1648,587,1757,663,0.281,259.2,True,TN03D9766,0.984,TN03D9766,accepted,201.7
1031,817,car,937,344,1133,490,976,436,1026,456,0.546,259.2,True,,,,no_text,170.0
1032,4,auto,1450,283,1920,996,1649,588,1760,666,0.459,263.0,True,TN03D9766,0.983,TN03D9766,accepted,158.1
1032,817,car,928,344,1128,492,970,437,1019,457,0.657,263.0,True,NEPN,0.538,,rejected,173.6
1033,4,auto,1450,284,1919,996,1644,586,1768,674,0.517,246.4,True,TN03D9766,0.989,TN03D9766,accepted,160.5
1033,817,car,919,344,1122,494,964,442,1010,461,0.545,246.4,True,,,,no_text,167.3
1034,4,auto,1450,284,1919,996,1645,587,1766,673,0.474,254.7,True,TN03D9766,0.968,TN03D9766,accepted,158.4
1034,817,car,911,344,1119,497,956,442,1003,461,0.663,254.7,True,,,,no_text,175.5
1034,4,auto,1450,284,1919,996,1641,587,1766,701,0.406,254.7,True,TN03D9766,0.976,TN03D9766,accepted,200.3
1035,4,auto,1450,284,1919,997,1648,588,1763,670,0.585,240.8,True,TN03D9766,0.955,TN03D9766,accepted,156.2
1035,817,car,902,345,1114,500,947,443,998,464,0.676,240.8,True,,,,no_text,174.1
1035,4,auto,1450,284,1919,997,1642,587,1764,698,0.471,240.8,True,TN03D9766,0.981,TN03D9766,accepted,199.0
1036,4,auto,1451,284,1920,996,1647,588,1764,671,0.530,245.5,True,70,0.563,,rejected,120.8
1036,817,car,894,344,1110,502,938,444,989,464,0.691,245.5,True,,,,no_text,168.1
1037,4,auto,1450,284,1919,996,1648,588,1764,671,0.481,256.9,True,TN03D9766,0.970,TN03D9766,accepted,156.5
1037,817,car,884,344,1104,504,929,445,980,464,0.683,256.9,True,,,,no_text,178.6
1037,4,auto,1450,284,1919,996,1642,587,1766,701,0.424,256.9,True,TN03D9766,0.971,TN03D9766,accepted,199.4
1038,4,auto,1451,284,1919,996,1647,588,1765,673,0.507,269.3,True,TN03D9766,0.973,TN03D9766,accepted,153.5
1038,817,car,873,343,1100,507,918,447,972,467,0.696,269.3,True,,,,no_text,173.7
1039,4,auto,1452,285,1920,996,1645,588,1765,674,0.528,246.8,True,TN03D9766,0.975,TN03D9766,accepted,156.2
1039,817,car,863,343,1094,510,910,449,962,468,0.725,246.8,True,,,,no_text,163.9
1039,4,auto,1452,285,1920,996,1639,586,1766,703,0.479,246.8,True,TN03D9766,0.949,TN03D9766,accepted,195.2
1040,4,auto,1452,286,1920,996,1643,588,1760,673,0.333,270.0,True,TN03D9766,0.988,TN03D9766,accepted,160.1
1040,817,car,851,341,1090,514,898,451,950,470,0.706,270.0,True,,,,no_text,174.6
1040,4,auto,1452,286,1920,996,1636,586,1765,707,0.456,270.0,True,TN03D9766,0.979,TN03D9766,accepted,246.3
1040,4,auto,1452,286,1920,996,1828,610,1918,742,0.276,270.0,True,,,,no_text,48.9
1041,4,auto,1453,287,1920,996,1641,588,1764,677,0.337,266.7,True,TN03D9766,0.982,TN03D9766,accepted,154.6
1041,817,car,840,342,1083,517,889,454,943,474,0.669,266.7,True,N,0.605,,rejected,175.8
1041,4,auto,1453,287,1920,996,1636,586,1765,707,0.378,266.7,True,TN03D97667,0.823,,rejected,304.4
1041,4,auto,1453,287,1920,996,1828,611,1918,742,0.277,266.7,True,,,,no_text,44.8
1042,4,auto,1453,287,1920,997,1645,588,1757,669,0.475,286.7,True,TN03D9766,0.986,TN03D9766,accepted,202.1
1042,817,car,829,343,1075,520,875,455,935,477,0.576,286.7,True,,,,no_text,179.5
1042,4,auto,1453,287,1920,997,1641,586,1762,700,0.371,286.7,True,TN03D9766,0.976,TN03D9766,accepted,209.0
1043,4,auto,1453,286,1920,996,1649,586,1755,662,0.406,240.9,True,TN03D9766,0.974,TN03D9766,accepted,207.3
1043,817,car,818,343,1069,522,864,457,927,480,0.644,240.9,True,,,,no_text,177.0
1044,4,auto,1453,285,1920,996,1650,586,1754,660,0.403,249.4,True,TN03D9766,0.979,TN03D9766,accepted,205.2
1044,817,car,804,342,1063,525,850,458,916,482,0.689,249.4,True,,,,no_text,173.6
1044,4,auto,1453,285,1920,996,1643,584,1765,700,0.288,249.4,True,TN03D9766,0.969,TN03D9766,accepted,243.8
1045,4,auto,1452,285,1920,995,1648,586,1761,666,0.403,320.7,True,TN03D9766,0.978,TN03D9766,accepted,153.2
1045,817,car,789,339,1058,529,838,460,905,484,0.714,320.7,True,,,,no_text,183.1
1045,4,auto,1452,285,1920,995,1641,584,1767,703,0.315,320.7,True,TN03D9766,0.926,TN03D9766,accepted,192.7
1046,4,auto,1453,286,1920,995,1651,588,1760,665,0.498,264.4,True,TN03D9766,0.978,TN03D9766,accepted,157.5
1046,817,car,776,338,1053,533,825,463,893,488,0.697,264.4,True,,,,no_text,171.5
1046,4,auto,1453,286,1920,995,1645,586,1763,698,0.433,264.4,True,TN03D9766,0.972,TN03D9766,accepted,246.8
1047,4,auto,1454,287,1920,995,1651,589,1753,660,0.524,303.7,True,TN03D9766,0.976,TN03D9766,accepted,208.5
1047,817,car,763,340,1046,538,812,467,880,491,0.723,303.7,True,7736,0.608,,rejected,181.2
1047,4,auto,1454,287,1920,995,1649,587,1759,691,0.399,303.7,True,TN03D9766,0.977,TN03D9766,accepted,197.5
1048,4,auto,1454,286,1920,995,1647,588,1763,670,0.472,251.8,True,TN03D9766,0.977,TN03D9766,accepted,160.6
1048,817,car,747,338,1039,542,798,470,864,493,0.656,251.8,True,34,0.579,,rejected,191.5
1048,4,auto,1454,286,1920,995,1644,587,1764,700,0.488,251.8,True,,,,no_text,287.0
1049,4,auto,1454,286,1920,995,1642,588,1762,672,0.326,239.3,True,TN03D9766,0.977,TN03D9766,accepted,254.9
1049,817,car,730,337,1030,546,782,472,850,496,0.683,239.3,True,,,,no_text,174.4
1049,4,auto,1454,286,1920,995,1639,586,1765,706,0.531,239.3,True,TN03D9766,0.968,TN03D9766,accepted,193.1
1050,4,auto,1454,285,1920,995,1647,587,1755,661,0.340,282.8,True,TN03D9766,0.982,TN03D9766,accepted,198.7
1050,817,car,713,337,1021,550,767,475,835,499,0.733,282.8,True,T07735,0.749,,rejected,183.7
1050,4,auto,1454,285,1920,995,1829,605,1920,738,0.296,282.8,True,202,0.501,,rejected,135.8
1051,817,car,696,338,1011,556,749,479,818,503,0.578,260.6,True,TNOT3736,0.644,TN0T3736,accepted,145.8
1051,4,auto,1453,286,1920,996,1636,585,1766,708,0.507,260.6,True,TN03D9766,0.956,TN03D9766,accepted,291.0
1052,817,car,680,339,1004,562,731,483,803,508,0.732,247.7,True,TN07EN3736,0.754,TN07EN3736,accepted,141.2
1052,4,auto,1454,287,1920,996,1648,587,1763,667,0.465,247.7,True,TN03D9766,0.982,TN03D9766,accepted,195.3
1053,817,car,661,338,995,567,715,486,785,510,0.736,248.0,True,TN07EW3735,0.778,TN07EW3735,accepted,143.8
1053,4,auto,1455,286,1920,996,1649,586,1758,661,0.561,248.0,True,TN03D9766,0.976,TN03D9766,accepted,198.1
1053,4,auto,1455,286,1920,996,1645,584,1761,694,0.370,248.0,True,TN03D9766,0.963,TN03D9766,accepted,187.3
1054,817,car,640,339,984,572,694,491,766,515,0.734,274.8,True,TN073735,0.785,TN073735,accepted,141.4
1054,4,auto,1456,287,1920,996,1642,587,1761,670,0.418,274.8,True,TN03D9766,0.987,TN03D9766,accepted,194.2
1054,4,auto,1456,287,1920,996,1641,586,1764,703,0.594,274.8,True,TN03D9766,0.961,TN03D9766,accepted,180.6
1055,4,auto,1457,288,1920,996,1647,587,1756,663,0.519,247.9,True,TN03D9766,0.975,TN03D9766,accepted,156.2
1055,4,auto,1457,288,1920,996,1644,586,1764,701,0.368,247.9,True,TN03,0.887,,rejected,136.3
1055,4,auto,1457,288,1920,996,1827,605,1919,740,0.254,247.9,True,,,,no_text,57.7
1056,4,auto,1457,288,1920,995,1649,587,1761,664,0.563,284.9,True,TN03D9766,0.981,TN03D9766,accepted,154.6
1056,4,auto,1457,288,1920,995,1647,586,1764,697,0.441,284.9,True,TN03D9766,0.966,TN03D9766,accepted,220.9
1056,817,car,575,338,951,590,623,505,707,532,0.713,284.9,True,TN073736,0.848,TN073736,accepted,192.8
1057,4,auto,1457,289,1920,996,1643,587,1764,671,0.401,252.5,True,TN03D9766,0.987,TN03D9766,accepted,162.1
1057,4,auto,1457,289,1920,996,1640,585,1763,702,0.396,252.5,True,TN03D9766,0.978,TN03D9766,accepted,236.9
1057,4,auto,1457,289,1920,996,1828,609,1919,742,0.292,252.5,True,,,,no_text,48.2
1058,4,auto,1457,289,1920,996,1647,588,1763,668,0.524,286.3,True,TN03D9766,0.988,TN03D9766,accepted,154.1
1058,4,auto,1457,289,1920,996,1643,586,1763,700,0.440,286.3,True,TN03D9766,0.970,TN03D9766,accepted,206.6
1058,817,car,492,335,917,616,536,520,634,549,0.762,286.3,True,TN07E3736,0.846,TN07E3736,accepted,205.9
1058,4,auto,1457,289,1920,996,1826,605,1920,743,0.309,286.3,True,,,,no_text,57.8
1059,4,auto,1457,289,1920,996,1649,588,1757,662,0.616,253.3,True,TN03D9766,0.964,TN03D9766,accepted,212.4
1059,4,auto,1457,289,1920,996,1647,586,1761,694,0.417,253.3,True,TN03D9766,0.976,TN03D9766,accepted,197.2
1059,817,car,458,334,901,624,510,525,605,554,0.731,253.3,True,TNO7E3736,0.883,NL7E3736,accepted,204.7
1060,4,auto,1457,290,1920,997,1648,587,1760,664,0.644,249.0,True,TN03D9766,0.985,TN03D9766,accepted,292.7
1060,817,car,425,335,885,634,474,532,572,561,0.718,249.0,True,TNO7EW3736,0.804,NL7EW3736,accepted,190.0
1061,4,auto,1457,290,1920,998,1646,586,1763,667,0.547,267.1,True,TN03D9766,0.974,TN03D9766,accepted,166.0
1061,817,car,387,334,871,646,437,541,536,570,0.747,267.1,True,TN073736,0.933,TN073736,accepted,194.3
1062,4,auto,1457,291,1920,999,1646,586,1763,668,0.602,255.8,True,TN03D9766,0.961,TN03D9766,accepted,155.8
1062,817,car,348,331,857,657,395,547,500,578,0.704,255.8,True,TN073736,0.908,TN073736,accepted,182.3
1063,4,auto,1457,290,1920,998,1645,587,1759,665,0.562,248.7,True,TN03D9766,0.978,TN03D9766,accepted,202.0
1063,4,auto,1457,290,1920,998,1827,605,1920,742,0.318,248.7,True,,,,no_text,49.2
1063,4,auto,1457,290,1920,998,1640,584,1762,699,0.419,248.7,True,TN03D9766,0.960,TN03D9766,accepted,201.1
1064,4,auto,1457,291,1920,999,1644,587,1758,665,0.651,256.8,True,TN03D9766,0.983,TN03D9766,accepted,204.5
1065,4,auto,1456,289,1920,998,1645,587,1758,665,0.595,259.6,True,TN03D9766,0.981,TN03D9766,accepted,206.5
1065,4,auto,1456,289,1920,998,1644,584,1761,695,0.428,259.6,True,TN03,0.951,,rejected,146.9
1066,4,auto,1456,290,1920,999,1644,587,1758,666,0.629,246.7,True,TN03D9766,0.984,TN03D9766,accepted,259.1
1067,4,auto,1457,290,1919,998,1642,586,1765,672,0.602,240.9,True,TN03D9766,0.964,TN03D9766,accepted,160.1
1068,4,auto,1457,291,1920,999,1641,585,1768,675,0.604,240.3,True,TN03D9766,0.988,TN03D9766,accepted,158.1
1069,4,auto,1457,291,1920,999,1644,587,1766,674,0.616,264.1,True,TN03D9766,0.979,TN03D9766,accepted,155.5
1070,4,auto,1457,290,1919,998,1646,588,1764,672,0.614,241.9,True,TN03D9766,0.975,TN03D9766,accepted,159.8
1071,4,auto,1457,290,1920,999,1644,589,1766,677,0.648,245.9,True,TN03D9766,0.990,TN03D9766,accepted,179.9
1071,4,auto,1457,290,1920,999,1832,621,1920,750,0.296,245.9,True,,,,no_text,152.0
1072,4,auto,1456,290,1920,999,1646,589,1753,688,0.632,255.2,True,TN03D9766,0.979,TN03D9766,accepted,161.9
1073,4,auto,1456,290,1920,1000,1646,591,1751,686,0.643,258.4,True,TN03D9766,0.973,TN03D9766,accepted,152.5
1073,4,auto,1456,290,1920,1000,1834,630,1917,750,0.264,258.4,True,7020,0.511,,rejected,155.5
1074,4,auto,1457,290,1920,1000,1829,616,1920,750,0.301,250.2,True,,,,no_text,36.7
1074,4,auto,1457,290,1920,1000,1642,588,1766,679,0.688,250.2,True,TN03D9766,0.992,TN03D9766,accepted,199.9
1075,4,auto,1456,289,1920,1000,1635,590,1767,688,0.662,255.8,True,TN03D9766,0.980,TN03D9766,accepted,157.5
1076,4,auto,1455,289,1919,1000,1635,590,1766,688,0.581,252.0,True,TN03D9766,0.974,TN03D9766,accepted,157.9
1077,4,auto,1455,289,1919,1000,1632,590,1773,698,0.544,239.8,True,TN03D9766,0.977,TN03D9766,accepted,202.4
1078,4,auto,1455,289,1919,1001,1652,589,1758,684,0.542,253.1,True,,,,no_text,162.4
1078,4,auto,1455,289,1919,1001,1829,613,1920,750,0.255,253.1,True,,,,no_text,163.4
1079,4,auto,1454,288,1920,1002,1655,590,1754,675,0.457,250.5,True,TN03D9766,0.987,TN03D9766,accepted,207.8
1080,4,auto,1453,288,1919,1002,1654,589,1749,669,0.447,250.3,True,TN03D9766,0.977,TN03D9766,accepted,195.5
1081,4,auto,1453,289,1918,1001,1627,588,1776,705,0.487,242.7,True,TN03D9766,0.986,TN03D9766,accepted,201.1
1082,4,auto,1453,289,1918,1001,1631,590,1768,698,0.567,260.6,True,TN03D9766,0.976,TN03D9766,accepted,218.5
1083,4,auto,1452,289,1918,1001,1632,589,1772,702,0.546,235.6,True,TN03D9766,0.961,TN03D9766,accepted,201.9
1084,4,auto,1452,290,1918,1001,1635,590,1770,701,0.452,258.7,True,TN03D9766C,0.835,,rejected,244.7
1085,4,auto,1453,289,1918,1001,1651,588,1759,676,0.494,257.3,True,TN03D9766,0.979,TN03D9766,accepted,152.1
1086,4,auto,1452,289,1919,1001,1652,589,1753,670,0.361,262.6,True,TN03D9766,0.983,TN03D9766,accepted,156.5
1087,4,auto,1452,289,1918,1001,1651,589,1750,666,0.452,243.4,True,TN03D9766,0.983,TN03D9766,accepted,156.2
1088,4,auto,1451,289,1917,1000,1635,588,1770,701,0.500,268.0,True,TN03D9766,0.968,TN03D9766,accepted,199.9
1089,4,auto,1451,289,1918,1000,1650,589,1750,666,0.505,306.4,True,TN03D9766,0.981,TN03D9766,accepted,198.7
1090,4,auto,1450,289,1917,1000,1652,591,1749,663,0.487,253.4,True,TN03D9766,0.980,TN03D9766,accepted,199.8
1091,4,auto,1450,289,1917,1000,1648,588,1765,687,0.446,264.2,True,TN03D9766,0.972,TN03D9766,accepted,153.1
1092,4,auto,1450,289,1918,1000,1651,590,1754,666,0.544,237.7,True,TN03D9766,0.972,TN03D9766,accepted,200.2
1093,4,auto,1450,290,1918,1001,1648,589,1760,683,0.626,250.9,True,TN03D9766,0.982,TN03D9766,accepted,152.4
1094,4,auto,1449,290,1917,1001,1651,590,1755,667,0.611,253.9,True,TN03D9766,0.985,TN03D9766,accepted,202.1
1095,4,auto,1448,289,1918,1001,1651,590,1754,665,0.525,251.0,True,TN03D9766,0.983,TN03D9766,accepted,207.1
1096,4,auto,1448,290,1918,1002,1652,592,1753,665,0.435,268.7,True,TN03D9766,0.986,TN03D9766,accepted,204.2
1097,4,auto,1444,291,1915,1002,1651,592,1753,665,0.498,271.6,True,TN03D9766,0.973,TN03D9766,accepted,202.0
1098,4,auto,1444,291,1916,1002,1652,591,1755,664,0.406,262.9,True,TN03D9766,0.985,TN03D9766,accepted,199.5
1099,4,auto,1441,291,1914,1003,1653,591,1756,664,0.397,257.2,True,TN03D9766,0.980,TN03D9766,accepted,200.3
1100,4,auto,1440,291,1914,1003,1652,591,1758,666,0.316,248.3,True,TN03D9766,0.986,TN03D9766,accepted,204.8
1101,4,auto,1440,291,1915,1004,1653,591,1757,665,0.290,255.4,True,TN03D9766,0.973,TN03D9766,accepted,203.0
1102,4,auto,1443,291,1918,1003,1648,592,1759,684,0.542,238.7,True,TN03D9766,0.974,TN03D9766,accepted,200.8
1103,4,auto,1445,290,1920,1004,1647,592,1761,686,0.562,240.8,True,TN03D9766,0.974,TN03D9766,accepted,154.4
1104,4,auto,1447,291,1920,1004,1651,594,1757,680,0.423,252.3,True,TN03D9766,0.977,TN03D9766,accepted,156.3
1105,4,auto,1446,288,1920,1001,1653,593,1752,662,0.523,246.5,True,TN03D9766,0.968,TN03D9766,accepted,201.8
1106,4,auto,1446,288,1920,1003,1831,633,1918,758,0.273,240.7,True,2020,0.988,,rejected,125.7
1106,4,auto,1446,288,1920,1003,1655,591,1755,671,0.361,240.7,True,TN03D9766,0.968,TN03D9766,accepted,204.5
1107,4,auto,1448,289,1920,1004,1649,593,1758,680,0.503,253.5,True,TN03D9766,0.973,TN03D9766,accepted,157.0
1108,4,auto,1448,287,1920,1003,1651,592,1753,662,0.457,242.2,True,TN03D9766,0.974,TN03D9766,accepted,203.8
1109,4,auto,1450,290,1920,1002,1652,591,1758,665,0.491,261.7,True,TN03D9766,0.969,TN03D9766,accepted,155.9
1110,4,auto,1450,288,1920,1002,1652,593,1753,662,0.485,248.3,True,TN03D9766,0.984,TN03D9766,accepted,203.1
1111,4,auto,1451,289,1920,1003,1829,687,1920,755,0.429,249.5,True,,,,no_text,48.2
1111,4,auto,1451,289,1920,1003,1830,632,1919,760,0.272,249.5,True,CPG,0.828,,rejected,114.9
1111,4,auto,1451,289,1920,1003,1650,595,1752,675,0.321,249.5,True,TN03D9766,0.980,TN03D9766,accepted,196.3
1112,4,auto,1450,290,1920,1003,1828,685,1920,754,0.269,252.5,True,,,,no_text,51.7
1113,4,auto,1449,289,1920,1002,1644,592,1756,680,0.386,266.2,True,TN03D9766,0.971,TN03D9766,accepted,156.1
1115,4,auto,1449,288,1920,1002,1648,593,1752,664,0.266,243.5,True,TN03D9766,0.978,TN03D9766,accepted,203.2
1116,4,auto,1449,289,1919,1001,1632,591,1764,696,0.482,259.6,True,TN03D9766,0.973,TN03D9766,accepted,162.8
1117,4,auto,1448,288,1919,1001,1639,591,1763,677,0.609,258.0,True,TN03D9766,0.973,TN03D9766,accepted,159.5
1118,4,auto,1449,289,1919,1001,1634,591,1766,684,0.566,241.5,True,TNO3D9766,0.945,NL3D9766,accepted,160.2
1119,4,auto,1449,288,1920,1001,1636,591,1763,681,0.591,308.3,True,TN03D9766,0.976,TN03D9766,accepted,158.5
1120,4,auto,1450,289,1920,1002,1641,592,1760,678,0.556,253.4,True,TN03D9766,0.983,TN03D9766,accepted,160.8
1120,4,auto,1450,289,1920,1002,1826,616,1920,757,0.290,253.4,True,54,0.796,,rejected,191.1
1120,4,auto,1450,289,1920,1002,1831,688,1920,754,0.317,253.4,True,,,,no_text,51.1
1121,4,auto,1450,289,1920,1002,1646,593,1753,668,0.341,254.4,True,TN03D9766,0.985,TN03D9766,accepted,203.4
1123,4,auto,1451,292,1919,1002,1637,591,1760,680,0.573,283.0,True,TN03D9766,0.978,TN03D9766,accepted,164.9
1124,4,auto,1450,290,1919,1001,1638,590,1755,676,0.425,258.9,True,TN03D9766,0.982,TN03D9766,accepted,172.5
1125,4,auto,1449,291,1919,1003,1642,592,1752,672,0.597,246.5,True,TN03D9766,0.991,TN03D9766,accepted,246.8
1126,4,auto,1449,290,1919,1004,1642,594,1752,674,0.641,249.5,True,TN03D9766,0.988,TN03D9766,accepted,187.5
1126,4,auto,1449,290,1919,1004,1824,608,1920,754,0.269,249.5,True,,,,no_text,36.5
1127,4,auto,1449,292,1918,1002,1642,594,1746,669,0.596,280.6,True,TN03D9766,0.981,TN03D9766,accepted,225.0
1127,921,car,1101,350,1239,457,1136,413,1169,432,0.348,280.6,True,,,,no_text,49.3
1128,4,auto,1449,292,1918,1002,1641,595,1741,665,0.575,281.6,True,TN03D9766,0.985,TN03D9766,accepted,228.3
1128,921,car,1097,349,1235,457,1131,413,1164,432,0.318,281.6,True,,,,no_text,50.4
1129,4,auto,1448,292,1918,1002,1642,596,1738,663,0.608,247.1,True,TN03D9766,0.981,TN03D9766,accepted,290.8
1129,921,car,1092,350,1231,458,1127,414,1158,432,0.420,247.1,True,,,,no_text,51.1
1130,4,auto,1448,292,1918,1001,1643,594,1737,661,0.515,267.5,True,TN03D9766,0.987,TN03D9766,accepted,225.5
1130,921,car,1086,349,1228,458,1123,414,1154,432,0.457,267.5,True,,,,no_text,57.5
1131,4,auto,1448,293,1917,1001,1641,595,1738,662,0.529,263.9,True,TN03D9766,0.988,TN03D9766,accepted,179.2
1132,4,auto,1449,293,1917,1000,1640,594,1739,662,0.589,244.4,True,TN03D9766,0.977,TN03D9766,accepted,224.0
1132,921,car,1077,348,1223,460,1116,415,1145,432,0.476,244.4,True,,,,no_text,51.0
1133,4,auto,1448,293,1918,1000,1639,594,1741,665,0.580,254.8,True,TN03D9766,0.956,TN03D9766,accepted,203.9
1133,921,car,1072,347,1221,462,1113,417,1141,432,0.404,254.8,True,,,,no_text,51.3
1134,4,auto,1446,293,1916,999,1636,593,1739,664,0.656,253.2,True,TN03D9766,0.979,TN03D9766,accepted,161.9
1134,921,car,1066,347,1217,463,1107,417,1136,432,0.416,253.2,True,,,,no_text,54.8
1134,4,auto,1446,293,1916,999,1702,766,1830,840,0.403,253.2,True,,,,no_text,65.7
1135,4,auto,1442,290,1915,1001,1632,592,1740,667,0.640,272.2,True,TN03D9766,0.987,TN03D9766,accepted,261.5
1135,4,auto,1442,290,1915,1001,1702,767,1827,840,0.316,272.2,True,,,,no_text,59.2
1136,4,auto,1441,291,1914,1000,1635,594,1734,662,0.588,290.2,True,TN03D9766,0.978,TN03D9766,accepted,206.0
1136,921,car,1054,347,1211,466,1098,419,1126,433,0.352,290.2,True,,,,no_text,54.2
1137,4,auto,1439,291,1914,1001,1633,595,1732,661,0.707,255.7,True,TN03D9766,0.967,TN03D9766,accepted,202.7
1138,4,auto,1438,291,1914,1001,1633,595,1730,660,0.725,259.1,True,TN03D9766,0.987,TN03D9766,accepted,163.0
1139,4,auto,1437,292,1914,1000,1632,595,1731,660,0.739,239.8,True,TN03D9766,0.990,TN03D9766,accepted,159.3
1140,4,auto,1437,293,1914,1000,1624,594,1733,666,0.776,251.7,True,TN03D9766,0.977,TN03D9766,accepted,207.4
1141,4,auto,1437,293,1914,1000,1621,593,1734,669,0.755,246.5,True,TN03D9766,0.968,TN03D9766,accepted,202.9
1141,921,car,1008,347,1182,478,1046,429,1089,445,0.536,246.5,True,,,,no_text,232.7
1142,4,auto,1435,293,1914,1000,1618,593,1735,672,0.719,260.7,True,TN03D9766,0.983,TN03D9766,accepted,200.9
1142,921,car,999,346,1177,480,1036,429,1080,447,0.579,260.7,True,,,,no_text,66.0
1143,4,auto,1435,294,1914,1000,1612,591,1739,678,0.739,268.4,True,TN03D9766,0.984,TN03D9766,accepted,162.2
1143,921,car,991,347,1172,482,1029,430,1075,449,0.546,268.4,True,,,,no_text,67.2
1144,4,auto,1435,293,1915,1000,1615,592,1737,676,0.740,289.3,True,TN03D9766,0.986,TN03D9766,accepted,206.0
1144,921,car,984,347,1169,484,1023,431,1070,450,0.510,289.3,True,,,,no_text,170.1
1145,4,auto,1435,293,1916,1000,1619,593,1734,672,0.714,265.9,True,TN03D9766,0.987,TN03D9766,accepted,202.4
1145,921,car,978,347,1166,487,1017,431,1067,452,0.433,265.9,True,,,,no_text,62.1
1146,4,auto,1434,293,1916,1001,1614,593,1738,678,0.759,263.8,True,TN03D9766,0.949,TN03D9766,accepted,201.5
1146,921,car,973,347,1163,487,1011,431,1063,453,0.482,263.8,True,,,,no_text,171.9
1147,4,auto,1435,293,1917,1000,1619,593,1735,674,0.750,266.1,True,TN03D9766,0.987,TN03D9766,accepted,228.3
1147,921,car,967,347,1160,489,1006,435,1056,455,0.451,266.1,True,,,,no_text,181.8
1148,4,auto,1435,292,1918,1001,1622,594,1734,672,0.745,267.0,True,TN03D9766,0.978,TN03D9766,accepted,155.0
1148,921,car,959,348,1155,491,1002,438,1049,456,0.584,267.0,True,,,,no_text,63.6
1149,4,auto,1434,292,1918,1001,1622,594,1734,672,0.755,252.0,True,TN03D9766,0.984,TN03D9766,accepted,272.7
1149,921,car,952,348,1151,493,995,440,1041,458,0.454,252.0,True,,,,no_text,172.1
1150,4,auto,1433,292,1917,1001,1621,593,1733,671,0.716,267.3,True,TN03D9766,0.985,TN03D9766,accepted,176.7
1150,921,car,945,348,1147,494,987,440,1036,459,0.516,267.3,True,,,,no_text,171.6
1151,4,auto,1434,292,1918,1000,1621,593,1732,669,0.764,249.6,True,TN03D9766,0.975,TN03D9766,accepted,309.7
1151,921,car,936,347,1144,497,981,441,1031,460,0.489,249.6,True,,,,no_text,171.9
1152,4,auto,1434,292,1918,1000,1620,592,1734,671,0.753,290.7,True,TN03D9766,0.976,TN03D9766,accepted,203.6
1152,921,car,927,347,1141,501,971,443,1021,463,0.522,290.7,True,,,,no_text,69.0
1153,4,auto,1435,292,1919,1000,1622,593,1734,670,0.746,258.7,True,TN03D9766,0.974,TN03D9766,accepted,246.6
1153,921,car,918,347,1136,504,962,444,1014,464,0.496,258.7,True,,,,no_text,176.9
1154,4,auto,1435,293,1918,1000,1620,592,1735,672,0.744,268.2,True,TN03D9766,0.982,TN03D9766,accepted,159.0
1154,921,car,908,346,1131,506,954,446,1009,467,0.534,268.2,True,,,,no_text,174.4
1155,4,auto,1434,292,1918,1000,1618,592,1736,674,0.747,258.0,True,TN03D9766,0.951,TN03D9766,accepted,240.1
1155,921,car,898,346,1126,509,942,447,999,469,0.532,258.0,True,,,,no_text,172.8
1156,4,auto,1435,292,1919,1000,1622,593,1734,671,0.746,296.2,True,TN03D9766,0.990,TN03D9766,accepted,154.3
1156,921,car,889,347,1122,513,936,451,992,472,0.621,296.2,True,,,,no_text,165.6
1157,4,auto,1434,292,1918,1001,1615,591,1738,677,0.724,261.9,True,TN03D9766,0.984,TN03D9766,accepted,199.6
1158,4,auto,1432,290,1918,1000,1617,591,1738,677,0.595,277.8,True,TN03D9766,0.983,TN03D9766,accepted,220.4
1158,921,car,823,343,1086,529,869,461,934,485,0.688,277.8,True,STNO9CST812,0.720,TN09CST812,accepted,194.2
1159,4,auto,1432,291,1918,1001,1614,590,1738,679,0.684,245.7,True,TN03D9766,0.970,TN03D9766,accepted,157.3
1159,921,car,806,345,1077,535,858,466,922,489,0.706,245.7,True,THO9CS1R12,0.714,,rejected,173.8
1160,4,auto,1431,291,1918,1001,1617,591,1735,676,0.657,250.5,True,TN03D9766,0.983,TN03D9766,accepted,162.1
1160,921,car,790,345,1070,540,840,467,910,492,0.700,250.5,True,STM03CS1012,0.791,TN03CS1012,accepted,182.0
1161,4,auto,1431,291,1918,1002,1617,592,1735,677,0.677,269.8,True,TN03D9766,0.988,TN03D9766,accepted,155.6
1161,921,car,774,344,1064,545,826,471,899,497,0.718,269.8,True,ETN03CS1812,0.807,TN03CS1812,accepted,178.2
1162,4,auto,1431,291,1918,1002,1619,592,1733,675,0.707,268.9,True,TN03D9766,0.980,TN03D9766,accepted,174.3
1162,921,car,756,343,1056,550,812,475,885,501,0.706,268.9,True,STND9CS1812,0.776,,rejected,181.7
1162,940,car,1135,335,1304,492,1189,439,1234,456,0.414,268.9,True,,,,no_text,187.2
1163,4,auto,1432,294,1918,1002,1618,593,1734,677,0.682,278.1,True,TN03D9766,0.986,TN03D9766,accepted,175.1
1163,921,car,740,343,1049,556,799,481,869,505,0.723,278.1,True,TN03CS1812,0.794,TN03CS1812,accepted,183.0
1163,940,car,1130,335,1303,496,1186,442,1230,458,0.464,278.1,True,,,,no_text,85.2
1164,4,auto,1432,293,1918,1002,1621,593,1731,673,0.578,279.6,True,TN03D9766,0.990,TN03D9766,accepted,156.6
1164,921,car,723,341,1042,561,782,484,852,508,0.729,279.6,True,STM03CS1812,0.924,TN03CS1812,accepted,178.4
1164,940,car,1125,334,1302,498,1180,443,1226,460,0.529,279.6,True,,,,no_text,189.0
1165,4,auto,1432,292,1918,1001,1617,592,1735,677,0.676,271.1,True,TN03D9766,0.991,TN03D9766,accepted,157.9
1165,921,car,704,342,1033,567,767,489,837,513,0.706,271.1,True,TNO9CS1812,0.810,NL9CS1812,accepted,174.5
1165,940,car,1122,334,1301,501,1174,444,1220,461,0.401,271.1,True,,,,no_text,195.4
1166,4,auto,1432,292,1918,1001,1618,592,1735,677,0.727,259.7,True,TN03D9766,0.978,TN03D9766,accepted,156.6
1166,921,car,685,341,1025,573,748,493,821,517,0.698,259.7,True,TN09CS1812,0.871,TN09CS1812,accepted,187.4
1166,940,car,1117,333,1300,504,1169,445,1217,463,0.431,259.7,True,,,,no_text,186.5
1167,4,auto,1431,292,1918,1001,1617,591,1736,678,0.738,250.2,True,TN03D9766,0.988,TN03D9766,accepted,163.4
1167,921,car,665,340,1019,580,725,496,806,523,0.740,250.2,True,ETNO9CS1012,0.839,TN09CS1012,accepted,177.9
1167,940,car,1112,332,1299,506,1165,446,1214,464,0.465,250.2,True,,,,no_text,178.7
1168,4,auto,1431,292,1918,1001,1619,592,1734,676,0.710,263.2,True,TN03D9766,0.990,TN03D9766,accepted,163.5
1168,921,car,643,339,1009,587,704,501,786,529,0.694,263.2,True,STN09CS1812,0.770,TN09CS1812,accepted,183.5
1168,940,car,1107,331,1298,510,1162,447,1213,466,0.558,263.2,True,,,,no_text,185.8
1169,4,auto,1431,292,1918,1000,1618,592,1735,678,0.740,281.8,True,TN03D9766,0.984,TN03D9766,accepted,153.3
1169,921,car,605,338,993,599,667,508,751,537,0.695,281.8,True,TNO9CS1012,0.898,NL9CS1012,accepted,175.3
1169,940,car,1098,330,1296,515,1155,447,1210,467,0.372,281.8,True,,,,no_text,187.0
1170,4,auto,1432,292,1918,1000,1616,591,1737,680,0.727,248.0,True,TN03D9766,0.976,TN03D9766,accepted,211.1
1170,921,car,575,337,982,609,636,515,724,545,0.688,248.0,True,TN09CS1812,0.918,TN09CS1812,accepted,194.6
1170,940,car,1091,330,1293,519,1147,449,1204,470,0.600,248.0,True,,,,no_text,81.8
1171,4,auto,1431,293,1918,1001,1616,590,1736,678,0.706,267.7,True,TN03D9766,0.978,TN03D9766,accepted,164.5
1171,921,car,541,333,970,619,604,519,701,552,0.568,267.7,True,FTN09CS1812,0.900,TN09CS1812,accepted,189.8
1171,940,car,1084,329,1290,522,1143,452,1200,472,0.586,267.7,True,,,,no_text,194.4
1172,4,auto,1432,293,1918,1001,1619,592,1734,677,0.700,284.5,True,TN03D9766,0.975,TN03D9766,accepted,152.5
1172,921,car,515,334,957,628,575,526,676,561,0.628,284.5,True,FTN09CS1812,0.877,TN09CS1812,accepted,174.2
1172,940,car,1077,328,1290,528,1138,458,1195,478,0.421,284.5,True,,,,no_text,186.3
1173,4,auto,1432,293,1918,1000,1618,592,1735,678,0.721,249.5,True,TN03D9766,0.973,TN03D9766,accepted,157.7
1173,921,car,484,333,944,637,545,533,646,567,0.703,249.5,True,TN09CS1812,0.923,TN09CS1812,accepted,179.5
1173,940,car,1069,327,1287,531,1132,459,1192,481,0.628,249.5,True,,,,no_text,191.3
1174,4,auto,1432,293,1918,1000,1620,593,1733,676,0.703,285.3,True,TN03D9766,0.971,TN03D9766,accepted,162.3
1174,921,car,448,333,929,648,511,541,614,576,0.646,285.3,True,TH09CS1812,0.906,TN09CS1812,accepted,170.1
1174,940,car,1061,326,1285,535,1124,461,1188,484,0.676,285.3,True,ATN05034390,0.579,,rejected,181.9
1175,4,auto,1432,293,1918,1000,1621,593,1731,674,0.687,252.2,True,TN03D9766,0.989,TN03D9766,accepted,205.5
1175,940,car,1049,326,1281,543,1115,466,1179,489,0.602,252.2,True,TNO508439E,0.550,,rejected,175.8
1176,4,auto,1433,294,1918,1000,1621,594,1730,673,0.696,256.1,True,TN03D9766,0.988,TN03D9766,accepted,155.5
1176,940,car,1040,327,1279,550,1105,470,1172,493,0.651,256.1,True,IN05034397,0.758,,rejected,173.7
1177,4,auto,1432,293,1919,1000,1623,593,1731,672,0.736,260.7,True,TN03D9766,0.987,TN03D9766,accepted,177.6
1177,940,car,1030,325,1277,555,1097,471,1167,495,0.690,260.7,True,TN05094398,0.771,,rejected,207.8
1178,4,auto,1432,291,1919,999,1625,593,1730,669,0.725,271.8,True,TN03D9766,0.974,TN03D9766,accepted,158.3
1178,940,car,1009,323,1271,567,1080,479,1152,504,0.689,271.8,True,TNO5094398,0.837,,rejected,180.7
1179,4,auto,1433,292,1919,1000,1625,594,1731,670,0.729,277.8,True,TN03D9766,0.979,TN03D9766,accepted,245.5
1179,940,car,993,322,1267,577,1064,484,1142,511,0.651,277.8,True,IN05084398,0.821,TN0SOB4398,accepted,180.5
1180,4,auto,1433,294,1919,1000,1623,594,1732,672,0.731,268.3,True,TN03D9766,0.965,TN03D9766,accepted,159.6
1180,940,car,979,321,1264,586,1054,490,1131,516,0.657,268.3,True,TNO5084398,0.864,TN0SOB4398,accepted,171.5
1181,4,auto,1434,293,1919,1000,1625,594,1730,670,0.761,260.5,True,TN03D9766,0.975,TN03D9766,accepted,158.6
1181,940,car,967,320,1260,593,1043,495,1123,522,0.734,260.5,True,TN05084398,0.892,TN0SOB4398,accepted,185.9
1182,4,auto,1434,293,1919,999,1626,595,1731,669,0.727,273.4,True,TN03D9766,0.988,TN03D9766,accepted,163.0
1182,940,car,954,321,1256,601,1028,498,1117,528,0.703,273.4,True,FTNO50B4398,0.866,TN0SOB4398,accepted,183.6
1183,4,auto,1435,291,1920,998,1625,594,1732,670,0.729,276.9,True,TN03D9766,0.983,TN03D9766,accepted,173.3
1183,940,car,939,320,1252,610,1014,502,1107,533,0.683,276.9,True,TNO50B4398,0.872,NL50B4398,accepted,188.6
1184,4,auto,1433,291,1920,1000,1625,594,1730,668,0.759,248.9,True,TN03D9766,0.986,TN03D9766,accepted,220.6
1184,940,car,923,319,1248,620,1002,507,1096,539,0.703,248.9,True,TNO50B4398,0.849,NL50B4398,accepted,190.4
1185,4,auto,1434,292,1920,1000,1623,594,1730,669,0.713,272.5,True,TN03D9766,0.988,TN03D9766,accepted,162.5
1185,940,car,896,319,1241,637,979,520,1074,551,0.733,272.5,True,TN05084398,0.919,TN0SOB4398,accepted,188.2
1186,4,auto,1435,293,1919,999,1625,595,1729,668,0.712,262.9,True,TN03D9766,0.987,TN03D9766,accepted,219.7
1186,940,car,874,319,1235,650,959,530,1059,563,0.773,262.9,True,TN05084398,0.881,TN0SOB4398,accepted,187.2
1187,4,auto,1436,292,1920,999,1625,594,1732,670,0.699,271.2,True,TN03D9766,0.981,TN03D9766,accepted,309.9
1187,940,car,852,318,1230,663,940,540,1041,573,0.760,271.2,True,TN05084398,0.886,TN0SOB4398,accepted,187.3
1188,4,auto,1436,291,1920,998,1627,594,1730,666,0.776,264.6,True,TN03D9766,0.977,TN03D9766,accepted,203.7
1188,940,car,828,314,1223,675,921,549,1024,582,0.783,264.6,True,TN050B4398,0.919,TN0SOB4398,accepted,181.2
1189,4,auto,1436,291,1920,998,1625,593,1731,667,0.775,268.2,True,TN03D9766,0.988,TN03D9766,accepted,332.5
1189,940,car,802,311,1218,689,895,559,1007,595,0.742,268.2,True,TNO5DB4398,0.863,NL5DB4398,accepted,187.1
1190,4,auto,1436,292,1920,998,1624,594,1733,670,0.686,257.4,True,TN03D9766,0.961,TN03D9766,accepted,185.1
1190,940,car,774,311,1211,707,873,571,986,607,0.768,257.4,True,TN050B4398,0.872,TN0SOB4398,accepted,185.6
1191,4,auto,1436,291,1920,999,1625,593,1731,666,0.756,278.7,True,TN03D9766,0.977,TN03D9766,accepted,175.1
1191,940,car,741,309,1202,724,843,582,964,619,0.745,278.7,True,TN050B4398,0.898,TN0SOB4398,accepted,203.4
1192,4,auto,1437,291,1920,998,1622,592,1734,670,0.793,266.1,True,TN03D9766,0.991,TN03D9766,accepted,281.8
1193,4,auto,1438,290,1920,998,1626,593,1730,665,0.782,246.1,True,TN03D9766,0.981,TN03D9766,accepted,282.6
1193,4,auto,1438,290,1920,998,1699,768,1825,841,0.394,246.1,True,,,,no_text,56.3
1194,4,auto,1438,290,1920,998,1623,591,1733,667,0.777,272.0,True,TN03D9766,0.979,TN03D9766,accepted,269.2
1194,4,auto,1438,290,1920,998,1700,770,1822,840,0.425,272.0,True,,,,no_text,49.7
1195,4,auto,1438,290,1920,997,1619,590,1736,672,0.724,273.9,True,TN03D9766,0.987,TN03D9766,accepted,159.8
1196,4,auto,1437,290,1919,997,1620,592,1736,673,0.702,252.7,True,TN03D9766,0.982,TN03D9766,accepted,161.6
1197,4,auto,1436,289,1919,997,1622,593,1735,673,0.720,243.3,True,TN03D9766,0.986,TN03D9766,accepted,157.5
1198,4,auto,1437,288,1920,998,1620,592,1735,674,0.745,266.7,True,TN03D9766,0.989,TN03D9766,accepted,159.8
1199,4,auto,1437,289,1920,999,1619,591,1735,674,0.743,270.3,True,TN03D9766,0.979,TN03D9766,accepted,155.8
1199,4,auto,1437,289,1920,999,1709,775,1822,840,0.270,270.3,True,,,,no_text,52.0
1200,4,auto,1437,288,1920,998,1624,593,1731,668,0.725,264.3,True,TN03D9766,0.982,TN03D9766,accepted,157.5
1201,4,auto,1437,288,1919,999,1624,593,1732,670,0.715,253.5,True,TN03D9766,0.986,TN03D9766,accepted,188.2
1202,4,auto,1436,289,1918,999,1623,594,1732,670,0.689,266.7,True,TN03D9766,0.980,TN03D9766,accepted,224.6
1203,4,auto,1436,290,1918,999,1622,594,1732,671,0.741,259.5,True,TN03D9766,0.988,TN03D9766,accepted,197.8
1204,4,auto,1435,288,1918,999,1619,593,1734,674,0.673,376.9,True,TN03D9766,0.959,TN03D9766,accepted,163.5
1205,4,auto,1435,288,1918,999,1618,593,1735,675,0.700,262.8,True,TN03D9766,0.981,TN03D9766,accepted,261.1
1206,4,auto,1435,289,1917,998,1618,592,1735,675,0.734,262.0,True,TN03D9766,0.988,TN03D9766,accepted,188.0
1207,4,auto,1435,288,1917,997,1612,590,1739,681,0.685,250.3,True,TN03D9766,0.973,TN03D9766,accepted,198.2
1208,4,auto,1434,289,1917,998,1616,592,1736,677,0.646,242.4,True,TN03D9766,0.989,TN03D9766,accepted,172.2
1209,4,auto,1435,287,1919,998,1619,592,1734,674,0.671,243.6,True,TN03D9766,0.969,TN03D9766,accepted,367.9
1210,4,auto,1434,288,1917,998,1619,592,1734,675,0.628,254.6,True,TN03D9766,0.981,TN03D9766,accepted,160.7
1211,4,auto,1434,288,1918,998,1619,591,1734,674,0.633,304.4,True,TN03D9766,0.981,TN03D9766,accepted,201.1
1212,4,auto,1433,289,1917,999,1619,592,1735,674,0.585,271.7,True,TN03D9766,0.981,TN03D9766,accepted,158.4
1213,4,auto,1433,289,1917,999,1619,593,1733,674,0.674,274.0,True,TN03D9766,0.985,TN03D9766,accepted,271.6
1214,4,auto,1434,290,1917,999,1620,593,1732,673,0.698,264.8,True,TN03D9766,0.987,TN03D9766,accepted,176.3
1215,4,auto,1435,291,1918,999,1620,592,1733,673,0.624,269.0,True,TN03D9766,0.986,TN03D9766,accepted,208.3
1216,4,auto,1435,292,1918,1000,1618,592,1734,676,0.675,268.7,True,TN03D9766,0.974,TN03D9766,accepted,175.8
1217,4,auto,1434,292,1917,1000,1618,593,1734,676,0.699,254.3,True,TN03D9766,0.963,TN03D9766,accepted,255.4
1218,4,auto,1434,293,1918,1002,1618,593,1734,676,0.711,256.4,True,TN03D9766,0.990,TN03D9766,accepted,172.5
1219,4,auto,1432,293,1917,1002,1615,593,1734,679,0.727,247.0,True,TN03D9766,0.984,TN03D9766,accepted,158.7
1220,4,auto,1432,292,1917,1001,1620,595,1731,675,0.576,239.1,True,TN03D9766,0.982,TN03D9766,accepted,202.6
1221,4,auto,1432,293,1917,1002,1619,594,1734,677,0.584,250.7,True,TN03D9766,0.989,TN03D9766,accepted,158.9
1222,4,auto,1432,292,1918,1001,1622,595,1732,675,0.582,244.0,True,TN03D9766,0.993,TN03D9766,accepted,159.3
1223,4,auto,1431,291,1918,1001,1623,596,1730,673,0.489,237.6,True,TN03D9766,0.991,TN03D9766,accepted,156.6
1224,4,auto,1431,290,1917,1001,1620,595,1734,677,0.625,263.1,True,TN03D9766,0.985,TN03D9766,accepted,160.7
1225,4,auto,1430,289,1918,1001,1622,595,1730,673,0.696,246.6,True,TN03D9766,0.985,TN03D9766,accepted,174.3
1226,4,auto,1430,290,1918,1001,1623,596,1729,671,0.694,248.1,True,TN03D9766,0.969,TN03D9766,accepted,199.6
1227,4,auto,1431,290,1918,1001,1620,595,1731,674,0.679,302.9,True,TN03D9766,0.980,TN03D9766,accepted,154.9
1228,4,auto,1431,291,1918,1001,1622,595,1730,673,0.665,278.1,True,TN03D9766,0.985,TN03D9766,accepted,155.1
1229,4,auto,1431,290,1918,1000,1621,595,1730,672,0.691,255.5,True,TN03D9766,0.983,TN03D9766,accepted,158.2
1230,4,auto,1428,289,1916,1000,1621,594,1730,672,0.673,243.2,True,TN03D9766,0.990,TN03D9766,accepted,157.9
1231,4,auto,1425,290,1914,1001,1622,595,1730,671,0.562,272.7,True,TN03D9766,0.990,TN03D9766,accepted,251.2
1232,4,auto,1426,289,1917,1002,1619,593,1731,672,0.723,261.4,True,TN03D9766,0.977,TN03D9766,accepted,155.1
1233,4,auto,1426,289,1917,1003,1620,594,1729,671,0.715,269.0,True,TN03D9766,0.975,TN03D9766,accepted,199.9
1234,4,auto,1427,290,1916,1003,1622,595,1730,670,0.669,256.2,True,TN03D9766,0.988,TN03D9766,accepted,205.3
1235,4,auto,1428,290,1917,1004,1623,595,1728,669,0.645,398.9,True,TN03D9766,0.980,TN03D9766,accepted,203.6
1235,970,car,1186,350,1348,480,1225,429,1268,444,0.361,398.9,True,,,,no_text,183.1
1236,4,auto,1427,290,1916,1004,1620,594,1729,670,0.782,271.6,True,TN03D9766,0.977,TN03D9766,accepted,155.4
1237,4,auto,1427,291,1915,1004,1620,595,1728,670,0.746,270.8,True,TN03D9766,0.986,TN03D9766,accepted,199.9
1237,970,car,1177,349,1344,482,1218,429,1262,445,0.414,270.8,True,,,,no_text,72.4
1238,4,auto,1427,291,1916,1005,1622,596,1727,669,0.700,293.0,True,TN03D9766,0.974,TN03D9766,accepted,203.7
1238,970,car,1173,349,1343,483,1212,430,1258,446,0.443,293.0,True,,,,no_text,72.9
1239,4,auto,1427,291,1915,1003,1618,595,1730,672,0.774,270.9,True,TN03D9766,0.972,TN03D9766,accepted,156.3
1240,4,auto,1426,291,1914,1003,1616,595,1729,673,0.753,262.5,True,TN03D9766,0.977,TN03D9766,accepted,156.5
1241,4,auto,1426,293,1914,1003,1615,595,1728,673,0.735,271.2,True,TN03D9766,0.973,TN03D9766,accepted,158.1
1241,953,car,1090,337,1223,455,1199,430,1247,448,0.320,271.2,True,,,,no_text,65.8
1242,4,auto,1427,292,1916,1003,1617,595,1726,670,0.749,270.1,True,TN03D9766,0.987,TN03D9766,accepted,205.3
1242,953,car,1088,337,1221,456,1194,431,1246,450,0.269,270.1,True,,,,no_text,180.1
1243,4,auto,1427,293,1915,1003,1614,594,1729,673,0.755,281.3,True,TN03D9766,0.988,TN03D9766,accepted,155.7
1243,970,car,1150,346,1327,485,1191,431,1243,450,0.435,281.3,True,,,,no_text,176.2
1244,4,auto,1428,294,1915,1002,1617,595,1725,668,0.763,263.7,True,TN03D9766,0.980,TN03D9766,accepted,229.1
1244,970,car,1140,345,1322,488,1188,431,1239,450,0.409,263.7,True,,,,no_text,183.6
1245,4,auto,1427,293,1915,1002,1614,594,1727,671,0.752,275.8,True,TN03D9766,0.968,TN03D9766,accepted,247.0
1245,970,car,1132,344,1316,488,1184,431,1237,451,0.267,275.8,True,,,,no_text,65.7
1246,4,auto,1428,294,1916,1002,1615,595,1724,668,0.752,282.1,True,TN03D9766,0.982,TN03D9766,accepted,202.2
1247,4,auto,1428,293,1917,1002,1612,593,1726,671,0.762,276.4,True,TN03D9766,0.967,TN03D9766,accepted,202.9
1248,4,auto,1429,293,1918,1002,1613,594,1723,669,0.750,255.3,True,TN03D9766,0.979,TN03D9766,accepted,203.7
1249,4,auto,1428,294,1917,1003,1614,596,1721,668,0.772,254.9,True,TN03D9766,0.988,TN03D9766,accepted,218.2
1250,4,auto,1429,293,1918,1002,1613,594,1722,669,0.771,265.6,True,TN03D9766,0.970,TN03D9766,accepted,201.4
1251,4,auto,1430,293,1919,1003,1616,596,1719,666,0.753,272.0,True,TN03D9766,0.965,TN03D9766,accepted,200.4
1252,4,auto,1430,293,1919,1002,1616,596,1718,664,0.730,263.5,True,TN03D9766,0.979,TN03D9766,accepted,205.9
1253,4,auto,1429,293,1919,1003,1617,597,1716,663,0.736,261.4,True,TN03D9766,0.937,TN03D9766,accepted,202.3
1254,4,auto,1429,293,1919,1003,1619,598,1715,662,0.766,244.7,True,TN03D9766,0.979,TN03D9766,accepted,205.1
1255,4,auto,1429,293,1918,1002,1618,597,1717,662,0.739,249.1,True,TN03D9766,0.984,TN03D9766,accepted,161.0
1256,4,auto,1430,293,1919,1002,1618,597,1719,663,0.747,321.8,True,TN03D9766,0.984,TN03D9766,accepted,158.9
1257,4,auto,1429,293,1919,1003,1617,597,1720,664,0.757,249.4,True,DTN03D9766,0.834,TN03D9766,accepted,226.7
1258,4,auto,1430,293,1919,1002,1615,596,1724,667,0.752,263.9,True,TN03D9766,0.987,TN03D9766,accepted,180.4
1259,4,auto,1430,294,1919,1002,1615,596,1724,668,0.740,261.5,True,TN03D9766,0.985,TN03D9766,accepted,174.7
1260,4,auto,1429,292,1919,1002,1616,596,1721,666,0.747,259.0,True,TN03D9766,0.951,TN03D9766,accepted,209.2
1261,4,auto,1429,292,1919,1002,1615,596,1725,668,0.727,299.0,True,TN03D9766,0.986,TN03D9766,accepted,159.0
1262,4,auto,1429,294,1918,1003,1614,595,1728,670,0.742,241.4,True,TN03D9766,0.980,TN03D9766,accepted,206.7
1263,4,auto,1429,294,1918,1003,1613,595,1729,671,0.722,266.8,True,TN03D9766,0.987,TN03D9766,accepted,162.8
1264,4,auto,1428,293,1919,1004,1615,595,1727,669,0.729,246.0,True,TN03D9766,0.986,TN03D9766,accepted,201.5
1265,4,auto,1428,294,1919,1004,1615,595,1726,668,0.746,264.3,True,TN03D9766,0.982,TN03D9766,accepted,206.4
1266,4,auto,1428,294,1919,1003,1616,595,1726,668,0.763,260.1,True,TN03D9766,0.983,TN03D9766,accepted,227.8
1266,4,auto,1428,294,1919,1003,1714,785,1815,844,0.329,260.1,True,,,,no_text,57.4
1267,4,auto,1428,293,1919,1003,1613,595,1730,672,0.745,354.4,True,TN03D9766,0.984,TN03D9766,accepted,161.6
1268,4,auto,1428,293,1919,1003,1615,595,1727,669,0.738,262.2,True,TN03D9766,0.988,TN03D9766,accepted,163.7
1269,4,auto,1427,292,1919,1003,1616,595,1723,666,0.748,246.2,True,TN03D9766,0.986,TN03D9766,accepted,351.2
1270,4,auto,1428,294,1918,1003,1615,595,1724,667,0.726,257.9,True,TN03D9766,0.971,TN03D9766,accepted,242.9
1271,4,auto,1428,294,1919,1003,1612,594,1731,674,0.745,257.4,True,TN03D9766,0.985,TN03D9766,accepted,244.1
1272,4,auto,1428,294,1919,1002,1612,594,1730,673,0.754,254.4,True,TN03D9766,0.986,TN03D9766,accepted,269.6
1273,4,auto,1428,294,1919,1002,1614,595,1727,670,0.743,256.6,True,TN03D9766,0.988,TN03D9766,accepted,220.5
1274,4,auto,1428,293,1919,1002,1615,595,1726,669,0.750,261.6,True,TN03D9766,0.989,TN03D9766,accepted,158.9
1274,4,auto,1428,293,1919,1002,1715,787,1814,844,0.296,261.6,True,,,,no_text,52.0
1275,4,auto,1429,294,1919,1002,1613,593,1728,670,0.726,275.3,True,TN03D9766,0.977,TN03D9766,accepted,223.0
1276,4,auto,1428,292,1920,1002,1610,592,1734,675,0.702,267.2,True,TN03D9766,0.988,TN03D9766,accepted,167.7
1277,4,auto,1428,293,1919,1002,1609,592,1735,678,0.745,248.1,True,TN03D9766,0.981,TN03D9766,accepted,164.2
1278,4,auto,1428,293,1919,1001,1611,592,1730,674,0.714,253.3,True,TN03D9766,0.984,TN03D9766,accepted,155.6
1279,4,auto,1428,292,1919,1000,1611,592,1729,673,0.724,305.9,True,TN03D9766,0.977,TN03D9766,accepted,159.8
1280,4,auto,1429,292,1919,1000,1612,592,1728,672,0.707,342.5,True,TN03D9766,0.989,TN03D9766,accepted,158.2
1281,4,auto,1429,292,1919,999,1612,592,1727,671,0.711,257.9,True,TN03D9766,0.986,TN03D9766,accepted,158.5
1282,4,auto,1428,290,1919,999,1615,590,1722,664,0.680,239.3,True,TN03D9766,0.983,TN03D9766,accepted,204.9
1283,4,auto,1428,290,1919,999,1617,591,1720,662,0.702,278.5,True,TN03D9766,0.988,TN03D9766,accepted,227.4
1284,4,auto,1427,291,1918,999,1617,591,1715,659,0.694,265.9,True,TN03D9766,0.988,TN03D9766,accepted,163.8
1285,4,auto,1427,289,1919,997,1617,590,1716,657,0.641,243.0,True,TN03D9766,0.985,TN03D9766,accepted,158.2
1286,4,auto,1427,288,1918,996,1616,589,1714,655,0.705,246.1,True,TN03D9766,0.982,TN03D9766,accepted,208.5
1287,4,auto,1427,287,1920,997,1614,589,1714,656,0.704,312.8,True,TN03D9766,0.986,TN03D9766,accepted,202.6
1288,4,auto,1428,288,1919,996,1614,590,1713,656,0.702,261.7,True,TN03D9766,0.991,TN03D9766,accepted,206.0
1289,4,auto,1427,288,1918,996,1612,590,1712,656,0.669,250.0,True,TN03D9766,0.989,TN03D9766,accepted,202.3
1290,4,auto,1427,288,1919,996,1612,589,1712,656,0.678,272.6,True,DTN03D9766,0.874,TN03D9766,accepted,205.1
1291,4,auto,1426,288,1918,995,1609,588,1717,661,0.609,257.8,True,TN03D9766,0.991,TN03D9766,accepted,208.6
1292,4,auto,1426,288,1918,996,1609,590,1714,660,0.675,258.4,True,TN03D9766,0.987,TN03D9766,accepted,216.3
1293,4,auto,1426,289,1918,996,1608,590,1712,659,0.635,250.8,True,TN03D9766,0.976,TN03D9766,accepted,208.5
1294,4,auto,1424,289,1917,997,1606,590,1713,661,0.632,247.3,True,TN03D9766,0.984,TN03D9766,accepted,165.3
1295,4,auto,1423,288,1917,997,1606,589,1713,661,0.587,246.0,True,RTN03D9766,0.829,TN03D9766,accepted,205.9
1296,4,auto,1423,287,1918,996,1605,588,1713,660,0.607,247.1,True,RTN03D9766,0.830,TN03D9766,accepted,204.8
1297,4,auto,1423,289,1917,996,1605,591,1711,662,0.619,247.6,True,TN03D9766,0.982,TN03D9766,accepted,159.2
1298,4,auto,1423,291,1917,997,1606,592,1711,662,0.629,251.2,True,TN03D9766,0.979,TN03D9766,accepted,279.6
1298,4,auto,1423,291,1917,997,1678,777,1799,838,0.324,251.2,True,,,,no_text,60.0
1299,4,auto,1423,291,1918,997,1604,592,1714,666,0.603,276.1,True,TN03D9766,0.986,TN03D9766,accepted,205.9
1299,4,auto,1423,291,1918,997,1680,777,1799,837,0.252,276.1,True,,,,no_text,58.3
1300,4,auto,1423,291,1918,998,1606,592,1711,662,0.547,260.5,True,TN03D9766,0.930,TN03D9766,accepted,203.7
1300,4,auto,1423,291,1918,998,1677,776,1801,838,0.353,260.5,True,,,,no_text,55.9
1301,4,auto,1423,292,1918,998,1604,592,1711,664,0.665,264.8,True,TN03D9766,0.974,TN03D9766,accepted,164.0
1301,4,auto,1423,292,1918,998,1676,774,1800,837,0.268,264.8,True,,,,no_text,55.9
1301,1135,car,419,312,1007,859,429,677,601,732,0.741,264.8,True,TN976500,0.942,TN976500,accepted,193.1
1302,4,auto,1422,292,1918,998,1602,592,1713,668,0.676,262.3,True,TN03D9766,0.982,TN03D9766,accepted,160.1
1302,4,auto,1422,292,1918,998,1675,773,1799,837,0.259,262.3,True,,,,no_text,54.0
1302,1135,car,362,311,989,877,388,685,573,745,0.744,262.3,True,TN976500,0.948,TN976500,accepted,196.8
1303,4,auto,1422,292,1918,998,1604,593,1710,664,0.661,264.6,True,TN03D9766,0.986,TN03D9766,accepted,287.3
1303,4,auto,1422,292,1918,998,1676,774,1798,837,0.261,264.6,True,,,,no_text,64.0
1303,1135,car,305,310,978,901,349,701,533,760,0.729,264.6,True,TN976500,0.990,TN976500,accepted,258.8
1304,4,auto,1421,292,1918,998,1604,592,1710,664,0.646,297.8,True,TN03D9766,0.970,TN03D9766,accepted,174.7
1304,1135,car,258,310,971,921,298,716,498,780,0.670,297.8,True,TN976500,0.964,TN976500,accepted,181.5
1305,4,auto,1421,292,1918,998,1606,592,1709,662,0.627,273.3,True,TN03D9766,0.985,TN03D9766,accepted,168.0
1305,1135,car,211,308,967,942,249,731,458,799,0.705,273.3,True,TN976500,0.986,TN976500,accepted,185.0
1306,4,auto,1421,292,1918,998,1607,593,1708,661,0.569,256.7,True,TN03D9766,0.968,TN03D9766,accepted,160.0
1307,4,auto,1421,291,1918,998,1607,593,1708,660,0.617,270.9,True,TN03D9766,0.982,TN03D9766,accepted,157.6
1307,4,auto,1421,291,1918,998,1677,775,1798,837,0.265,270.9,True,,,,no_text,54.9
1308,4,auto,1421,289,1919,997,1606,592,1711,663,0.544,270.2,True,TN03D9766,0.982,TN03D9766,accepted,249.6
1309,4,auto,1421,290,1919,997,1605,592,1713,665,0.467,276.6,True,TN03D9766,0.988,TN03D9766,accepted,194.2
1310,4,auto,1421,290,1918,997,1606,592,1711,662,0.574,274.5,True,TN03D9766,0.979,TN03D9766,accepted,167.4
1311,4,auto,1421,290,1919,997,1607,593,1709,662,0.592,252.2,True,TN03D9766,0.983,TN03D9766,accepted,159.9
1312,4,auto,1420,290,1919,997,1607,593,1710,661,0.546,260.6,True,TN03D9766,0.987,TN03D9766,accepted,203.5
1313,4,auto,1420,288,1920,997,1604,589,1716,664,0.594,268.9,True,TN03D9766,0.986,TN03D9766,accepted,207.4
1314,4,auto,1421,290,1920,998,1595,588,1725,678,0.659,282.7,True,TN03D9766,0.977,TN03D9766,accepted,157.6
1315,4,auto,1422,290,1920,999,1600,590,1719,673,0.673,276.9,True,TN03D9766,0.980,TN03D9766,accepted,160.3
1316,4,auto,1421,291,1920,1000,1600,591,1720,675,0.620,263.6,True,TN03D9766,0.970,TN03D9766,accepted,158.1
1317,4,auto,1420,290,1920,1000,1605,591,1714,667,0.649,255.7,True,TN03D9766,0.988,TN03D9766,accepted,158.1
1318,4,auto,1421,291,1920,1000,1606,591,1715,668,0.662,282.4,True,TN03D9766,0.972,TN03D9766,accepted,200.6
1319,4,auto,1422,291,1920,1000,1605,590,1716,668,0.646,267.0,True,TN03D9766,0.971,TN03D9766,accepted,155.4
1320,4,auto,1422,292,1920,999,1604,589,1722,672,0.576,268.3,True,TN03D9766,0.974,TN03D9766,accepted,156.6
1321,4,auto,1421,291,1919,999,1597,588,1725,680,0.576,248.1,True,TN03D9766,0.984,TN03D9766,accepted,265.5
1321,4,auto,1421,291,1919,999,1674,771,1806,840,0.253,248.1,True,,,,no_text,57.9
1322,4,auto,1422,291,1919,999,1603,588,1722,674,0.449,283.0,True,TN03D9766,0.981,TN03D9766,accepted,177.1
1323,4,auto,1421,291,1919,999,1604,590,1716,670,0.636,271.3,True,TN03D9766,0.974,TN03D9766,accepted,157.0
1324,4,auto,1419,290,1918,997,1603,590,1710,667,0.608,246.7,True,TN03D9766,0.970,TN03D9766,accepted,205.8
1324,4,auto,1419,290,1918,997,1674,772,1801,839,0.375,246.7,True,,,,no_text,58.4
1325,4,auto,1420,291,1919,998,1607,592,1710,665,0.450,263.6,True,TN03D9766,0.987,TN03D9766,accepted,205.8
1326,4,auto,1422,292,1919,999,1606,588,1717,667,0.596,250.4,True,TN03D9766,0.978,TN03D9766,accepted,157.6
1327,4,auto,1420,290,1920,999,1606,587,1715,664,0.545,258.3,True,TN03D9766,0.974,TN03D9766,accepted,167.1
1328,4,auto,1418,288,1919,998,1608,587,1710,659,0.635,252.3,True,TN03D9766,0.982,TN03D9766,accepted,160.5
