frame_id,track_id,vehicle_type,vehicle_bbox_x1,vehicle_bbox_y1,vehicle_bbox_x2,vehicle_bbox_y2,plate_bbox_x1,plate_bbox_y1,plate_bbox_x2,plate_bbox_y2,plate_confidence,detect_inference_ms,ocr_ran,ocr_raw_text,ocr_confidence,ocr_validated_plate,ocr_status,ocr_inference_ms
1,1,auto,1274,354,1803,1053,1463,656,1564,726,0.411,450.5,True,TN03D9766,0.983,TN03D9766,accepted,409.7
1,2,motorcycle,526,493,755,773,568,588,636,616,0.396,450.5,True,,,,no_text,204.7
2,1,auto,1279,354,1805,1053,1463,653,1567,748,0.506,287.0,True,TN03D9766,0.977,TN03D9766,accepted,270.7
2,2,motorcycle,470,500,711,808,500,599,570,633,0.266,287.0,True,,,,no_text,181.0
2,2,motorcycle,470,500,711,808,504,587,565,615,0.266,287.0,True,,,,no_text,89.7
3,2,motorcycle,420,508,687,832,462,616,533,647,0.520,243.1,True,,,,no_text,263.4
3,1,auto,1275,356,1803,1054,1463,659,1565,727,0.394,243.1,True,TN03D9766,0.985,TN03D9766,accepted,335.5
4,3,car,1130,405,1227,512,1139,466,1179,486,0.408,236.4,True,,,,no_text,54.0
4,2,motorcycle,366,509,661,853,413,617,498,655,0.382,236.4,True,,,,no_text,190.5
4,2,motorcycle,366,509,661,853,418,585,482,623,0.321,236.4,True,,,,no_text,61.1
5,2,motorcycle,252,513,593,912,311,653,397,691,0.547,242.3,True,17055280,0.640,,rejected,169.3
5,3,car,1124,410,1227,514,1137,470,1178,490,0.421,242.3,True,,,,no_text,70.1
6,2,motorcycle,96,538,523,997,171,690,266,734,0.462,236.6,True,1280,0.680,,rejected,162.9
6,1,auto,1285,356,1805,1056,1466,660,1566,728,0.305,236.6,True,TN03D9766,0.988,TN03D9766,accepted,202.0
7,2,motorcycle,0,556,419,1075,0,735,83,793,0.348,231.0,True,,,,no_text,47.5
7,3,motorcycle,1049,454,1111,533,1046,455,1109,502,0.270,231.0,True,,,,no_text,61.9
8,3,car,1099,416,1216,527,1117,486,1157,505,0.361,246.5,True,,,,no_text,59.9
9,3,car,1097,416,1210,527,1119,484,1155,504,0.385,266.1,True,,,,no_text,76.0
9,1,auto,1275,366,1804,1069,1457,669,1564,734,0.272,266.1,True,TN03D9766,0.988,TN03D9766,accepted,224.4
10,3,car,1091,419,1212,531,1114,487,1151,504,0.540,237.1,True,,,,no_text,58.3
10,1,auto,1278,369,1803,1071,1463,671,1565,734,0.445,237.1,True,TN03D9766,0.989,TN03D9766,accepted,214.4
11,3,car,1088,416,1208,532,1107,487,1147,505,0.519,232.2,True,,,,no_text,60.6
11,1,auto,1282,367,1804,1071,1464,666,1570,734,0.326,232.2,True,TN03D9766,0.983,TN03D9766,accepted,214.4
12,3,car,1069,418,1206,538,1103,490,1145,505,0.472,229.4,True,,,,no_text,211.9
12,1,auto,1285,368,1806,1072,1469,667,1577,737,0.271,229.4,True,TN03D9766,0.979,TN03D9766,accepted,218.2
12,3,motorcycle,986,455,1079,606,996,496,1044,523,0.259,229.4,True,,,,no_text,55.2
13,3,car,1068,418,1206,539,1103,491,1144,506,0.509,240.0,True,,,,no_text,176.3
13,1,auto,1288,367,1814,1071,1471,666,1581,738,0.352,240.0,True,TN03D9766,0.987,TN03D9766,accepted,203.7
13,3,motorcycle,984,455,1078,611,996,490,1044,522,0.345,240.0,True,,,,no_text,53.2
14,3,car,1053,417,1196,541,1094,491,1133,507,0.554,239.4,True,,,,no_text,62.0
14,1,auto,1287,371,1808,1070,1469,668,1576,736,0.370,239.4,True,TN03D9766,0.973,TN03D9766,accepted,217.7
15,3,car,1044,414,1193,544,1084,493,1124,511,0.564,224.1,True,,,,no_text,57.0
15,1,auto,1283,369,1805,1070,1464,668,1570,734,0.361,224.1,True,TN03D9766,0.978,TN03D9766,accepted,218.4
15,3,motorcycle,943,453,1052,628,960,495,1012,523,0.266,224.1,True,,,,no_text,55.5
16,3,car,1032,412,1185,546,1070,492,1114,511,0.604,240.5,True,,,,no_text,61.2
17,3,car,1030,407,1185,552,1068,497,1111,515,0.584,252.5,True,,,,no_text,61.1
18,3,car,1019,411,1181,553,1061,499,1108,517,0.627,239.6,True,,,,no_text,64.0
18,4,motorcycle,889,460,1015,667,899,529,961,558,0.319,239.6,True,,,,no_text,74.5
19,3,car,1014,406,1173,555,1057,501,1100,518,0.608,231.2,True,,,,no_text,66.5
19,4,motorcycle,871,456,1006,675,896,583,941,617,0.391,231.2,True,,,,no_text,62.9
19,4,motorcycle,871,456,1006,675,889,533,948,559,0.257,231.2,True,,,,no_text,82.4
20,3,car,1003,408,1171,563,1045,503,1092,521,0.703,239.8,True,,,,no_text,67.0
20,4,motorcycle,848,469,992,693,864,547,927,573,0.456,239.8,True,,,,no_text,84.8
21,4,motorcycle,836,471,981,699,852,554,913,579,0.660,240.0,True,,,,no_text,62.1
21,3,car,999,406,1171,563,1044,503,1091,523,0.659,240.0,True,,,,no_text,82.5
22,3,car,995,408,1170,565,1041,507,1089,528,0.573,245.9,True,,,,no_text,61.1
22,4,motorcycle,820,474,971,710,840,555,905,583,0.482,245.9,True,,,,no_text,82.0
22,4,motorcycle,820,474,971,710,846,610,894,640,0.266,245.9,True,,,,no_text,69.4
23,3,car,943,405,1149,583,995,516,1053,540,0.653,243.0,True,,,,no_text,63.3
23,4,motorcycle,639,484,870,828,670,615,737,653,0.649,243.0,True,8199,0.569,,rejected,223.4
23,4,motorcycle,639,484,870,828,690,530,757,558,0.315,243.0,True,,,,no_text,172.4
24,3,car,934,406,1146,585,989,517,1052,543,0.691,236.3,True,,,,no_text,165.5
24,4,motorcycle,610,470,850,850,661,530,732,565,0.515,236.3,True,,,,no_text,171.8
24,4,motorcycle,610,470,850,850,635,626,705,665,0.476,236.3,True,INIOCC0947,0.856,TN1OCC0947,accepted,208.4
25,4,motorcycle,577,494,830,879,599,638,679,683,0.725,240.5,True,8999,0.609,,rejected,152.8
25,3,car,929,407,1144,590,985,519,1046,545,0.709,240.5,True,,,,no_text,179.8
25,4,motorcycle,577,494,830,879,634,542,696,571,0.424,240.5,True,,,,no_text,182.5
26,3,car,921,408,1141,592,977,521,1041,549,0.743,234.9,True,INIERL7XEL,0.584,,rejected,161.2
26,4,motorcycle,527,479,808,907,562,650,637,696,0.720,234.9,True,SINIOCC0943,0.715,TN1OCC0943,accepted,207.7
26,4,motorcycle,527,479,808,907,591,546,665,579,0.430,234.9,True,,,,no_text,164.8
27,4,motorcycle,405,489,760,972,456,683,548,736,0.743,234.9,True,TN10CC0947,0.797,TN10CC0947,accepted,193.1
27,3,car,901,405,1135,601,963,525,1026,552,0.565,234.9,True,HINICIL7AC,0.598,,rejected,167.1
27,4,motorcycle,405,489,760,972,509,561,584,598,0.541,234.9,True,,,,no_text,174.0
28,3,car,893,408,1129,602,953,531,1020,557,0.719,235.7,True,,,,no_text,67.3
28,4,motorcycle,360,516,730,1010,452,577,529,614,0.470,235.7,True,,,,no_text,78.3
28,4,motorcycle,360,516,730,1010,394,704,492,759,0.454,235.7,True,INI0CC0947,0.840,NL0CC0947,accepted,226.9
29,3,car,886,408,1126,607,946,532,1014,560,0.751,231.1,True,TIN10BL7364,0.630,TN10BL7364,accepted,167.4
29,4,motorcycle,281,517,698,1066,325,729,428,788,0.613,231.1,True,TNI0CC0947,0.809,NL0CC0947,accepted,209.2
29,5,motorcycle,281,517,698,1066,394,586,473,627,0.420,231.1,True,,,,no_text,161.2
30,3,car,871,411,1118,616,929,537,999,564,0.734,233.7,True,TN103L736,0.863,NL03L736,accepted,166.5
30,4,motorcycle,82,547,610,1077,146,792,262,859,0.574,233.7,True,IN10CC0947,0.856,TN10CC0947,accepted,213.3
30,6,motorcycle,82,547,610,1077,240,626,325,664,0.570,233.7,True,,,,no_text,63.1
31,3,car,862,409,1116,619,923,539,996,569,0.747,243.3,True,ETM10DL7164,0.776,TN10DL7164,accepted,167.7
31,4,motorcycle,0,566,568,1078,26,834,150,907,0.480,243.3,True,OIN10CC0947,0.857,TN10CC0947,accepted,207.2
31,6,motorcycle,0,566,568,1078,139,649,226,689,0.393,243.3,True,,,,no_text,61.7
32,3,car,848,407,1109,620,910,542,986,571,0.736,240.2,True,IN1O1L7364,0.635,TN1OIL7364,accepted,168.1
33,3,car,826,408,1102,633,891,548,969,578,0.665,243.2,True,ETN10EL7364,0.841,TN10EL7364,accepted,174.0
34,3,car,816,406,1097,639,881,552,959,582,0.748,236.7,True,ETN1OPL7364,0.793,TN1OPL7364,accepted,175.1
35,3,car,807,406,1092,645,870,553,950,585,0.765,238.2,True,AINTOBL7354,0.693,,rejected,170.1
35,7,auto,1292,367,1813,1062,1473,659,1586,739,0.309,238.2,True,TN03D9766,0.983,TN03D9766,accepted,196.1
36,3,car,734,402,1067,674,807,575,897,607,0.792,225.9,True,IN108L7364,0.894,TN1OBL7364,accepted,171.9
36,7,auto,1287,367,1812,1063,1473,661,1578,730,0.261,225.9,True,TN03D9766,0.989,TN03D9766,accepted,208.4
37,3,car,719,401,1061,683,793,581,885,612,0.784,227.9,True,TN10BL7364,0.923,TN10BL7364,accepted,176.7
38,3,car,702,404,1056,692,775,588,872,621,0.798,235.2,True,FTN10BL7364,0.928,TN10BL7364,accepted,171.7
38,7,bus,1289,360,1817,1062,1474,664,1585,739,0.292,235.2,True,TN03D9766,0.982,TN03D9766,accepted,204.3
39,3,car,681,402,1049,702,756,590,856,626,0.727,226.7,True,TN10BL7364,0.874,TN10BL7364,accepted,171.9
40,3,car,658,401,1043,714,736,597,842,635,0.737,236.5,True,2TN108L7364,0.862,TN1OBL7364,accepted,165.5
40,7,auto,1286,364,1819,1062,1474,666,1577,732,0.271,236.5,True,TN03D9766,0.980,TN03D9766,accepted,203.0
41,3,car,636,402,1037,721,718,605,825,643,0.773,233.6,True,ETN10BL7364,0.900,TN10BL7364,accepted,177.3
42,3,car,615,400,1028,728,696,611,806,649,0.781,234.0,True,TN10BL7364,0.929,TN10BL7364,accepted,173.2
42,7,auto,1290,363,1817,1061,1475,664,1581,732,0.252,234.0,True,TN03D9766,0.976,TN03D9766,accepted,205.0
43,3,car,588,398,1020,738,673,617,786,655,0.797,241.9,True,TN10BL7364,0.895,TN10BL7364,accepted,167.9
44,3,car,531,394,1005,762,618,635,744,675,0.764,247.2,True,TN10BL7364,0.948,TN10BL7364,accepted,179.5
44,7,auto,1289,362,1818,1061,1474,657,1585,739,0.375,247.2,True,TN03D9766,0.983,TN03D9766,accepted,201.3
45,3,car,492,393,997,780,589,641,720,686,0.806,228.6,True,ETN10BL7364,0.918,TN10BL7364,accepted,177.4
45,7,auto,1288,362,1820,1061,1474,658,1586,746,0.475,228.6,True,,,,no_text,202.8
46,3,car,460,390,986,792,557,654,690,695,0.788,226.5,True,TN10BL7364,0.877,TN10BL7364,accepted,179.8
46,7,auto,1290,360,1817,1064,1474,657,1585,755,0.457,226.5,True,TN03D9766,0.970,TN03D9766,accepted,202.8
47,3,car,375,388,964,828,481,678,627,720,0.772,228.6,True,TN10BL7364,0.949,TN10BL7364,accepted,338.1
47,7,auto,1290,363,1818,1062,1470,651,1588,769,0.585,228.6,True,TN03D9766,0.973,TN03D9766,accepted,194.0
48,3,car,332,387,955,850,438,689,591,735,0.755,221.0,True,TN10BL7364,0.948,TN10BL7364,accepted,185.3
48,7,auto,1290,361,1820,1061,1471,652,1588,769,0.531,221.0,True,TN03D9766,0.973,TN03D9766,accepted,195.8
49,3,car,278,385,941,869,389,698,550,755,0.791,238.3,True,TN10BL7364,0.959,TN10BL7364,accepted,172.5
49,7,auto,1285,361,1823,1060,1471,653,1586,763,0.308,238.3,True,TN03D9766,0.950,TN03D9766,accepted,191.8
50,3,car,215,380,928,897,336,721,504,774,0.744,221.9,True,FTN10BL7364,0.912,TN10BL7364,accepted,177.4
50,7,auto,1283,358,1824,1061,1471,663,1575,729,0.386,221.9,True,TN03D9766,0.989,TN03D9766,accepted,210.4
51,3,car,160,378,914,925,277,745,452,796,0.724,222.2,True,TN10BL7364,0.932,TN10BL7364,accepted,180.2
51,7,auto,1286,359,1822,1059,1472,661,1579,734,0.278,222.2,True,TN03D9766,0.988,TN03D9766,accepted,203.4
52,3,car,7,373,886,980,128,794,328,856,0.769,239.5,True,TN10BL7364,0.947,TN10BL7364,accepted,174.5
52,7,auto,1280,358,1823,1058,1470,661,1578,728,0.439,239.5,True,TN03D9766,0.991,TN03D9766,accepted,249.6
53,3,car,0,373,869,1021,36,827,251,892,0.750,226.0,True,TN10BL7364,0.925,TN10BL7364,accepted,177.1
53,7,auto,1284,360,1824,1059,1472,654,1587,754,0.402,226.0,True,TN03D9766,0.966,TN03D9766,accepted,197.7
54,7,auto,1285,360,1825,1054,1470,662,1577,729,0.502,225.6,True,TN03D9766,0.982,TN03D9766,accepted,191.5
54,3,car,0,370,828,1076,0,904,45,994,0.371,225.6,True,,,,no_text,96.7
55,7,auto,1285,358,1825,1054,1470,662,1574,725,0.520,238.0,True,TN03D9766,0.988,TN03D9766,accepted,195.3
56,7,auto,1290,360,1823,1057,1471,653,1585,750,0.522,228.3,True,TN03D9766,0.975,TN03D9766,accepted,188.0
57,7,auto,1290,359,1820,1053,1470,654,1575,736,0.543,240.3,True,TN03D9766,0.987,TN03D9766,accepted,184.8
58,7,auto,1289,358,1822,1053,1471,655,1576,737,0.470,219.7,True,TN03D9766,0.987,TN03D9766,accepted,181.2
59,8,car,998,388,1145,511,1034,451,1076,466,0.298,219.9,True,,,,no_text,65.2
59,7,auto,1291,355,1819,1048,1474,652,1574,736,0.296,219.9,True,TN03D9766,0.985,TN03D9766,accepted,201.5
60,7,auto,1292,353,1822,1048,1473,648,1581,742,0.473,241.8,True,TN03D9766,0.982,TN03D9766,accepted,182.8
60,8,car,995,387,1144,512,1034,454,1072,468,0.289,241.8,True,,,,no_text,69.7
61,7,auto,1289,349,1819,1047,1476,650,1581,723,0.525,234.9,True,TN03D9766,0.983,TN03D9766,accepted,183.4
62,7,auto,1289,349,1824,1048,1476,651,1579,725,0.603,222.8,True,TN03D9766,0.987,TN03D9766,accepted,185.4
63,7,auto,1286,350,1821,1045,1474,646,1577,734,0.273,213.3,True,TN03D9766,0.987,TN03D9766,accepted,186.9
64,7,auto,1283,351,1820,1049,1474,651,1572,724,0.374,221.3,True,TN03D9766,0.987,TN03D9766,accepted,186.6
64,8,car,962,380,1126,518,998,442,1046,465,0.275,221.3,True,,,,no_text,61.8
65,7,auto,1286,351,1818,1045,1474,651,1570,714,0.598,232.0,True,TN03D9766,0.990,TN03D9766,accepted,194.9
66,7,auto,1285,349,1821,1047,1474,650,1574,717,0.670,235.8,True,TN03D9766,0.982,TN03D9766,accepted,191.6
66,8,car,948,378,1122,519,989,443,1041,465,0.337,235.8,True,,,,no_text,66.2
67,7,auto,1292,347,1832,1044,1481,649,1584,717,0.553,233.3,True,TN03D9766,0.979,TN03D9766,accepted,235.3
68,7,auto,1287,345,1830,1041,1485,647,1593,717,0.289,225.0,True,TN03D9766,0.986,TN03D9766,accepted,183.9
72,8,car,895,360,1121,535,947,471,1008,492,0.505,219.8,True,,,,no_text,174.5
72,7,auto,1323,339,1869,1040,1515,635,1625,719,0.342,219.8,True,TN03D9766,0.987,TN03D9766,accepted,199.8
73,8,car,890,359,1120,537,939,469,1006,492,0.490,233.5,True,,,,no_text,70.1
73,7,auto,1323,342,1869,1040,1514,636,1626,743,0.295,233.5,True,97,0.965,,rejected,196.2
74,8,car,883,358,1117,542,932,476,996,499,0.586,215.4,True,,,,no_text,65.9
74,7,auto,1327,342,1872,1040,1519,640,1627,722,0.475,215.4,True,TN03D9766,0.988,TN03D9766,accepted,207.5
75,7,auto,1329,343,1874,1040,1528,638,1634,714,0.334,213.2,True,TN03D9766,0.968,TN03D9766,accepted,185.1
76,7,auto,1333,336,1882,1035,1526,640,1634,713,0.543,236.9,True,TN03D9766,0.981,TN03D9766,accepted,190.4
76,8,car,867,356,1116,546,925,481,984,504,0.479,236.9,True,,,,no_text,175.3
77,8,car,863,356,1115,551,922,484,980,505,0.550,230.6,True,,,,no_text,178.1
77,7,auto,1333,337,1892,1039,1529,640,1639,710,0.434,230.6,True,TN03D9766,0.981,TN03D9766,accepted,206.1
78,8,car,855,355,1112,553,911,484,972,505,0.641,221.4,True,,,,no_text,176.8
79,8,car,845,353,1111,557,902,485,959,507,0.632,222.4,True,,,,no_text,64.9
79,7,auto,1335,338,1896,1039,1536,637,1645,722,0.253,222.4,True,TN03D9766,0.985,TN03D9766,accepted,212.3
80,8,car,825,352,1106,566,883,491,955,515,0.672,220.1,True,,,,no_text,176.6
81,8,car,815,350,1102,568,875,491,949,516,0.694,226.4,True,RINO1CKSOCO,0.521,,rejected,177.3
82,8,car,804,348,1101,571,866,493,937,516,0.647,231.5,True,SNS3CASOOO,0.565,,rejected,175.4
82,7,auto,1356,335,1905,1037,1556,639,1661,703,0.556,231.5,True,TN03D9766,0.974,TN03D9766,accepted,205.6
83,8,car,791,345,1097,576,852,494,929,521,0.730,225.9,True,FIRO3CRSOOO,0.562,TR03CR5000,accepted,175.5
83,7,auto,1362,332,1909,1035,1556,637,1664,704,0.590,225.9,True,TN03D9766,0.968,TN03D9766,accepted,248.8
84,8,car,773,343,1094,580,835,498,914,525,0.701,248.7,True,STKO3CK5O00,0.584,,rejected,172.4
84,7,auto,1360,334,1908,1038,1556,635,1666,707,0.599,248.7,True,TN03D9766,0.986,TN03D9766,accepted,243.9
84,7,auto,1360,334,1908,1038,1556,633,1670,738,0.268,248.7,True,TN03D9766,0.983,TN03D9766,accepted,188.8
85,8,car,759,342,1090,586,825,504,900,531,0.643,228.6,True,ETKO9CX5OGO,0.708,,rejected,172.2
85,7,auto,1363,332,1909,1035,1561,636,1667,703,0.611,228.6,True,TN03D9766,0.980,TN03D9766,accepted,256.4
86,8,car,743,341,1083,592,813,504,890,530,0.663,229.9,True,ETHO9CX500D,0.738,,rejected,174.1
86,7,auto,1366,329,1909,1036,1565,633,1672,706,0.487,229.9,True,TN03D9766,0.986,TN03D9766,accepted,254.9
87,8,car,701,336,1071,602,778,511,860,538,0.749,225.6,True,STMO9CX5000,0.752,TN09CX5000,accepted,176.3
87,7,auto,1367,328,1914,1031,1564,629,1674,706,0.646,225.6,True,TN03D9766,0.979,TN03D9766,accepted,206.0
87,7,auto,1367,328,1914,1031,1559,624,1679,747,0.326,225.6,True,TN03,0.972,,rejected,141.8
88,8,car,682,334,1065,613,756,519,841,547,0.734,233.3,True,SINO9CISOO0,0.676,TN09CI5000,accepted,173.5
88,7,auto,1368,330,1913,1033,1566,632,1673,704,0.654,233.3,True,TN03D9766,0.983,TN03D9766,accepted,246.1
88,7,auto,1368,330,1913,1033,1562,626,1678,738,0.350,233.3,True,TN03D9766,0.934,TN03D9766,accepted,227.9
89,8,car,660,334,1057,622,732,523,822,553,0.701,226.6,True,ETM09CX5000,0.847,TN09CX5000,accepted,173.4
89,7,auto,1372,331,1914,1033,1566,633,1675,711,0.553,226.6,True,TN03D9766,0.981,TN03D9766,accepted,198.8
89,7,auto,1372,331,1914,1033,1559,628,1681,758,0.501,226.6,True,TN0309766,0.956,TN03O9766,accepted,181.9
90,8,car,634,332,1052,629,709,525,801,555,0.725,223.7,True,STN09CX5000,0.756,TN09CX5000,accepted,172.3
90,7,auto,1373,329,1914,1030,1567,629,1677,710,0.489,223.7,True,,,,no_text,161.4
90,7,auto,1373,329,1914,1030,1560,624,1682,758,0.306,223.7,True,,,,no_text,157.2
91,8,car,604,331,1047,641,684,533,781,565,0.741,228.4,True,TN09CX5000,0.888,TN09CX5000,accepted,175.2
91,7,auto,1374,330,1914,1033,1563,630,1684,730,0.662,228.4,True,TN03D9766,0.975,TN03D9766,accepted,194.6
91,7,auto,1374,330,1914,1033,1549,631,1686,757,0.300,228.4,True,TN03D9766LPE,0.834,,rejected,432.0
92,8,car,576,329,1035,643,657,540,760,572,0.706,250.7,True,FTN09CX5000,0.902,TN09CX5000,accepted,178.5
92,7,auto,1374,330,1916,1033,1565,631,1679,710,0.607,250.7,True,TN03D9766,0.974,TN03D9766,accepted,246.1
92,7,auto,1374,330,1916,1033,1564,628,1683,756,0.439,250.7,True,TN03D9766LP,0.936,,rejected,371.1
93,8,car,266,305,954,744,355,604,490,644,0.747,233.9,True,THO9CX5000,0.909,TN09CX5000,accepted,196.7
93,7,auto,1372,323,1914,1028,1566,629,1675,705,0.585,233.9,True,TN03D9766,0.981,TN03D9766,accepted,253.8
94,8,car,198,303,937,763,294,620,434,660,0.790,227.1,True,THO9CX5000,0.955,TN09CX5000,accepted,177.5
94,7,auto,1373,324,1913,1028,1567,629,1674,701,0.617,227.1,True,TN03D9766,0.978,TN03D9766,accepted,252.0
95,8,car,136,296,918,786,220,635,367,677,0.778,230.1,True,THO9CX5000,0.955,TN09CX5000,accepted,177.7
95,7,auto,1375,326,1913,1027,1567,627,1673,703,0.592,230.1,True,TN03D9766,0.987,TN03D9766,accepted,204.3
96,8,car,54,292,904,819,132,655,289,699,0.791,234.9,True,THO9CX5000,0.881,TN09CX5000,accepted,177.5
96,7,auto,1376,322,1916,1024,1567,629,1673,704,0.559,234.9,True,TN03D9766,0.984,TN03D9766,accepted,205.2
97,8,car,1,286,884,851,29,675,198,725,0.753,228.7,True,THO9CX5000,0.896,TN09CX5000,accepted,179.4
97,7,auto,1375,326,1914,1027,1567,628,1673,702,0.526,228.7,True,TN03D9766,0.982,TN03D9766,accepted,245.1
98,7,auto,1372,325,1913,1028,1567,629,1672,700,0.586,225.4,True,TN03D9766,0.986,TN03D9766,accepted,234.2
99,7,auto,1373,325,1912,1028,1568,628,1675,703,0.571,229.8,True,TN03D9766,0.988,TN03D9766,accepted,186.4
100,7,auto,1373,326,1912,1029,1567,628,1673,702,0.548,241.4,True,TN03D9766,0.980,TN03D9766,accepted,232.5
101,7,auto,1374,324,1914,1026,1567,628,1672,701,0.616,226.6,True,TN03D9766,0.988,TN03D9766,accepted,232.4
102,7,auto,1374,323,1914,1025,1567,629,1672,700,0.562,229.0,True,TN03D9766,0.987,TN03D9766,accepted,237.7
103,7,auto,1375,326,1913,1028,1566,626,1673,703,0.577,227.9,True,TN03D9766,0.993,TN03D9766,accepted,188.1
104,7,auto,1374,323,1914,1025,1568,628,1672,700,0.568,228.6,True,TN03D9766,0.984,TN03D9766,accepted,235.8
105,7,auto,1371,325,1912,1028,1566,628,1673,701,0.632,225.3,True,TN03D9766,0.976,TN03D9766,accepted,232.5
106,7,auto,1372,322,1914,1026,1565,629,1675,705,0.662,222.2,True,TN03D9766,0.976,TN03D9766,accepted,186.6
106,7,auto,1372,322,1914,1026,1563,624,1681,752,0.343,222.2,True,,,,no_text,151.7
107,7,auto,1373,324,1912,1028,1566,626,1674,701,0.609,233.2,True,TN03D9766,0.956,TN03D9766,accepted,189.8
108,7,auto,1373,325,1912,1028,1566,627,1674,706,0.569,239.9,True,TN03D9766,0.986,TN03D9766,accepted,228.2
109,7,auto,1371,323,1913,1029,1563,628,1676,708,0.605,228.2,True,TN03D9766,0.989,TN03D9766,accepted,186.3
109,7,auto,1371,323,1913,1029,1560,622,1682,756,0.351,228.2,True,TN0309766LPC,0.891,,rejected,226.4
110,7,auto,1370,322,1914,1029,1564,627,1675,703,0.595,230.4,True,TN03D9766,0.989,TN03D9766,accepted,231.9
111,7,auto,1369,323,1912,1031,1562,628,1677,707,0.632,229.0,True,TN03D9766,0.980,TN03D9766,accepted,188.2
111,7,auto,1369,323,1912,1031,1559,622,1681,755,0.357,229.0,True,TN03D9766L,0.832,,rejected,226.3
112,7,auto,1374,322,1916,1028,1569,624,1676,703,0.739,227.6,True,TN03D9766,0.986,TN03D9766,accepted,189.2
113,7,auto,1372,319,1916,1030,1569,626,1678,700,0.681,225.7,True,TN03D9766,0.982,TN03D9766,accepted,231.3
114,7,auto,1376,322,1914,1030,1570,626,1683,701,0.665,228.4,True,TN03D9766,0.981,TN03D9766,accepted,189.9
115,7,auto,1374,318,1915,1028,1565,625,1682,709,0.617,227.8,True,TN03D9766,0.986,TN03D9766,accepted,186.0
115,7,auto,1374,318,1915,1028,1560,623,1685,749,0.389,227.8,True,TN03D9766,0.968,TN03D9766,accepted,230.8
116,7,auto,1375,321,1915,1027,1566,625,1677,704,0.695,238.9,True,TN03D9766,0.992,TN03D9766,accepted,182.3
116,7,auto,1375,321,1915,1027,1562,623,1681,746,0.293,238.9,True,,,,no_text,142.1
117,7,auto,1370,322,1914,1028,1564,623,1677,707,0.695,235.4,True,TN03D9766,0.976,TN03D9766,accepted,189.2
118,7,auto,1371,321,1913,1030,1565,627,1675,702,0.645,229.7,True,TN03D9766,0.985,TN03D9766,accepted,230.4
119,7,auto,1368,322,1913,1026,1564,627,1678,704,0.546,224.9,True,TN03D9766,0.987,TN03D9766,accepted,234.3
120,7,auto,1368,320,1915,1027,1566,627,1677,702,0.657,225.0,True,TN03D9766,0.988,TN03D9766,accepted,230.6
121,7,auto,1368,320,1913,1029,1566,626,1676,701,0.616,226.7,True,TN03D9766,0.966,TN03D9766,accepted,236.7
122,7,auto,1370,317,1913,1028,1566,624,1676,701,0.641,236.0,True,TN03D9766,0.991,TN03D9766,accepted,231.9
123,7,auto,1369,317,1911,1028,1566,626,1674,698,0.430,225.0,True,TN03D9766,0.981,TN03D9766,accepted,235.1
124,7,auto,1373,318,1913,1026,1567,626,1677,696,0.681,236.9,True,TN03D9766,0.980,TN03D9766,accepted,188.3
125,7,auto,1375,315,1912,1024,1567,620,1683,698,0.504,225.7,True,TN03D9766,0.989,TN03D9766,accepted,185.8
126,7,auto,1373,316,1913,1024,1568,622,1681,695,0.582,230.7,True,TN03D9766,0.978,TN03D9766,accepted,189.3
127,7,auto,1371,312,1915,1022,1567,617,1680,695,0.533,227.4,True,TN03D9766,0.987,TN03D9766,accepted,265.8
128,7,auto,1373,315,1913,1023,1569,620,1684,692,0.447,220.0,True,TN03D9766,0.982,TN03D9766,accepted,192.8
129,7,auto,1373,315,1913,1021,1567,615,1680,693,0.539,227.5,True,TN03D9766,0.984,TN03D9766,accepted,187.2
130,7,auto,1376,311,1914,1021,1567,615,1683,693,0.530,245.3,True,TN03D9766,0.980,TN03D9766,accepted,188.7
131,7,auto,1375,311,1914,1021,1571,614,1685,695,0.350,230.5,True,TN03D9766,0.956,TN03D9766,accepted,190.6
132,7,auto,1375,313,1914,1022,1571,615,1686,695,0.468,240.1,True,TN03D9766,0.965,TN03D9766,accepted,190.9
133,7,auto,1377,312,1915,1022,1571,616,1685,695,0.469,230.4,True,TN03D9766,0.976,TN03D9766,accepted,193.5
134,7,auto,1377,314,1915,1023,1573,615,1687,696,0.499,228.5,True,TN03D9766,0.982,TN03D9766,accepted,192.7
135,7,auto,1376,311,1916,1021,1569,617,1684,693,0.384,227.9,True,TN03D9766,0.988,TN03D9766,accepted,184.6
136,7,auto,1377,316,1916,1022,1573,616,1687,695,0.489,232.6,True,TN03D9766,0.974,TN03D9766,accepted,187.5
137,7,auto,1376,317,1916,1021,1569,618,1687,694,0.630,230.1,True,TN03D9766,0.984,TN03D9766,accepted,190.4
138,7,auto,1377,318,1915,1022,1569,617,1684,694,0.381,231.7,True,TN03D9766,0.985,TN03D9766,accepted,191.7
139,7,auto,1376,317,1916,1023,1570,617,1683,692,0.351,225.7,True,TN03D9766,0.986,TN03D9766,accepted,193.8
140,7,auto,1377,315,1916,1021,1573,619,1690,699,0.554,238.1,True,TN03D9766,0.962,TN03D9766,accepted,187.8
141,7,auto,1377,316,1915,1023,1569,618,1684,693,0.384,227.4,True,TN03D9766,0.985,TN03D9766,accepted,231.2
142,7,auto,1374,311,1914,1021,1568,618,1681,692,0.418,226.0,True,TN03D9766,0.985,TN03D9766,accepted,189.2
143,7,auto,1376,317,1912,1023,1569,621,1683,691,0.498,226.4,True,TN03D9766,0.980,TN03D9766,accepted,186.7
144,7,auto,1376,315,1914,1023,1569,619,1683,690,0.432,226.2,True,TN03D9766,0.980,TN03D9766,accepted,235.4
145,7,auto,1375,315,1914,1024,1569,619,1681,691,0.486,222.2,True,TN03D9766,0.987,TN03D9766,accepted,188.3
147,7,auto,1372,312,1912,1024,1565,619,1684,698,0.292,219.8,True,TN03D9766,0.979,TN03D9766,accepted,188.9
148,7,auto,1375,317,1914,1025,1567,621,1682,695,0.600,219.6,True,TN03D9766,0.991,TN03D9766,accepted,190.7
149,7,auto,1373,315,1914,1025,1567,620,1682,694,0.461,226.1,True,TN03D9766,0.993,TN03D9766,accepted,191.8
150,7,auto,1370,310,1914,1024,1566,619,1679,695,0.252,228.7,True,TN03D9766,0.977,TN03D9766,accepted,189.0
154,7,auto,1370,310,1913,1022,1566,615,1679,692,0.359,228.6,True,TN03D9766,0.985,TN03D9766,accepted,192.0
156,7,auto,1375,311,1914,1020,1566,617,1680,694,0.420,234.3,True,TN03D9766,0.980,TN03D9766,accepted,188.5
157,7,auto,1376,313,1915,1021,1567,618,1681,694,0.544,226.0,True,TN03D9766,0.984,TN03D9766,accepted,192.5
158,7,auto,1375,312,1916,1020,1567,616,1682,690,0.460,247.4,True,TN03D9766,0.980,TN03D9766,accepted,188.9
159,7,auto,1377,312,1914,1019,1567,615,1680,695,0.511,222.4,True,TN03D9766,0.981,TN03D9766,accepted,188.7
160,7,auto,1376,312,1915,1019,1566,613,1683,700,0.533,229.4,True,TN03D9766,0.972,TN03D9766,accepted,189.4
161,7,auto,1373,308,1915,1019,1568,617,1679,693,0.404,233.7,True,TN03D9766,0.985,TN03D9766,accepted,215.8
162,7,auto,1370,311,1914,1020,1566,617,1682,695,0.423,233.8,True,TN03D9766,0.981,TN03D9766,accepted,191.9
163,7,auto,1372,308,1915,1019,1567,611,1681,699,0.504,233.3,True,TN03D9766,0.974,TN03D9766,accepted,184.4
164,7,auto,1371,305,1916,1019,1565,609,1679,700,0.526,252.5,True,TN03D9766,0.978,TN03D9766,accepted,188.8
165,7,auto,1371,305,1915,1019,1566,611,1681,705,0.482,228.9,True,TN03D9766,0.975,TN03D9766,accepted,188.9
166,7,auto,1370,307,1911,1020,1565,610,1680,700,0.501,238.1,True,,,,no_text,141.7
167,7,auto,1372,308,1911,1019,1564,609,1679,694,0.528,230.3,True,TN03D9766,0.982,TN03D9766,accepted,182.8
168,7,auto,1371,309,1912,1020,1565,610,1678,694,0.440,227.0,True,TN03D9766,0.962,TN03D9766,accepted,188.9
169,7,auto,1369,308,1908,1019,1563,610,1676,695,0.575,227.5,True,6703,0.518,,rejected,146.1
170,7,auto,1367,308,1906,1021,1563,611,1676,696,0.496,235.5,True,TN03D9766,0.981,TN03D9766,accepted,188.1
171,7,auto,1368,311,1908,1020,1563,610,1677,697,0.445,227.6,True,TN03D9766,0.988,TN03D9766,accepted,189.6
174,7,auto,1368,310,1910,1020,1566,616,1679,693,0.435,242.2,True,TN03D9766,0.980,TN03D9766,accepted,192.4
175,7,auto,1369,312,1910,1019,1566,616,1678,692,0.434,229.0,True,TN03D9766,0.989,TN03D9766,accepted,186.3
176,7,auto,1368,311,1910,1020,1566,611,1677,693,0.519,229.7,True,TN03D9766,0.987,TN03D9766,accepted,188.4
177,7,auto,1369,309,1911,1019,1565,611,1676,693,0.457,230.0,True,TN03D9766,0.969,TN03D9766,accepted,188.1
178,7,auto,1370,307,1910,1020,1565,611,1676,695,0.376,228.4,True,0,0.583,,rejected,150.0
179,7,auto,1370,310,1911,1019,1567,610,1678,702,0.363,233.5,True,TN03D9766,0.982,TN03D9766,accepted,184.7
180,7,auto,1371,310,1911,1019,1567,610,1678,700,0.423,247.3,True,TN03D9766,0.970,TN03D9766,accepted,187.4
181,7,auto,1370,312,1910,1021,1568,612,1678,698,0.360,232.4,True,N703,0.535,,rejected,148.4
182,7,auto,1370,312,1909,1021,1565,610,1681,702,0.415,233.7,True,TN03D9766,0.967,TN03D9766,accepted,186.4
184,7,auto,1370,311,1910,1022,1564,608,1683,703,0.481,220.2,True,TN03D9766,0.969,TN03D9766,accepted,188.3
185,7,auto,1371,311,1909,1022,1565,610,1682,699,0.458,218.3,True,TN03D9766,0.975,TN03D9766,accepted,186.7
186,7,auto,1370,312,1909,1021,1565,611,1682,700,0.477,225.6,True,,,,no_text,147.9
187,7,auto,1369,312,1908,1021,1566,614,1681,696,0.473,239.1,True,TN03D9766,0.984,TN03D9766,accepted,189.9
188,7,auto,1370,311,1909,1020,1566,613,1679,696,0.524,239.1,True,TN03D9766,0.969,TN03D9766,accepted,188.2
189,7,auto,1369,311,1909,1020,1567,613,1679,695,0.421,224.6,True,TN03D9766,0.982,TN03D9766,accepted,228.3
190,7,auto,1375,313,1910,1022,1566,615,1681,698,0.345,223.4,True,TN03D9766,0.987,TN03D9766,accepted,187.7
191,7,auto,1374,312,1912,1023,1566,616,1682,696,0.266,225.1,True,TN03D9766,0.983,TN03D9766,accepted,191.3
192,7,auto,1372,314,1911,1023,1565,617,1679,694,0.315,244.6,True,TN03D9766,0.992,TN03D9766,accepted,190.7
193,7,auto,1370,315,1909,1023,1566,618,1679,694,0.350,229.9,True,TN03D9766,0.984,TN03D9766,accepted,228.9
194,7,auto,1368,315,1910,1022,1565,617,1679,693,0.321,226.0,True,TN03D9766,0.976,TN03D9766,accepted,189.9
195,7,auto,1373,313,1908,1023,1565,621,1683,697,0.437,230.9,True,TN03D9766,0.976,TN03D9766,accepted,246.1
196,7,auto,1372,312,1910,1022,1565,621,1682,702,0.456,241.8,True,TN03D9766,0.984,TN03D9766,accepted,189.6
197,7,auto,1369,312,1911,1021,1564,621,1683,698,0.349,247.6,True,TN03D9766,0.990,TN03D9766,accepted,190.6
198,7,auto,1369,313,1911,1022,1565,622,1681,696,0.457,230.0,True,TN03D9766,0.987,TN03D9766,accepted,191.0
199,7,auto,1371,313,1911,1022,1565,621,1682,696,0.475,228.4,True,TN03D9766,0.987,TN03D9766,accepted,188.8
200,7,auto,1370,313,1911,1021,1564,621,1682,697,0.467,232.3,True,TN03D9766,0.988,TN03D9766,accepted,189.9
201,7,auto,1369,316,1912,1023,1564,622,1678,700,0.527,230.3,True,TN03D9766,0.986,TN03D9766,accepted,190.9
202,7,auto,1370,316,1913,1022,1565,624,1677,697,0.516,228.3,True,TN03D9766,0.981,TN03D9766,accepted,192.4
203,7,auto,1372,318,1912,1023,1567,627,1673,693,0.633,228.9,True,TN03D9766,0.987,TN03D9766,accepted,190.4
204,7,auto,1372,317,1914,1024,1566,627,1674,695,0.463,248.5,True,TN03D9766,0.980,TN03D9766,accepted,233.9
205,7,auto,1374,315,1913,1023,1565,623,1680,699,0.575,228.3,True,TN03D9766,0.978,TN03D9766,accepted,234.3
206,7,auto,1372,321,1913,1023,1565,624,1673,699,0.699,225.9,True,TN03D9766,0.983,TN03D9766,accepted,234.7
207,7,auto,1370,320,1913,1025,1565,624,1674,698,0.671,230.0,True,TN03D9766,0.975,TN03D9766,accepted,229.8
208,7,auto,1371,321,1913,1022,1563,626,1678,710,0.656,225.9,True,TN03D9766,0.990,TN03D9766,accepted,186.6
209,7,auto,1374,321,1911,1022,1566,624,1675,699,0.673,232.2,True,TN03D9766,0.988,TN03D9766,accepted,232.9
210,7,auto,1374,320,1914,1021,1565,623,1682,712,0.638,226.6,True,,,,no_text,147.3
211,7,auto,1375,320,1912,1026,1564,626,1681,714,0.642,231.9,True,TN03D9766,0.989,TN03D9766,accepted,187.8
211,7,auto,1375,320,1912,1026,1561,622,1685,749,0.306,231.9,True,TN03D9766,0.978,TN03D9766,accepted,192.1
212,7,auto,1377,323,1914,1027,1569,623,1680,710,0.675,238.9,True,TN03D9766,0.970,TN03D9766,accepted,187.3
212,7,auto,1377,323,1914,1027,1563,620,1682,741,0.404,238.9,True,TN03D9766,0.974,TN03D9766,accepted,187.5
213,7,auto,1376,322,1911,1025,1565,626,1679,707,0.608,234.4,True,TN03D9766,0.984,TN03D9766,accepted,198.8
214,7,auto,1371,321,1912,1024,1565,625,1673,699,0.676,240.4,True,TN03D9766,0.984,TN03D9766,accepted,234.7
215,7,auto,1372,322,1911,1026,1565,627,1674,702,0.652,226.9,True,TN03D9766,0.989,TN03D9766,accepted,234.5
216,7,auto,1376,321,1912,1026,1567,624,1675,699,0.684,236.6,True,TN03D9766,0.989,TN03D9766,accepted,241.9
217,7,auto,1376,321,1912,1024,1565,622,1681,703,0.541,229.5,True,TN03D9766,0.988,TN03D9766,accepted,189.4
218,7,auto,1374,318,1913,1024,1566,623,1681,698,0.597,229.7,True,TN03D9766,0.989,TN03D9766,accepted,194.4
219,7,auto,1374,320,1913,1027,1566,626,1676,698,0.714,230.7,True,TN03D9766,0.984,TN03D9766,accepted,194.2
220,7,auto,1376,320,1914,1023,1566,624,1680,700,0.610,236.1,True,TN03D9766,0.982,TN03D9766,accepted,195.7
221,7,auto,1375,319,1913,1022,1566,626,1676,697,0.448,229.9,True,TN03D9766,0.980,TN03D9766,accepted,195.0
222,7,auto,1374,319,1914,1025,1566,624,1678,698,0.624,240.1,True,TN03D9766,0.989,TN03D9766,accepted,188.2
223,7,auto,1374,318,1913,1025,1565,623,1679,699,0.655,226.5,True,TN03D9766,0.984,TN03D9766,accepted,188.7
224,7,auto,1376,318,1913,1024,1564,622,1682,705,0.559,229.2,True,TN03D9766,0.984,TN03D9766,accepted,192.5
225,7,auto,1376,319,1914,1024,1566,623,1681,699,0.654,226.7,True,TN03D9766,0.982,TN03D9766,accepted,195.2
226,7,auto,1376,319,1914,1024,1564,622,1680,700,0.647,228.1,True,TN03D9766,0.990,TN03D9766,accepted,189.5
227,7,auto,1376,320,1914,1022,1566,625,1678,696,0.581,229.2,True,TN03D9766,0.982,TN03D9766,accepted,236.9
228,7,auto,1376,320,1914,1021,1564,622,1682,703,0.604,239.1,True,TN03D9766,0.992,TN03D9766,accepted,189.0
229,7,auto,1375,320,1913,1021,1565,624,1677,699,0.540,229.7,True,TN03D9766,0.985,TN03D9766,accepted,235.7
230,7,auto,1376,321,1913,1021,1566,623,1678,698,0.590,248.0,True,TN03D9766,0.981,TN03D9766,accepted,192.5
231,7,auto,1376,320,1915,1022,1566,623,1680,699,0.521,227.3,True,TN03D9766,0.982,TN03D9766,accepted,193.3
232,7,auto,1375,320,1914,1021,1567,626,1674,693,0.487,227.0,True,TN03D9766,0.984,TN03D9766,accepted,191.0
233,7,auto,1375,319,1914,1021,1567,623,1680,699,0.617,230.8,True,TN03D9766,0.979,TN03D9766,accepted,196.9
234,7,auto,1375,320,1914,1020,1565,625,1679,696,0.604,236.2,True,TN03D9766,0.987,TN03D9766,accepted,193.9
235,7,auto,1375,319,1914,1021,1565,624,1681,700,0.534,231.0,True,TN03D9766,0.984,TN03D9766,accepted,187.0
236,7,auto,1375,320,1914,1021,1567,625,1679,696,0.670,239.6,True,TN03D9766,0.980,TN03D9766,accepted,234.1
237,7,auto,1375,321,1913,1021,1566,623,1681,699,0.625,229.6,True,TN03D9766,0.980,TN03D9766,accepted,187.5
238,7,auto,1375,320,1912,1020,1567,624,1680,698,0.578,224.6,True,TN03D9766,0.983,TN03D9766,accepted,190.8
239,7,auto,1377,321,1913,1019,1567,624,1679,696,0.637,226.3,True,TN03D9766,0.967,TN03D9766,accepted,251.4
240,7,auto,1372,319,1914,1022,1567,626,1678,701,0.610,236.6,True,TN03D9766,0.988,TN03D9766,accepted,239.8
241,7,auto,1370,319,1913,1022,1567,623,1680,699,0.554,226.8,True,TN03D9766,0.986,TN03D9766,accepted,185.3
242,7,auto,1374,322,1914,1023,1567,625,1679,698,0.609,228.1,True,TN03D9766,0.989,TN03D9766,accepted,243.3
242,9,car,961,381,1152,520,1008,471,1057,487,0.414,228.1,True,,,,no_text,181.8
243,7,auto,1377,323,1914,1026,1570,620,1686,711,0.641,237.8,True,TN03D9766,0.975,TN03D9766,accepted,187.7
243,7,auto,1377,323,1914,1026,1562,619,1687,748,0.317,237.8,True,TN03D9766,0.969,TN03D9766,accepted,230.6
243,9,car,951,383,1149,525,998,478,1048,494,0.307,237.8,True,,,,no_text,231.6
244,7,auto,1378,322,1915,1026,1564,624,1685,716,0.645,251.0,True,TN03D9766,0.988,TN03D9766,accepted,185.8
244,7,auto,1378,322,1915,1026,1559,621,1687,749,0.438,251.0,True,,,,no_text,187.1
244,9,car,941,383,1143,528,987,478,1042,495,0.434,251.0,True,,,,no_text,86.2
245,7,auto,1377,323,1914,1025,1565,623,1686,721,0.613,235.7,True,TN03D9766,0.979,TN03D9766,accepted,179.5
245,9,car,930,382,1139,532,976,478,1031,496,0.293,235.7,True,,,,no_text,77.6
246,7,auto,1375,322,1914,1025,1566,626,1683,712,0.563,239.3,True,TN03D9766,0.987,TN03D9766,accepted,188.5
246,7,auto,1375,322,1914,1025,1562,622,1686,749,0.343,239.3,True,TN0309766,0.954,TN03O9766,accepted,231.7
246,9,car,920,382,1134,534,969,485,1024,504,0.269,239.3,True,,,,no_text,183.3
247,7,auto,1372,323,1914,1024,1568,624,1683,703,0.591,229.6,True,TN03D9766,0.976,TN03D9766,accepted,189.4
247,9,car,907,383,1129,539,956,487,1014,505,0.379,229.6,True,,,,no_text,188.7
248,7,auto,1376,323,1916,1021,1570,627,1682,701,0.652,231.5,True,TN03D9766,0.974,TN03D9766,accepted,234.2
248,9,car,894,382,1126,543,948,487,1006,506,0.527,231.5,True,,,,no_text,182.9
249,7,auto,1375,325,1916,1025,1569,624,1685,710,0.633,235.1,True,TN03D9766,0.983,TN03D9766,accepted,187.6
249,9,car,870,384,1114,553,925,494,986,515,0.475,235.1,True,,,,no_text,78.0
249,7,auto,1375,325,1916,1025,1567,621,1689,744,0.435,235.1,True,TN03D9766,0.980,TN03D9766,accepted,208.7
250,7,auto,1375,325,1916,1024,1567,625,1688,720,0.693,223.5,True,,,,no_text,147.8
250,9,car,858,382,1109,557,907,495,966,515,0.534,223.5,True,,,,no_text,196.3
251,7,auto,1379,324,1917,1023,1571,623,1689,705,0.592,234.1,True,TN03D9766,0.953,TN03D9766,accepted,233.2
251,9,car,825,383,1097,567,881,506,950,528,0.584,234.1,True,,,,no_text,186.7
251,7,auto,1379,324,1917,1023,1567,622,1693,751,0.290,234.1,True,TN03D9766,0.962,TN03D9766,accepted,244.0
252,9,car,810,383,1089,572,869,507,936,531,0.614,228.8,True,TNAIARSE,0.613,,rejected,173.2
252,7,auto,1379,324,1916,1022,1571,624,1689,702,0.559,228.8,True,TN03D9766,0.986,TN03D9766,accepted,211.4
253,9,car,792,382,1083,579,852,509,924,536,0.628,231.9,True,,,,no_text,68.4
253,7,auto,1379,324,1917,1023,1572,625,1687,700,0.532,231.9,True,TN03D9766,0.989,TN03D9766,accepted,215.9
254,9,car,771,381,1075,586,831,515,904,541,0.616,229.6,True,TNATARD,0.738,,rejected,178.6
254,7,auto,1379,324,1917,1022,1571,626,1690,711,0.559,229.6,True,TN03D9766,0.988,TN03D9766,accepted,292.7
254,7,auto,1379,324,1917,1022,1568,624,1694,751,0.343,229.6,True,D9766LP,0.936,,rejected,178.1
255,7,auto,1380,323,1917,1022,1572,623,1692,708,0.656,237.2,True,TN03D9766,0.976,TN03D9766,accepted,194.1
255,9,car,750,381,1068,593,816,520,897,547,0.585,237.2,True,TN41AR0C,0.609,,rejected,188.0
255,7,auto,1380,323,1917,1022,1565,622,1695,749,0.297,237.2,True,TN03D9766,0.962,TN03D9766,accepted,247.1
256,7,auto,1378,322,1918,1022,1572,624,1688,704,0.608,227.4,True,TN03D9766,0.990,TN03D9766,accepted,238.7
256,9,car,727,380,1060,601,796,525,873,553,0.547,227.4,True,TN41ARD02,0.716,,rejected,174.4
257,9,car,678,381,1040,616,747,538,832,567,0.659,233.7,True,TN41ARD002,0.790,TN41ARD002,accepted,175.2
257,7,auto,1378,323,1918,1022,1571,626,1688,704,0.473,233.7,True,TN03D9766,0.984,TN03D9766,accepted,251.9
258,9,car,653,381,1032,626,719,542,808,575,0.612,239.5,True,TN41AR0082,0.852,TN41AR0082,accepted,171.4
258,7,auto,1380,323,1918,1022,1572,624,1687,702,0.534,239.5,True,TN03D9766,0.978,TN03D9766,accepted,247.9
259,9,car,621,381,1018,639,688,549,784,583,0.617,225.9,True,TN41AR0082,0.904,TN41AR0082,accepted,175.0
259,7,auto,1381,325,1918,1022,1573,624,1692,711,0.466,225.9,True,TN03D9766,0.988,TN03D9766,accepted,201.9
260,9,car,591,380,1005,650,662,559,758,594,0.598,228.7,True,TN41AR0082,0.901,TN41AR0082,accepted,174.4
260,7,auto,1382,323,1918,1022,1575,626,1687,702,0.347,228.7,True,TN03D9766,0.981,TN03D9766,accepted,202.6
261,9,car,367,378,935,729,446,615,565,655,0.670,234.3,True,TN41AR0082,0.917,TN41AR0082,accepted,174.4
261,7,auto,1390,325,1919,1026,1581,625,1697,705,0.367,234.3,True,TN03D9766,0.984,TN03D9766,accepted,196.7
262,9,car,300,376,918,751,387,630,510,670,0.632,231.1,True,IN41AR0082,0.952,TN41AR0082,accepted,175.3
262,7,auto,1389,325,1919,1027,1580,627,1695,701,0.353,231.1,True,TN03D9766,0.991,TN03D9766,accepted,201.5
263,9,car,228,377,894,771,316,645,446,690,0.754,231.7,True,TN41AR0082,0.940,TN41AR0082,accepted,175.7
263,7,auto,1388,324,1919,1027,1582,625,1695,700,0.258,231.7,True,TN03D9766,0.978,TN03D9766,accepted,202.4
264,9,car,150,375,869,798,234,668,372,713,0.771,233.9,True,TN41AR0082,0.910,TN41AR0082,accepted,179.5
265,9,car,55,373,846,837,141,689,289,741,0.789,235.2,True,TN41AR0082,0.976,TN41AR0082,accepted,172.8
266,9,car,0,370,819,873,28,714,188,765,0.730,247.2,True,TN41AR0082,0.804,TN41AR0082,accepted,178.8
267,7,auto,1394,326,1919,1029,1588,628,1696,700,0.465,239.3,True,TN03D9766,0.983,TN03D9766,accepted,235.1
269,7,auto,1392,321,1919,1027,1591,629,1693,694,0.275,225.4,True,TN03D9766,0.985,TN03D9766,accepted,190.7
270,7,auto,1391,325,1919,1027,1588,628,1695,697,0.363,218.0,True,TN03D9766,0.982,TN03D9766,accepted,230.3
272,7,auto,1393,322,1919,1025,1589,629,1697,698,0.372,231.0,True,TN03D9766,0.990,TN03D9766,accepted,190.9
273,7,auto,1391,320,1919,1025,1591,628,1695,695,0.365,223.8,True,TN03D9766,0.988,TN03D9766,accepted,234.5
274,7,auto,1390,324,1919,1027,1589,627,1694,695,0.386,228.3,True,TN03D9766,0.988,TN03D9766,accepted,234.2
275,7,auto,1395,324,1919,1026,1588,628,1701,706,0.386,227.6,True,TN03D9766,0.986,TN03D9766,accepted,186.8
276,7,auto,1391,322,1919,1027,1592,628,1696,696,0.381,231.6,True,TN03D9766,0.975,TN03D9766,accepted,239.0
277,7,auto,1391,323,1919,1029,1591,630,1694,696,0.322,227.5,True,TN03D9766,0.977,TN03D9766,accepted,211.2
278,7,auto,1391,323,1919,1030,1590,631,1695,696,0.349,228.7,True,TN03D9766,0.968,TN03D9766,accepted,238.0
279,7,auto,1390,320,1919,1025,1592,628,1696,693,0.364,230.1,True,TN03D9766,0.987,TN03D9766,accepted,190.6
280,7,auto,1391,324,1919,1028,1592,629,1695,694,0.409,241.3,True,TN03D9766,0.983,TN03D9766,accepted,236.4
281,7,auto,1393,322,1919,1027,1589,628,1700,702,0.445,230.7,True,TN03D9766,0.984,TN03D9766,accepted,238.2
282,7,auto,1392,322,1919,1027,1587,630,1697,704,0.258,226.5,True,TN03D9766,0.988,TN03D9766,accepted,236.0
285,7,auto,1393,320,1919,1026,1591,628,1697,696,0.495,224.2,True,TN03D9766,0.982,TN03D9766,accepted,234.9
286,7,auto,1392,320,1919,1026,1592,628,1695,695,0.339,230.3,True,TN03D9766,0.984,TN03D9766,accepted,235.4
287,7,auto,1395,321,1919,1027,1588,628,1701,708,0.268,227.4,True,TN03D9766,0.974,TN03D9766,accepted,188.5
289,7,auto,1395,322,1919,1028,1590,627,1701,705,0.498,223.2,True,TN03D9766,0.988,TN03D9766,accepted,232.3
290,7,auto,1393,325,1919,1029,1589,628,1695,699,0.325,215.8,True,TN03D9766,0.988,TN03D9766,accepted,231.9
299,7,auto,1395,324,1919,1027,1593,628,1697,697,0.339,225.2,True,TN03D9766,0.984,TN03D9766,accepted,187.6
299,10,auto,1395,324,1919,1027,1672,803,1785,872,0.271,225.2,True,,,,no_text,57.0
305,10,auto,1394,322,1918,1027,1698,823,1782,869,0.341,226.3,True,,,,no_text,52.0
310,10,auto,1392,321,1919,1028,1696,820,1781,870,0.358,232.0,True,,,,no_text,44.1
311,10,auto,1393,319,1919,1028,1695,820,1782,870,0.322,253.5,True,,,,no_text,52.2
312,7,auto,1397,323,1919,1028,1591,628,1695,697,0.297,232.0,True,TN03D9766,0.976,TN03D9766,accepted,234.9
314,10,auto,1393,320,1919,1025,1699,824,1782,869,0.286,224.0,True,,,,no_text,53.6
315,7,auto,1395,324,1919,1028,1589,630,1695,699,0.261,231.9,True,TN03D9766,0.979,TN03D9766,accepted,237.3
318,10,motorcycle,1395,318,1918,1024,1695,818,1782,870,0.250,226.8,True,,,,no_text,50.6
320,10,auto,1392,321,1918,1026,1692,817,1782,870,0.292,240.4,True,,,,no_text,48.4
323,10,auto,1396,322,1919,1026,1695,818,1778,869,0.327,224.7,True,,,,no_text,47.2
324,10,auto,1396,323,1919,1025,1690,813,1777,870,0.334,241.9,True,,,,no_text,44.1
325,10,auto,1394,320,1919,1026,1696,822,1781,870,0.300,236.1,True,,,,no_text,48.9
333,10,auto,1394,321,1918,1026,1694,820,1783,870,0.275,224.2,True,,,,no_text,51.9
334,10,auto,1394,320,1919,1026,1694,822,1781,870,0.373,225.7,True,,,,no_text,50.7
336,10,auto,1394,321,1919,1026,1694,820,1781,870,0.311,241.7,True,,,,no_text,49.9
337,10,auto,1395,322,1918,1027,1694,818,1781,870,0.275,231.2,True,,,,no_text,49.1
338,10,auto,1396,324,1918,1026,1689,813,1776,870,0.287,237.7,True,,,,no_text,47.0
340,10,auto,1396,320,1919,1026,1694,820,1779,870,0.314,230.0,True,,,,no_text,50.7
341,10,auto,1396,321,1919,1026,1696,822,1782,870,0.306,230.1,True,,,,no_text,53.5
343,10,motorcycle,1402,321,1918,1026,1691,812,1783,871,0.273,228.4,True,,,,no_text,50.2
344,10,auto,1393,321,1919,1026,1696,822,1785,870,0.286,243.8,True,,,,no_text,55.5
347,10,auto,1396,322,1918,1028,1696,822,1786,871,0.255,225.1,True,,,,no_text,53.2
349,10,auto,1394,320,1919,1025,1690,818,1782,870,0.294,220.1,True,,,,no_text,51.1
357,10,auto,1395,323,1919,1026,1693,821,1785,869,0.386,227.1,True,,,,no_text,54.9
358,10,auto,1397,323,1919,1028,1691,817,1780,870,0.289,242.9,True,,,,no_text,50.4
366,11,auto,1394,319,1919,1024,1591,628,1701,693,0.278,225.6,True,TN03D9766,0.990,TN03D9766,accepted,192.8
368,10,auto,1393,320,1919,1026,1694,817,1783,870,0.299,224.4,True,,,,no_text,46.8
369,10,auto,1392,320,1919,1026,1687,814,1779,870,0.282,219.7,True,,,,no_text,50.0
372,12,motorcycle,1164,423,1241,545,1144,428,1185,468,0.265,231.4,True,,,,no_text,40.0
373,11,auto,1392,329,1919,1030,1586,629,1696,698,0.347,241.0,True,TN03D9766,0.978,TN03D9766,accepted,191.7
374,11,auto,1394,331,1919,1031,1583,629,1694,702,0.336,229.0,True,TN03D9766,0.986,TN03D9766,accepted,196.6
375,11,auto,1391,329,1919,1033,1582,630,1698,714,0.275,230.7,True,TN03D9766,0.974,TN03D9766,accepted,185.7
376,11,auto,1393,328,1919,1030,1586,630,1697,698,0.512,247.1,True,TN03D9766,0.972,TN03D9766,accepted,237.0
377,11,auto,1392,330,1919,1032,1586,631,1696,700,0.257,231.3,True,TN03D9766,0.976,TN03D9766,accepted,237.0
378,11,auto,1397,330,1919,1029,1590,629,1695,697,0.492,229.2,True,TN03D9766,0.962,TN03D9766,accepted,232.6
379,11,auto,1396,329,1919,1031,1588,630,1699,702,0.420,234.8,True,TN03D9766,0.974,TN03D9766,accepted,237.4
380,11,auto,1392,332,1918,1034,1589,635,1706,711,0.322,228.2,True,TN03D9766,0.972,TN03D9766,accepted,191.5
381,11,auto,1395,333,1918,1033,1587,634,1694,698,0.376,232.6,True,TN03D9766,0.973,TN03D9766,accepted,199.3
382,11,auto,1393,332,1918,1032,1587,633,1696,700,0.370,232.7,True,TN03D9766,0.970,TN03D9766,accepted,237.9
383,11,auto,1394,332,1918,1033,1588,635,1698,699,0.311,229.9,True,TN03D9766,0.974,TN03D9766,accepted,198.7
384,11,auto,1393,329,1919,1031,1589,630,1698,701,0.471,251.1,True,TN03D9766,0.977,TN03D9766,accepted,235.7
385,11,auto,1392,331,1918,1034,1586,633,1703,705,0.394,225.7,True,TN03D9766,0.982,TN03D9766,accepted,236.1
386,11,auto,1392,333,1918,1034,1588,634,1705,706,0.350,229.1,True,TN03D9766,0.958,TN03D9766,accepted,192.5
387,11,auto,1391,332,1918,1034,1586,633,1702,704,0.404,230.6,True,TN03D9766,0.972,TN03D9766,accepted,238.3
388,11,auto,1400,331,1918,1032,1591,634,1700,699,0.545,230.2,True,TN03D9766,0.979,TN03D9766,accepted,241.2
389,11,auto,1398,330,1918,1032,1590,634,1703,700,0.473,230.8,True,TN03D9766,0.970,TN03D9766,accepted,239.4
390,11,auto,1396,330,1919,1032,1591,631,1698,699,0.388,228.7,True,TN03D9766,0.979,TN03D9766,accepted,237.4
391,11,auto,1394,330,1918,1031,1589,633,1703,700,0.379,230.5,True,TN03D9766,0.980,TN03D9766,accepted,194.9
391,12,car,1062,402,1143,499,1105,463,1160,498,0.363,230.5,True,,,,no_text,51.8
392,11,auto,1397,331,1918,1033,1587,630,1709,705,0.550,256.9,True,TN03D9766,0.972,TN03D9766,accepted,240.4
392,11,auto,1397,331,1918,1033,1582,624,1711,752,0.376,256.9,True,TN03D9766,0.942,TN03D9766,accepted,227.8
392,12,car,1059,402,1144,499,1107,458,1163,500,0.270,256.9,True,,,,no_text,48.8
393,11,auto,1402,330,1918,1031,1593,632,1706,699,0.576,238.8,True,TN03D9766,0.986,TN03D9766,accepted,238.4
394,11,auto,1402,333,1918,1035,1594,633,1712,706,0.608,231.7,True,TN03D9766,0.965,TN03D9766,accepted,191.0
394,11,auto,1402,333,1918,1035,1591,629,1715,755,0.441,231.7,True,TN03D9766,0.957,TN03D9766,accepted,265.4
395,11,auto,1401,329,1919,1033,1597,632,1707,698,0.522,224.1,True,TN03D9766,0.981,TN03D9766,accepted,237.4
396,11,auto,1401,330,1919,1034,1595,633,1711,705,0.608,230.0,True,TN03D9766,0.973,TN03D9766,accepted,237.9
396,11,auto,1401,330,1919,1034,1592,629,1716,756,0.525,230.0,True,TN0309766,0.921,TN03O9766,accepted,180.7
397,11,auto,1401,329,1919,1034,1596,633,1710,701,0.651,233.5,True,TN03D9766,0.970,TN03D9766,accepted,240.7
397,11,auto,1401,329,1919,1034,1594,630,1715,754,0.334,233.5,True,TN03D9766,0.949,TN03D9766,accepted,229.0
397,12,car,1018,395,1120,509,1090,460,1135,501,0.272,233.5,True,,,,no_text,41.6
398,11,auto,1405,329,1918,1034,1598,632,1711,701,0.634,242.2,True,TN03D9766,0.983,TN03D9766,accepted,236.5
398,11,auto,1405,329,1918,1034,1595,629,1716,753,0.369,242.2,True,TN03D9766,0.973,TN03D9766,accepted,230.3
399,11,auto,1404,330,1918,1036,1598,633,1711,700,0.498,229.6,True,TN03D9766,0.966,TN03D9766,accepted,196.4
399,12,car,1009,394,1112,519,1058,490,1110,512,0.261,229.6,True,,,,no_text,68.9
400,11,auto,1405,329,1918,1035,1596,631,1711,702,0.593,257.1,True,TN03D9766,0.984,TN03D9766,accepted,192.6
400,11,auto,1405,329,1918,1035,1594,629,1716,756,0.363,257.1,True,TN03D9766,0.952,TN03D9766,accepted,227.5
400,12,car,998,395,1105,516,1062,489,1110,513,0.296,257.1,True,,,,no_text,64.5
401,11,auto,1403,331,1919,1033,1597,632,1709,701,0.324,243.0,True,TN03D9766,0.979,TN03D9766,accepted,199.8
402,11,auto,1406,329,1919,1036,1600,634,1709,699,0.517,237.5,True,TN03D9766,0.975,TN03D9766,accepted,194.1
402,12,motorcycle,1008,449,1144,679,996,487,1049,516,0.350,237.5,True,,,,no_text,56.2
403,11,auto,1407,329,1920,1035,1601,628,1712,700,0.540,244.1,True,TN03D9766,0.982,TN03D9766,accepted,201.7
403,12,car,982,391,1116,524,1039,493,1092,518,0.297,244.1,True,,,,no_text,62.0
404,11,auto,1408,329,1919,1037,1601,630,1715,702,0.639,242.8,True,TN03D9766,0.987,TN03D9766,accepted,193.6
404,11,auto,1408,329,1919,1037,1600,627,1719,737,0.252,242.8,True,TN03,0.933,,rejected,146.8
405,11,auto,1408,331,1919,1036,1599,630,1716,702,0.606,236.5,True,TN03D9766,0.978,TN03D9766,accepted,233.6
406,11,auto,1404,327,1920,1036,1600,629,1713,699,0.501,227.8,True,TN03D9766,0.977,TN03D9766,accepted,190.6
406,12,motorcycle,968,461,1114,712,1004,557,1061,584,0.390,227.8,True,,,,no_text,61.6
407,11,auto,1408,329,1919,1035,1599,631,1716,704,0.620,243.5,True,TN03D9766,0.971,TN03D9766,accepted,241.0
407,11,auto,1408,329,1919,1035,1597,628,1721,749,0.292,243.5,True,TN03D9766,0.962,TN03D9766,accepted,227.4
408,11,auto,1407,329,1919,1036,1600,629,1715,703,0.680,243.8,True,TN03D9766,0.982,TN03D9766,accepted,194.4
408,12,motorcycle,943,457,1102,732,981,562,1036,591,0.379,243.8,True,,,,no_text,57.3
408,11,auto,1407,329,1919,1036,1598,625,1720,744,0.307,243.8,True,TN03D9766,0.975,TN03D9766,accepted,247.6
408,12,car,927,373,1114,537,992,504,1053,533,0.264,243.8,True,,,,no_text,59.4
409,11,auto,1406,328,1919,1037,1601,629,1713,698,0.628,246.5,True,TN03D9766,0.982,TN03D9766,accepted,194.7
409,12,motorcycle,902,470,1076,770,935,578,1004,613,0.511,246.5,True,,,,no_text,56.9
409,12,motorcycle,902,470,1076,770,938,584,1006,620,0.484,246.5,True,,,,no_text,72.5
410,11,auto,1405,328,1920,1037,1602,628,1711,697,0.589,243.9,True,TN03D9766,0.975,TN03D9766,accepted,189.5
410,12,motorcycle,890,463,1067,780,921,590,983,625,0.474,243.9,True,,,,no_text,55.8
411,11,auto,1404,327,1919,1037,1601,629,1712,700,0.673,240.9,True,TN03D9766,0.980,TN03D9766,accepted,192.2
411,12,motorcycle,865,469,1063,794,907,596,975,637,0.348,240.9,True,,,,no_text,50.9
411,12,motorcycle,865,469,1063,794,905,591,978,626,0.272,240.9,True,,,,no_text,89.0
412,11,auto,1405,328,1919,1036,1602,629,1711,700,0.679,259.1,True,TN03D9766,0.982,TN03D9766,accepted,198.5
412,12,motorcycle,851,478,1043,810,895,532,953,560,0.312,259.1,True,,,,no_text,61.3
412,12,motorcycle,851,478,1043,810,885,606,947,645,0.267,259.1,True,,,,no_text,65.7
413,11,auto,1409,329,1920,1034,1604,631,1715,699,0.615,243.1,True,TN03D9766,0.984,TN03D9766,accepted,193.2
413,12,motorcycle,829,480,1041,833,863,600,940,637,0.322,243.1,True,,,,no_text,164.2
414,11,auto,1412,328,1919,1033,1605,629,1718,701,0.672,241.2,True,TN03D9766,0.975,TN03D9766,accepted,197.5
415,11,auto,1414,329,1920,1034,1608,631,1719,703,0.628,232.8,True,TN03D9766,0.982,TN03D9766,accepted,244.5
415,12,motorcycle,778,487,1020,877,840,556,909,595,0.324,232.8,True,,,,no_text,52.4
415,13,motorcycle,1046,443,1177,639,1077,490,1133,519,0.251,232.8,True,,,,no_text,177.3
416,11,auto,1414,331,1917,1034,1610,633,1719,703,0.603,251.4,True,TN03D9766,0.965,TN03D9766,accepted,196.4
416,11,auto,1414,331,1917,1034,1604,628,1726,748,0.325,251.4,True,TN03D9766,0.944,TN03D9766,accepted,231.8
417,11,auto,1411,329,1919,1034,1612,632,1718,699,0.594,235.1,True,TN03D9766,0.929,TN03D9766,accepted,238.3
417,13,motorcycle,1038,446,1166,653,1068,499,1124,523,0.305,235.1,True,,,,no_text,64.2
417,12,motorcycle,722,503,1001,925,782,579,858,620,0.284,235.1,True,,,,no_text,75.0
417,11,auto,1411,329,1919,1034,1606,627,1726,746,0.261,235.1,True,TN03D9766,0.943,TN03D9766,accepted,294.7
418,11,auto,1412,329,1920,1033,1610,632,1715,699,0.542,226.0,True,TN03D9766,0.979,TN03D9766,accepted,238.3
418,13,motorcycle,1029,447,1162,660,1060,500,1122,526,0.269,226.0,True,,,,no_text,169.5
419,11,auto,1417,331,1918,1036,1613,634,1725,702,0.525,239.0,True,TN03D9766,0.940,TN03D9766,accepted,192.2
419,13,motorcycle,1024,448,1159,668,1058,507,1110,538,0.303,239.0,True,,,,no_text,53.8
420,11,auto,1417,330,1919,1034,1610,632,1725,702,0.589,241.2,True,TN03D9766,0.956,TN03D9766,accepted,195.0
420,13,motorcycle,1016,450,1160,675,1054,508,1111,540,0.354,241.2,True,,,,no_text,160.2
420,11,auto,1417,330,1919,1034,1607,624,1732,748,0.250,241.2,True,TN03D9766,0.959,TN03D9766,accepted,282.6
421,11,auto,1419,331,1919,1034,1612,631,1726,702,0.641,226.4,True,TN03D9766,0.978,TN03D9766,accepted,194.3
421,13,motorcycle,1012,453,1158,683,1044,510,1105,542,0.401,226.4,True,,,,no_text,58.2
421,11,auto,1419,331,1919,1034,1611,624,1732,735,0.400,226.4,True,TN03D9766,0.987,TN03D9766,accepted,206.1
422,11,auto,1419,330,1919,1034,1612,631,1727,703,0.629,233.2,True,TN03D9766,0.974,TN03D9766,accepted,238.8
422,13,motorcycle,1005,453,1156,690,1039,510,1100,544,0.519,233.2,True,,,,no_text,154.7
422,11,auto,1419,330,1919,1034,1610,624,1733,740,0.355,233.2,True,,,,no_text,159.0
423,11,auto,1418,327,1920,1034,1611,626,1729,705,0.649,238.8,True,TN03D9766,0.976,TN03D9766,accepted,194.9
423,13,motorcycle,995,452,1151,697,1033,512,1099,546,0.485,238.8,True,,,,no_text,60.0
423,13,motorcycle,995,452,1151,697,1033,581,1080,609,0.275,238.8,True,,,,no_text,73.8
423,11,auto,1418,327,1920,1034,1609,621,1734,743,0.264,238.8,True,,,,no_text,169.5
424,11,auto,1423,329,1920,1034,1615,628,1735,703,0.628,236.1,True,TN03D9766,0.969,TN03D9766,accepted,195.0
424,13,motorcycle,975,457,1141,714,1017,594,1069,631,0.430,236.1,True,,,,no_text,48.8
424,13,motorcycle,975,457,1141,714,1017,525,1078,552,0.391,236.1,True,,,,no_text,81.6
424,11,auto,1423,329,1920,1034,1613,622,1741,744,0.320,236.1,True,TN03D9766,0.973,TN03D9766,accepted,207.1
424,13,motorcycle,975,457,1141,714,1014,529,1076,558,0.311,236.1,True,,,,no_text,60.4
425,11,auto,1423,330,1919,1035,1614,630,1735,701,0.609,246.2,True,TN03D9766,0.974,TN03D9766,accepted,197.0
425,13,motorcycle,966,464,1133,724,1005,527,1072,562,0.513,246.2,True,,,,no_text,56.8
425,11,auto,1423,330,1919,1035,1614,623,1740,736,0.316,246.2,True,TN03D9766,0.965,TN03D9766,accepted,204.0
426,11,auto,1425,331,1918,1036,1614,630,1737,704,0.666,230.9,True,TN03D9766,0.968,TN03D9766,accepted,196.7
426,13,motorcycle,958,458,1134,733,995,532,1061,568,0.607,230.9,True,,,,no_text,56.0
426,11,auto,1425,331,1918,1036,1615,624,1741,733,0.504,230.9,True,TN03D9766,0.963,TN03D9766,accepted,204.5
427,11,auto,1423,330,1919,1034,1617,627,1737,702,0.595,232.7,True,TN03D9766,0.962,TN03D9766,accepted,192.5
427,13,motorcycle,950,465,1128,747,985,538,1052,570,0.486,232.7,True,,,,no_text,59.9
427,13,motorcycle,950,465,1128,747,989,613,1036,653,0.386,232.7,True,,,,no_text,59.2
427,12,car,516,388,927,677,572,581,619,611,0.253,232.7,True,23,0.993,,rejected,181.3
428,11,auto,1424,330,1919,1035,1619,627,1739,705,0.682,235.9,True,TN03D9766,0.963,TN03D9766,accepted,195.8
428,13,motorcycle,932,467,1119,758,971,537,1049,576,0.668,235.9,True,,,,no_text,168.0
428,12,car,449,386,910,699,501,590,574,626,0.622,235.9,True,7F3523,0.961,,rejected,176.7
428,11,auto,1424,330,1919,1035,1618,623,1744,739,0.435,235.9,True,TN03D9766,0.932,TN03D9766,accepted,194.9
428,13,motorcycle,932,467,1119,758,977,623,1030,660,0.346,235.9,True,,,,no_text,50.6
429,12,car,388,388,891,717,420,602,525,638,0.715,240.4,True,TW370F3523,0.972,,rejected,171.7
429,11,auto,1428,329,1920,1036,1618,629,1740,707,0.627,240.4,True,TN03D9766,0.974,TN03D9766,accepted,207.2
429,13,motorcycle,926,473,1113,772,963,547,1034,582,0.506,240.4,True,,,,no_text,59.6
429,11,auto,1428,329,1920,1036,1619,624,1745,737,0.343,240.4,True,,,,no_text,168.0
430,12,car,293,390,868,732,356,615,467,647,0.725,235.3,True,TN370F3523,0.939,TN37OF3523,accepted,181.5
430,13,motorcycle,911,473,1108,783,948,552,1023,590,0.625,235.3,True,,,,no_text,66.7
430,11,auto,1426,328,1919,1034,1619,627,1737,700,0.601,235.3,True,TN03D9766,0.958,TN03D9766,accepted,220.9
431,12,car,212,389,846,751,289,628,404,662,0.795,230.1,True,TH370F3523,0.903,TN37OF3523,accepted,179.7
431,13,motorcycle,897,466,1103,802,941,557,1006,597,0.711,230.1,True,,,,no_text,167.5
431,11,auto,1428,328,1919,1035,1620,625,1738,704,0.606,230.1,True,TN03D9766,0.976,TN03D9766,accepted,205.2
432,12,car,140,391,822,774,214,646,338,680,0.734,230.0,True,TN370F3523,0.911,TN37OF3523,accepted,176.3
432,13,motorcycle,881,472,1100,815,922,563,995,601,0.625,230.0,True,100151,0.821,,rejected,215.8
432,11,auto,1427,327,1920,1035,1621,626,1738,702,0.581,230.0,True,TN03D9766,0.972,TN03D9766,accepted,191.6
433,12,car,58,391,796,802,132,663,262,700,0.732,226.0,True,TN37LF3523,0.851,TN37LF3523,accepted,182.6
433,11,auto,1427,326,1920,1035,1622,628,1740,700,0.696,226.0,True,TN03D9766,0.974,TN03D9766,accepted,204.6
433,13,motorcycle,858,477,1091,839,904,576,983,614,0.641,226.0,True,INJOS,0.589,,rejected,164.3
434,12,car,2,393,771,836,33,685,166,723,0.750,234.3,True,TH970F3523,0.695,TN97OF3523,accepted,179.6
434,11,auto,1429,326,1919,1037,1625,628,1738,699,0.661,234.3,True,TN03D9766,0.988,TN03D9766,accepted,211.6
434,13,motorcycle,839,482,1084,860,887,585,970,623,0.600,234.3,True,SINIOBY5351,0.728,TN1OBY5351,accepted,210.2
435,12,car,0,392,734,867,0,708,62,755,0.631,230.0,True,3523,0.838,,rejected,145.8
435,13,motorcycle,819,477,1072,884,862,593,949,639,0.592,230.0,True,DUNIOBY5351,0.706,,rejected,212.4
435,11,auto,1427,328,1919,1038,1627,631,1741,700,0.504,230.0,True,TN03D9766,0.989,TN03D9766,accepted,239.8
436,13,motorcycle,792,487,1066,903,840,603,933,648,0.656,225.7,True,DTNIOBY5351,0.799,TN1OBY5351,accepted,201.6
436,11,auto,1423,326,1920,1038,1628,630,1739,697,0.588,225.7,True,TN03D9766,0.987,TN03D9766,accepted,195.2
437,13,motorcycle,767,491,1058,937,817,611,913,663,0.621,227.6,True,TN10BY5351,0.816,TN10BY5351,accepted,197.5
437,11,auto,1425,328,1920,1038,1630,629,1739,697,0.461,227.6,True,TN03D9766,0.984,TN03D9766,accepted,197.1
438,13,motorcycle,740,496,1048,962,790,632,885,678,0.639,231.8,True,TN10BY5351,0.874,TN10BY5351,accepted,201.4
438,11,auto,1430,328,1920,1039,1634,631,1742,698,0.377,231.8,True,TN03D9766,0.973,TN03D9766,accepted,195.5
439,13,motorcycle,700,500,1041,995,760,646,857,693,0.580,227.1,True,TN108Y5351,0.865,TN1OBY5351,accepted,273.1
440,13,motorcycle,664,502,1028,1031,720,654,827,713,0.587,244.5,True,TN1OBY5351,0.844,TN1OBY5351,accepted,199.9
440,11,auto,1435,330,1920,1037,1636,631,1743,697,0.352,244.5,True,TN03D9766,0.979,TN03D9766,accepted,200.3
441,11,auto,1438,328,1920,1038,1636,628,1755,701,0.549,224.9,True,TN03D9766,0.971,TN03D9766,accepted,191.3
441,13,motorcycle,569,502,990,1078,642,696,749,761,0.412,224.9,True,TH10BY5351,0.861,TN10BY5351,accepted,196.0
442,13,motorcycle,508,535,959,1080,582,721,698,792,0.522,226.0,True,TH108Y5351,0.916,TN1OBY5351,accepted,191.0
442,11,auto,1438,328,1920,1038,1638,627,1757,704,0.470,226.0,True,TN03D9766,0.975,TN03D9766,accepted,193.9
443,13,motorcycle,439,540,934,1078,522,748,645,822,0.681,223.5,True,TH108Y5351,0.887,TN1OBY5351,accepted,197.0
444,13,motorcycle,348,552,900,1078,439,783,573,861,0.519,226.9,True,TH108Y5351,0.911,TN1OBY5351,accepted,201.2
445,13,motorcycle,236,580,872,1078,339,821,484,908,0.410,223.5,True,TH108Y5351,0.894,TN1OBY5351,accepted,193.7
445,11,auto,1444,326,1920,1038,1638,627,1761,704,0.363,223.5,True,TN03D9766,0.981,TN03D9766,accepted,195.2
446,11,auto,1445,328,1919,1040,1640,627,1762,703,0.478,232.4,True,TN03D9766,0.979,TN03D9766,accepted,192.0
446,13,motorcycle,120,600,825,1079,206,873,382,966,0.462,232.4,True,TK108Y5351,0.806,KL0BY5351,accepted,201.8
447,11,auto,1446,328,1919,1040,1639,628,1761,704,0.528,227.5,True,TN03D9766,0.980,TN03D9766,accepted,193.4
449,11,auto,1445,327,1919,1040,1643,630,1756,702,0.448,232.5,True,TN03D9766,0.974,TN03D9766,accepted,237.6
450,11,auto,1447,328,1920,1039,1643,628,1757,701,0.292,217.1,True,TN03D9766,0.988,TN03D9766,accepted,191.2
450,14,auto,1447,328,1920,1039,1839,729,1919,775,0.270,217.1,True,LPG,0.988,,rejected,162.4
451,11,auto,1444,325,1919,1040,1642,627,1758,704,0.271,237.3,True,TN03D9766,0.980,TN03D9766,accepted,188.7
453,11,auto,1445,329,1920,1040,1642,627,1759,705,0.329,229.2,True,TN03D9766,0.976,TN03D9766,accepted,188.7
458,11,auto,1444,327,1920,1040,1639,628,1757,704,0.273,217.4,True,TN03D9766,0.978,TN03D9766,accepted,237.9
459,11,auto,1442,328,1919,1040,1639,626,1761,707,0.391,228.7,True,TN03D9766,0.966,TN03D9766,accepted,188.4
461,11,auto,1445,327,1920,1040,1638,626,1760,710,0.378,219.3,True,TN03D9766,0.969,TN03D9766,accepted,187.7
462,11,auto,1444,327,1920,1040,1637,625,1761,712,0.345,217.2,True,TN03D9766,0.982,TN03D9766,accepted,189.4
464,11,auto,1446,326,1920,1040,1639,626,1760,708,0.319,229.2,True,TN03D9766,0.961,TN03D9766,accepted,218.9
465,11,auto,1445,327,1920,1040,1639,627,1760,707,0.392,226.0,True,TN03D9766,0.982,TN03D9766,accepted,179.1
466,11,auto,1444,328,1919,1040,1639,627,1761,707,0.259,237.0,True,TN03D9766,0.983,TN03D9766,accepted,182.9
467,11,auto,1444,327,1920,1040,1639,627,1760,706,0.406,237.3,True,TN03D9766,0.970,TN03D9766,accepted,210.7
468,11,auto,1444,326,1920,1039,1640,628,1759,705,0.456,227.2,True,TN03D9766,0.978,TN03D9766,accepted,234.5
468,11,auto,1444,326,1920,1039,1633,624,1766,757,0.259,227.2,True,TN03D9766FLP,0.816,,rejected,272.3
469,11,auto,1445,323,1920,1039,1639,628,1756,706,0.499,228.5,True,TN03D9766,0.976,TN03D9766,accepted,237.2
469,11,auto,1445,323,1920,1039,1632,625,1761,757,0.317,228.5,True,TN03D9766,0.953,TN03D9766,accepted,189.4
470,11,auto,1446,326,1920,1040,1639,628,1755,706,0.406,231.4,True,TN03D9766,0.974,TN03D9766,accepted,234.6
471,11,auto,1445,327,1920,1040,1638,626,1758,711,0.485,222.9,True,TN03D9766,0.986,TN03D9766,accepted,189.4
471,11,auto,1445,327,1920,1040,1629,620,1764,757,0.298,222.9,True,TN03D9766,0.933,TN03D9766,accepted,184.7
472,11,auto,1443,328,1920,1040,1639,627,1759,708,0.314,230.9,True,TN03D9766,0.980,TN03D9766,accepted,273.8
473,11,auto,1445,327,1920,1041,1637,626,1759,711,0.457,225.0,True,TN03D9766,0.985,TN03D9766,accepted,188.0
473,11,auto,1445,327,1920,1041,1628,619,1765,757,0.300,225.0,True,TN03D9766,0.946,TN03D9766,accepted,185.6
474,11,auto,1444,327,1920,1041,1637,627,1758,711,0.317,241.1,True,TN03D9766,0.961,TN03D9766,accepted,190.5
475,11,auto,1444,326,1920,1039,1635,628,1756,708,0.290,229.3,True,TN03D9766,0.973,TN03D9766,accepted,190.4
476,11,auto,1446,327,1920,1040,1636,627,1757,711,0.353,226.3,True,TN03D9766,0.985,TN03D9766,accepted,230.8
477,11,auto,1444,327,1920,1040,1636,628,1756,709,0.372,226.6,True,TN03D9766,0.985,TN03D9766,accepted,232.9
478,11,auto,1445,327,1920,1039,1626,623,1761,756,0.497,230.6,True,TN03D9766,0.910,TN03D9766,accepted,272.7
478,11,auto,1445,327,1920,1039,1637,626,1757,729,0.367,230.6,True,TN03D9766,0.940,TN03D9766,accepted,181.1
478,11,auto,1445,327,1920,1039,1598,605,1766,758,0.258,230.6,True,,,,no_text,149.6
479,11,auto,1443,327,1920,1039,1638,629,1758,709,0.453,237.0,True,TN03D9766,0.985,TN03D9766,accepted,187.9
479,11,auto,1443,327,1920,1039,1630,624,1764,758,0.322,237.0,True,TN03D9766ELPO,0.876,,rejected,348.6
480,11,auto,1442,323,1919,1039,1637,628,1753,702,0.435,221.3,True,TN03D9766,0.956,TN03D9766,accepted,234.9
481,11,auto,1443,327,1919,1039,1628,624,1762,756,0.252,221.5,True,TN03D9766,0.923,TN03D9766,accepted,227.1
482,15,car,1046,398,1208,514,1084,470,1124,488,0.408,221.4,True,,,,no_text,59.1
482,11,auto,1445,328,1920,1039,1635,627,1757,710,0.370,221.4,True,TN03D9766,0.969,TN03D9766,accepted,213.5
483,11,auto,1445,323,1919,1038,1641,625,1754,699,0.572,223.9,True,TN03D9766,0.981,TN03D9766,accepted,191.3
483,15,car,1040,396,1206,515,1077,469,1120,487,0.512,223.9,True,,,,no_text,66.9
484,11,auto,1444,323,1919,1039,1642,626,1752,698,0.553,232.7,True,TN03D9766,0.970,TN03D9766,accepted,191.9
484,15,car,1033,397,1201,518,1071,474,1114,489,0.276,232.7,True,,,,no_text,182.2
485,11,auto,1444,322,1919,1038,1640,624,1754,699,0.595,229.1,True,TN03D9766,0.984,TN03D9766,accepted,194.9
485,15,car,1022,396,1196,519,1061,471,1108,487,0.524,229.1,True,,,,no_text,75.8
486,11,auto,1444,322,1919,1037,1642,624,1755,699,0.593,231.0,True,TN03D9766,0.991,TN03D9766,accepted,182.6
486,15,car,1013,397,1191,522,1052,477,1096,492,0.322,231.0,True,,,,no_text,183.9
487,11,auto,1443,324,1919,1038,1641,626,1753,700,0.563,227.1,True,TN03D9766,0.974,TN03D9766,accepted,192.1
487,15,car,1004,398,1186,525,1045,478,1092,497,0.360,227.1,True,,,,no_text,67.7
488,15,car,994,396,1182,527,1038,478,1087,496,0.594,233.8,True,,,,no_text,65.7
488,11,auto,1444,323,1919,1037,1641,625,1755,699,0.544,233.8,True,TN03D9766,0.978,TN03D9766,accepted,216.7
489,11,auto,1442,323,1919,1037,1639,624,1758,703,0.620,224.2,True,TN03D9766,0.978,TN03D9766,accepted,195.5
489,15,car,987,397,1179,531,1028,479,1076,502,0.482,224.2,True,,,,no_text,64.1
490,11,auto,1442,322,1919,1035,1637,623,1763,709,0.551,234.9,True,TN03D9766,0.966,TN03D9766,accepted,186.2
490,15,car,976,394,1174,533,1019,479,1072,502,0.481,234.9,True,,,,no_text,171.2
491,15,car,964,393,1171,535,1007,483,1059,504,0.615,230.4,True,,,,no_text,207.5
492,15,car,956,395,1166,540,996,489,1051,507,0.628,239.0,True,,,,no_text,176.6
492,11,auto,1446,321,1919,1036,1641,623,1763,705,0.427,239.0,True,TN03D9766,0.983,TN03D9766,accepted,207.7
493,15,car,942,394,1161,543,988,490,1047,507,0.627,225.1,True,,,,no_text,200.0
493,11,auto,1449,319,1919,1036,1645,625,1761,699,0.285,225.1,True,TN03D9766,0.974,TN03D9766,accepted,246.4
494,15,car,932,394,1158,547,976,493,1034,511,0.668,234.8,True,,,,no_text,179.8
494,11,auto,1450,317,1919,1038,1646,625,1764,700,0.318,234.8,True,TN03D9766,0.981,TN03D9766,accepted,198.2
495,15,car,915,396,1152,553,965,495,1021,514,0.636,224.3,True,,,,no_text,172.5
495,11,auto,1448,317,1919,1038,1648,624,1766,701,0.438,224.3,True,TN03D9766,0.980,TN03D9766,accepted,202.9
496,15,car,905,394,1146,555,950,498,1009,519,0.668,225.4,True,,,,no_text,172.9
496,11,auto,1448,317,1919,1036,1648,619,1770,703,0.267,225.4,True,TN03D9766,0.978,TN03D9766,accepted,204.2
497,15,car,890,395,1138,559,937,501,999,523,0.628,226.5,True,TEGTNTOKRS,0.608,,rejected,170.9
497,11,auto,1450,316,1919,1035,1651,622,1768,703,0.574,226.5,True,TN03D9766,0.981,TN03D9766,accepted,199.4
498,15,car,875,395,1133,562,922,505,983,528,0.654,224.0,True,,,,no_text,180.8
498,11,auto,1451,316,1919,1034,1653,625,1769,700,0.479,224.0,True,TN03D9766,0.985,TN03D9766,accepted,243.3
499,15,car,858,392,1126,568,906,508,970,531,0.699,232.0,True,O978535,0.591,,rejected,178.9
499,11,auto,1451,317,1919,1035,1656,626,1768,699,0.409,232.0,True,TN03D9766,0.981,TN03D9766,accepted,205.5
500,15,car,840,392,1116,573,892,510,957,534,0.748,228.2,True,8535,0.792,,rejected,213.4
500,11,auto,1453,317,1919,1035,1657,627,1766,697,0.370,228.2,True,TN03D9766,0.985,TN03D9766,accepted,195.5
501,15,car,820,391,1109,579,872,516,938,537,0.704,223.2,True,C978535,0.573,,rejected,176.8
501,11,auto,1456,316,1919,1034,1659,627,1769,695,0.333,223.2,True,TN03D9766,0.986,TN03D9766,accepted,199.6
502,15,car,797,392,1099,586,851,520,916,544,0.763,224.0,True,TH09T8635,0.755,TN09T8635,accepted,170.9
502,16,auto,1457,315,1919,1034,1842,628,1919,774,0.265,224.0,True,,,,no_text,58.5
503,15,car,773,392,1091,594,829,526,901,552,0.661,242.6,True,TH09T0635,0.652,TN09T0635,accepted,175.3
503,11,auto,1460,316,1919,1034,1659,624,1773,700,0.279,242.6,True,TN03D9766,0.979,TN03D9766,accepted,255.8
504,15,car,721,390,1068,609,780,535,858,564,0.757,224.7,True,T09T8635,0.770,,rejected,169.8
505,15,car,661,392,1041,628,719,553,802,580,0.695,232.1,True,TH093T8535,0.801,,rejected,175.6
506,15,car,623,392,1028,641,684,558,771,588,0.709,230.1,True,TH09BT8535,0.742,TN09BT8535,accepted,175.1
507,15,car,581,392,1012,655,639,568,735,599,0.641,231.1,True,TH09BT8635,0.865,TN09BT8635,accepted,179.6
507,11,auto,1461,315,1918,1032,1657,626,1772,698,0.324,231.1,True,TN03D9766,0.955,TN03D9766,accepted,204.6
508,15,car,536,392,996,668,599,578,695,610,0.722,222.9,True,TH09BT8535,0.774,TN09BT8535,accepted,178.1
508,11,auto,1461,315,1919,1033,1657,626,1772,696,0.339,222.9,True,TN03D9766,0.978,TN03D9766,accepted,205.5
508,16,auto,1461,315,1919,1033,1844,631,1919,774,0.306,222.9,True,,,,no_text,33.6
509,15,car,488,391,980,685,552,591,651,622,0.703,236.7,True,TH09BT8535,0.804,TN09BT8535,accepted,178.1
509,11,auto,1461,316,1919,1034,1659,625,1771,700,0.417,236.7,True,TN03D9766,0.987,TN03D9766,accepted,201.6
510,15,car,435,392,960,702,496,602,604,636,0.716,226.1,True,TH09BT8535,0.850,TN09BT8535,accepted,175.9
511,15,car,381,393,939,721,436,613,545,651,0.620,232.6,True,T093T8535,0.712,,rejected,173.8
512,15,car,310,390,918,741,368,632,483,668,0.752,231.1,True,T033T8535,0.709,,rejected,179.6
513,15,car,230,392,890,763,286,649,410,690,0.747,229.8,True,TH03T0535,0.532,TN03T0535,accepted,173.0
514,15,car,139,391,866,792,193,668,321,712,0.801,229.2,True,,,,no_text,175.5
515,15,car,39,389,836,823,85,693,219,738,0.770,235.2,True,,,,no_text,180.7
516,15,car,0,391,805,853,0,721,100,773,0.764,224.6,True,,,,no_text,158.3
516,11,auto,1462,317,1919,1031,1657,625,1772,696,0.316,224.6,True,TN03D9766,0.969,TN03D9766,accepted,196.5
517,11,auto,1465,318,1919,1032,1658,620,1779,708,0.353,224.6,True,TN03D9766,0.964,TN03D9766,accepted,182.6
518,11,auto,1464,318,1919,1033,1659,624,1774,700,0.337,223.0,True,TN03D9766,0.982,TN03D9766,accepted,185.6
519,11,auto,1463,317,1919,1033,1656,624,1773,699,0.440,227.8,True,TN03D9766,0.986,TN03D9766,accepted,191.1
519,16,auto,1463,317,1919,1033,1844,632,1919,775,0.296,227.8,True,,,,no_text,32.7
520,16,auto,1462,318,1919,1033,1847,631,1919,766,0.504,236.4,True,,,,no_text,31.6
520,11,auto,1462,318,1919,1033,1657,624,1771,702,0.437,236.4,True,TN03D9766,0.987,TN03D9766,accepted,251.7
521,16,auto,1462,317,1919,1033,1844,631,1919,770,0.403,222.9,True,,,,no_text,34.0
521,11,auto,1462,317,1919,1033,1656,623,1771,702,0.402,222.9,True,TN03D9766,0.976,TN03D9766,accepted,250.9
522,11,auto,1463,319,1919,1034,1660,624,1775,703,0.374,221.6,True,TN03D9766,0.980,TN03D9766,accepted,234.2
523,11,auto,1462,318,1919,1033,1657,622,1774,700,0.533,219.8,True,TN03D9766,0.962,TN03D9766,accepted,181.9
524,11,auto,1461,319,1919,1034,1662,622,1777,699,0.293,228.6,True,TN03D9766,0.973,TN03D9766,accepted,188.8
525,11,auto,1459,321,1919,1036,1658,625,1777,710,0.465,231.2,True,,,,no_text,146.4
526,11,auto,1460,318,1919,1034,1657,624,1771,702,0.377,231.3,True,TN03D9766,0.988,TN03D9766,accepted,232.8
526,16,auto,1460,318,1919,1034,1844,631,1919,768,0.316,231.3,True,,,,no_text,134.1
527,11,auto,1459,318,1919,1035,1657,623,1773,702,0.402,227.1,True,TN03D9766,0.978,TN03D9766,accepted,226.1
527,16,auto,1459,318,1919,1035,1843,631,1920,770,0.255,227.1,True,,,,no_text,33.0
528,11,auto,1459,317,1919,1036,1658,623,1773,703,0.427,234.6,True,TN03D9766,0.985,TN03D9766,accepted,237.2
529,11,auto,1456,317,1919,1036,1658,623,1772,702,0.323,223.8,True,TN03D9766,0.981,TN03D9766,accepted,230.0
529,16,auto,1456,317,1919,1036,1845,629,1919,766,0.282,223.8,True,,,,no_text,133.9
530,11,auto,1458,317,1919,1035,1658,624,1773,700,0.387,233.7,True,TN03D9766,0.988,TN03D9766,accepted,187.9
531,11,auto,1458,318,1919,1035,1659,626,1772,702,0.450,227.0,True,TN03D9766,0.982,TN03D9766,accepted,187.4
531,16,auto,1458,318,1919,1035,1846,630,1919,767,0.291,227.0,True,,,,no_text,36.9
532,11,auto,1458,319,1919,1035,1659,627,1772,701,0.421,233.8,True,TN03D9766,0.975,TN03D9766,accepted,190.6
532,16,auto,1458,319,1919,1035,1846,631,1919,767,0.297,233.8,True,,,,no_text,32.5
533,11,auto,1459,317,1919,1033,1657,625,1772,699,0.371,233.6,True,TN03D9766,0.982,TN03D9766,accepted,230.1
534,11,auto,1457,316,1919,1035,1657,620,1778,711,0.488,222.3,True,TN03D9766,0.972,TN03D9766,accepted,186.0
535,11,auto,1460,319,1919,1035,1659,624,1774,702,0.466,229.1,True,TN03D9766,0.980,TN03D9766,accepted,185.0
536,11,auto,1460,319,1919,1034,1658,623,1777,708,0.490,231.1,True,TN03D9766,0.941,TN03D9766,accepted,188.9
537,11,auto,1459,317,1919,1035,1657,621,1777,705,0.506,232.2,True,TN03D9766,0.978,TN03D9766,accepted,191.6
538,11,auto,1459,316,1919,1034,1657,620,1780,708,0.435,227.0,True,TN03D9766,0.989,TN03D9766,accepted,191.8
539,11,auto,1460,318,1919,1034,1657,621,1779,705,0.506,226.1,True,TN03D9766,0.963,TN03D9766,accepted,185.6
540,11,auto,1460,317,1919,1033,1659,627,1772,696,0.307,224.8,True,TN03D9766,0.982,TN03D9766,accepted,236.6
541,11,auto,1459,317,1919,1032,1657,624,1775,700,0.336,221.1,True,TN03D9766,0.976,TN03D9766,accepted,231.5
542,11,auto,1458,317,1919,1033,1657,620,1779,710,0.500,222.7,True,,,,no_text,147.7
543,11,auto,1460,317,1919,1036,1663,624,1779,704,0.498,229.9,True,TN03D9766,0.991,TN03D9766,accepted,187.4
544,11,auto,1460,319,1919,1034,1660,625,1773,700,0.501,224.3,True,TN03D9766,0.986,TN03D9766,accepted,232.9
545,11,auto,1461,318,1919,1033,1662,624,1776,698,0.520,224.9,True,TN03D9766,0.947,TN03D9766,accepted,234.8
546,11,auto,1460,319,1919,1035,1657,619,1780,711,0.515,224.7,True,N03,0.575,,rejected,152.8
547,11,auto,1460,319,1919,1033,1657,623,1773,699,0.420,233.6,True,TN03D9766,0.981,TN03D9766,accepted,235.4
548,11,auto,1459,318,1919,1034,1656,623,1772,699,0.379,221.3,True,TN03D9766,0.982,TN03D9766,accepted,235.3
548,16,auto,1459,318,1919,1034,1843,632,1919,775,0.275,221.3,True,,,,no_text,32.3
549,11,auto,1459,318,1919,1035,1657,622,1775,704,0.474,234.0,True,TN03D9766,0.973,TN03D9766,accepted,185.3
550,11,auto,1461,317,1919,1035,1656,620,1778,714,0.538,221.2,True,,,,no_text,186.2
551,11,auto,1460,318,1919,1034,1658,623,1772,702,0.412,221.3,True,TN03D9766,0.984,TN03D9766,accepted,232.1
552,11,auto,1459,317,1918,1035,1656,624,1770,703,0.497,222.9,True,TN03D9766,0.978,TN03D9766,accepted,232.4
552,16,auto,1459,317,1918,1035,1844,632,1919,769,0.355,222.9,True,,,,no_text,33.4
553,11,auto,1457,319,1919,1035,1655,625,1773,712,0.487,231.7,True,TN03D9766,0.977,TN03D9766,accepted,187.3
554,11,auto,1456,318,1919,1035,1656,627,1769,700,0.462,230.0,True,TN03D9766,0.987,TN03D9766,accepted,235.1
555,11,auto,1459,319,1919,1036,1655,625,1772,705,0.604,224.2,True,TN03D9766,0.971,TN03D9766,accepted,232.8
556,11,auto,1457,318,1919,1035,1655,625,1774,709,0.626,218.7,True,TN03D9766,0.987,TN03D9766,accepted,186.3
557,11,auto,1456,318,1919,1035,1655,625,1773,708,0.652,227.5,True,TN03D9766,0.984,TN03D9766,accepted,183.8
558,11,auto,1456,320,1919,1036,1655,623,1774,702,0.646,222.0,True,TN03D9766,0.958,TN03D9766,accepted,202.8
559,11,auto,1456,320,1919,1038,1655,624,1773,702,0.624,238.0,True,TN03D9766,0.978,TN03D9766,accepted,233.8
560,11,auto,1457,317,1919,1037,1654,622,1775,710,0.609,222.5,True,TN03D9766,0.983,TN03D9766,accepted,189.3
560,11,auto,1457,317,1919,1037,1647,619,1779,753,0.295,222.5,True,TN03D9766,0.964,TN03D9766,accepted,272.2
561,11,auto,1458,317,1919,1037,1655,625,1774,711,0.640,217.9,True,TN03D9766,0.986,TN03D9766,accepted,182.5
561,11,auto,1458,317,1919,1037,1648,621,1778,752,0.317,217.9,True,TN03D9766,0.967,TN03D9766,accepted,232.7
562,11,auto,1456,319,1919,1037,1655,622,1776,710,0.616,223.9,True,TN03D9766,0.978,TN03D9766,accepted,186.0
562,11,auto,1456,319,1919,1037,1650,619,1780,754,0.263,223.9,True,TN03D9766,0.919,TN03D9766,accepted,226.3
563,11,auto,1456,317,1919,1037,1654,622,1774,710,0.671,223.5,True,TN03D9766,0.978,TN03D9766,accepted,186.4
563,16,auto,1456,317,1919,1037,1847,635,1920,764,0.409,223.5,True,,,,no_text,34.0
563,11,auto,1456,317,1919,1037,1648,618,1778,755,0.355,223.5,True,TN03D9766,0.944,TN03D9766,accepted,288.2
564,11,auto,1449,322,1919,1039,1652,621,1773,709,0.636,221.6,True,TN03D9766,0.964,TN03D9766,accepted,186.8
564,11,auto,1449,322,1919,1039,1646,618,1778,757,0.411,221.6,True,,,,no_text,146.2
565,11,auto,1456,321,1919,1038,1654,619,1777,714,0.668,229.0,True,TN03D9766,0.963,TN03D9766,accepted,183.3
565,11,auto,1456,321,1919,1038,1645,618,1780,756,0.454,229.0,True,,,,no_text,182.8
565,16,auto,1456,321,1919,1038,1849,634,1920,765,0.334,229.0,True,,,,no_text,137.4
566,11,auto,1456,318,1919,1038,1655,618,1777,714,0.699,229.9,True,TN03D9766,0.972,TN03D9766,accepted,185.1
566,16,auto,1456,318,1919,1038,1848,634,1920,764,0.487,229.9,True,,,,no_text,135.7
566,11,auto,1456,318,1919,1038,1646,618,1780,756,0.442,229.9,True,,,,no_text,280.5
567,11,auto,1453,321,1919,1038,1656,620,1776,707,0.661,220.7,True,TN03D9766,0.982,TN03D9766,accepted,186.9
567,11,auto,1453,321,1919,1038,1648,618,1779,756,0.400,220.7,True,TN03D9766,0.946,TN03D9766,accepted,184.1
567,16,auto,1453,321,1919,1038,1848,634,1920,764,0.342,220.7,True,20,0.667,,rejected,135.7
568,11,auto,1454,321,1919,1039,1654,620,1777,713,0.674,227.3,True,TN03D9766,0.981,TN03D9766,accepted,184.8
568,11,auto,1454,321,1919,1039,1646,618,1779,757,0.466,227.3,True,,,,no_text,227.2
568,16,auto,1454,321,1919,1039,1848,634,1920,772,0.325,227.3,True,54202,0.983,,rejected,175.7
569,11,auto,1455,321,1919,1038,1656,618,1776,718,0.662,224.6,True,TN03D9766,0.963,TN03D9766,accepted,180.4
569,11,auto,1455,321,1919,1038,1647,617,1780,757,0.481,224.6,True,,,,no_text,181.9
569,16,auto,1455,321,1919,1038,1856,633,1920,759,0.415,224.6,True,,,,no_text,32.7
570,11,auto,1461,326,1920,1037,1657,625,1776,712,0.634,240.6,True,TN03D9766,0.978,TN03D9766,accepted,186.4
570,11,auto,1461,326,1920,1037,1652,621,1780,757,0.449,240.6,True,TN0309766,0.909,TN03O9766,accepted,228.1
571,11,auto,1462,325,1920,1038,1656,624,1775,713,0.643,222.9,True,TN03D9766,0.980,TN03D9766,accepted,182.8
571,11,auto,1462,325,1920,1038,1652,620,1780,757,0.445,222.9,True,,,,no_text,141.4
571,16,auto,1462,325,1920,1038,1847,637,1920,772,0.286,222.9,True,,,,no_text,39.0
572,11,auto,1455,326,1920,1039,1657,624,1777,715,0.566,236.6,True,TN03D9766,0.961,TN03D9766,accepted,183.6
572,11,auto,1455,326,1920,1039,1650,621,1781,758,0.431,236.6,True,TN03D9766,0.929,TN03D9766,accepted,264.3
573,11,auto,1451,321,1919,1038,1655,624,1772,708,0.650,221.7,True,TN03D9766,0.978,TN03D9766,accepted,185.3
573,11,auto,1451,321,1919,1038,1651,619,1778,757,0.332,221.7,True,,,,no_text,143.4
573,16,auto,1451,321,1919,1038,1859,636,1920,758,0.296,221.7,True,2020,0.779,,rejected,144.1
574,11,auto,1446,322,1919,1040,1652,622,1775,721,0.540,233.8,True,TN03D9766,0.971,TN03D9766,accepted,180.6
574,11,auto,1446,322,1919,1040,1646,619,1779,757,0.473,233.8,True,,,,no_text,183.9
574,16,auto,1446,322,1919,1040,1857,637,1920,762,0.329,233.8,True,,,,no_text,33.0
575,11,auto,1447,322,1919,1040,1653,621,1774,719,0.521,232.2,True,TN03D9766,0.984,TN03D9766,accepted,180.7
575,11,auto,1447,322,1919,1040,1646,618,1778,757,0.428,232.2,True,09766,0.915,,rejected,141.4
575,16,auto,1447,322,1919,1040,1846,637,1920,776,0.265,232.2,True,,,,no_text,38.0
576,11,auto,1450,319,1919,1039,1654,623,1773,709,0.521,235.4,True,TN03D9766,0.983,TN03D9766,accepted,188.1
576,16,auto,1450,319,1919,1039,1858,634,1920,755,0.468,235.4,True,202,0.956,,rejected,132.4
577,11,auto,1453,319,1919,1039,1655,623,1773,712,0.629,230.3,True,TN03D9766,0.984,TN03D9766,accepted,183.7
577,11,auto,1453,319,1919,1039,1649,618,1778,757,0.365,230.3,True,09,0.573,,rejected,191.5
578,11,auto,1448,325,1920,1038,1651,623,1777,745,0.418,242.7,True,TN03D9766,0.942,TN03D9766,accepted,244.2
578,16,auto,1448,325,1920,1038,1858,637,1920,761,0.352,242.7,True,,,,no_text,33.2
578,11,auto,1448,325,1920,1038,1654,627,1774,711,0.311,242.7,True,TN03D9766,0.986,TN03D9766,accepted,219.6
579,11,auto,1453,323,1919,1039,1655,623,1778,716,0.664,237.1,True,TN03D9766,0.973,TN03D9766,accepted,177.6
579,11,auto,1453,323,1919,1039,1649,620,1780,757,0.514,237.1,True,TN03D9766,0.907,TN03D9766,accepted,241.4
579,16,auto,1453,323,1919,1039,1846,637,1920,772,0.313,237.1,True,,,,no_text,133.7
580,11,auto,1454,326,1920,1037,1655,623,1776,718,0.673,259.8,True,TN03D9766,0.977,TN03D9766,accepted,181.2
580,11,auto,1454,326,1920,1037,1649,620,1779,756,0.537,259.8,True,TN03D9766,0.921,TN03D9766,accepted,235.9
580,16,auto,1454,326,1920,1037,1846,638,1920,774,0.275,259.8,True,,,,no_text,33.7
581,11,auto,1451,325,1920,1038,1655,627,1774,708,0.486,252.3,True,TN03D9766,0.945,TN03D9766,accepted,238.0
581,16,auto,1451,325,1920,1038,1858,638,1920,757,0.275,252.3,True,02,0.923,,rejected,131.3
582,11,auto,1451,323,1919,1038,1656,624,1777,707,0.674,244.8,True,TN03D9766,0.986,TN03D9766,accepted,236.9
582,11,auto,1451,323,1919,1038,1651,621,1780,758,0.458,244.8,True,,,,no_text,183.4
582,16,auto,1451,323,1919,1038,1847,637,1920,773,0.331,244.8,True,,,,no_text,34.0
583,11,auto,1454,324,1920,1038,1656,628,1770,702,0.545,292.2,True,TN03D9766,0.973,TN03D9766,accepted,160.5
583,11,auto,1454,324,1920,1038,1653,620,1778,757,0.253,292.2,True,TN03D9766,0.921,TN03D9766,accepted,225.3
584,11,auto,1453,323,1919,1040,1651,624,1773,720,0.482,230.0,True,TN03D9766,0.947,TN03D9766,accepted,189.2
584,16,auto,1453,323,1919,1040,1849,637,1919,768,0.479,230.0,True,,,,no_text,34.2
584,11,auto,1453,323,1919,1040,1645,619,1778,758,0.407,230.0,True,TN03D9766,0.916,TN03D9766,accepted,250.3
585,11,auto,1457,323,1919,1039,1657,624,1774,710,0.635,227.4,True,TN03D9766,0.979,TN03D9766,accepted,186.6
585,11,auto,1457,323,1919,1039,1652,619,1779,758,0.512,227.4,True,TN0309766,0.887,TN03O9766,accepted,229.9
586,11,auto,1459,326,1920,1037,1655,627,1771,705,0.565,223.7,True,TN03D9766,0.980,TN03D9766,accepted,189.7
586,11,auto,1459,326,1920,1037,1653,619,1779,757,0.389,223.7,True,,,,no_text,144.4
587,11,auto,1456,320,1919,1038,1653,624,1772,712,0.625,232.4,True,TN03D9766,0.983,TN03D9766,accepted,175.7
587,11,auto,1456,320,1919,1038,1648,618,1778,757,0.374,232.4,True,,,,no_text,146.1
587,16,auto,1456,320,1919,1038,1845,637,1920,773,0.258,232.4,True,2020,0.694,,rejected,153.0
588,11,auto,1450,323,1919,1040,1648,623,1773,709,0.411,244.2,True,TN03D9766,0.969,TN03D9766,accepted,269.8
588,16,auto,1450,323,1919,1040,1844,678,1920,771,0.355,244.2,True,,,,no_text,53.3
588,16,auto,1450,323,1919,1040,1847,636,1920,772,0.343,244.2,True,,,,no_text,37.6
589,11,auto,1452,322,1919,1041,1651,626,1773,718,0.511,317.9,True,TN03D9766,0.975,TN03D9766,accepted,209.3
589,11,auto,1452,322,1919,1041,1644,621,1778,760,0.444,317.9,True,TN03D9766,0.944,TN03D9766,accepted,217.6
590,11,auto,1455,323,1919,1040,1650,624,1774,714,0.502,287.2,True,TN03D9766,0.974,TN03D9766,accepted,193.8
590,11,auto,1455,323,1919,1040,1643,620,1778,760,0.309,287.2,True,TN03D9766,0.933,TN03D9766,accepted,252.2
590,16,auto,1455,323,1919,1040,1844,666,1920,774,0.255,287.2,True,2020,0.972,,rejected,167.1
591,11,auto,1447,324,1919,1040,1647,623,1768,704,0.538,289.0,True,TN03D9766,0.986,TN03D9766,accepted,235.1
592,11,auto,1446,327,1919,1041,1648,625,1764,703,0.491,238.7,True,TN03D9766,0.954,TN03D9766,accepted,260.9
593,11,auto,1442,324,1919,1041,1647,623,1769,706,0.501,249.8,True,TN03D9766,0.982,TN03D9766,accepted,238.6
594,11,auto,1451,328,1920,1041,1644,624,1775,752,0.633,237.7,True,TN03D9766,0.965,TN03D9766,accepted,279.6
594,16,auto,1451,328,1920,1041,1840,693,1919,780,0.297,237.7,True,2020PG,0.832,,rejected,184.7
595,11,auto,1447,329,1919,1043,1648,629,1765,709,0.395,259.1,True,TN03D9766,0.968,TN03D9766,accepted,189.7
596,11,auto,1442,331,1920,1043,1645,631,1761,707,0.270,229.8,True,TN03D9766,0.983,TN03D9766,accepted,186.3
597,11,auto,1433,332,1919,1043,1637,636,1750,711,0.357,231.5,True,TN03D9766,0.982,TN03D9766,accepted,211.3
598,11,auto,1429,332,1920,1042,1632,634,1746,709,0.339,264.7,True,TN03D9766,0.983,TN03D9766,accepted,247.4
599,11,auto,1431,330,1919,1044,1636,636,1745,707,0.310,246.7,True,TN03D9766,0.975,TN03D9766,accepted,188.3
600,11,auto,1434,333,1920,1042,1630,629,1764,756,0.500,229.7,True,TN03D9766,0.959,TN03D9766,accepted,265.6
602,11,auto,1436,331,1919,1043,1630,631,1763,754,0.464,218.1,True,TN03D9766,0.953,TN03D9766,accepted,266.3
606,11,auto,1418,336,1919,1047,1627,638,1738,717,0.307,214.4,True,TN03D9766,0.968,TN03D9766,accepted,188.7
608,11,auto,1421,336,1919,1044,1619,631,1738,726,0.526,227.2,True,TN03D9766,0.956,TN03D9766,accepted,188.3
609,11,auto,1419,336,1919,1042,1616,635,1736,724,0.537,227.3,True,TN03D9766,0.985,TN03D9766,accepted,198.2
610,11,auto,1418,332,1919,1041,1619,631,1737,720,0.406,229.0,True,TN03D9766,0.986,TN03D9766,accepted,192.1
611,11,auto,1422,332,1920,1042,1619,630,1737,721,0.506,224.1,True,TN03D9766,0.978,TN03D9766,accepted,180.8
612,11,auto,1421,335,1920,1041,1619,633,1737,723,0.615,227.1,True,TN03D9766,0.976,TN03D9766,accepted,181.6
613,11,auto,1418,331,1919,1041,1616,632,1737,738,0.545,230.0,True,TN03D9766,0.949,TN03D9766,accepted,181.6
614,11,auto,1421,335,1920,1040,1615,631,1740,744,0.619,233.5,True,TN70A,0.539,,rejected,179.4
614,11,auto,1421,335,1920,1040,1600,621,1748,759,0.343,233.5,True,976,0.940,,rejected,184.3
615,11,auto,1416,333,1920,1038,1608,627,1737,756,0.597,232.7,True,TN03D976615,0.814,,rejected,267.1
616,11,auto,1416,331,1920,1039,1603,627,1735,756,0.657,227.6,True,TN03D9766,0.953,TN03D9766,accepted,227.7
617,11,auto,1416,333,1920,1039,1604,627,1734,754,0.657,224.1,True,TN03D9766,0.980,TN03D9766,accepted,227.2
618,11,auto,1413,334,1920,1041,1613,632,1734,714,0.561,229.2,True,TN03D9766,0.976,TN03D9766,accepted,209.1
618,11,auto,1413,334,1920,1041,1607,626,1736,742,0.410,229.2,True,TN766,0.529,,rejected,145.9
619,11,auto,1414,332,1920,1040,1610,631,1731,719,0.594,228.3,True,TN03D9766,0.981,TN03D9766,accepted,186.3
619,11,auto,1414,332,1920,1040,1603,626,1733,750,0.572,228.3,True,TN03D9766,0.916,TN03D9766,accepted,181.2
620,11,auto,1412,335,1920,1042,1611,632,1722,712,0.575,225.2,True,TN03D9766,0.983,TN03D9766,accepted,188.2
621,11,auto,1405,334,1919,1042,1605,632,1722,715,0.573,223.3,True,TN03D9766,0.987,TN03D9766,accepted,188.3
622,11,auto,1409,335,1920,1043,1606,635,1719,714,0.506,231.0,True,TN03D9766,0.976,TN03D9766,accepted,193.5
623,11,auto,1408,336,1920,1044,1608,637,1713,711,0.376,245.3,True,TN03D9766,0.976,TN03D9766,accepted,190.0
624,11,auto,1410,334,1920,1042,1610,633,1720,711,0.559,251.1,True,TN03D9766,0.979,TN03D9766,accepted,185.0
625,11,auto,1412,336,1920,1044,1610,635,1726,717,0.552,227.1,True,TN03D9766,0.978,TN03D9766,accepted,183.8
626,11,auto,1410,334,1920,1039,1610,632,1721,709,0.498,231.9,True,TN03D9766,0.985,TN03D9766,accepted,192.5
627,11,auto,1413,337,1920,1042,1611,634,1720,712,0.580,234.8,True,TN03D9766,0.990,TN03D9766,accepted,187.9
628,11,auto,1413,335,1920,1043,1610,633,1724,716,0.534,234.7,True,TN03D9766,0.978,TN03D9766,accepted,186.9
629,11,auto,1413,337,1920,1045,1609,632,1731,731,0.485,227.9,True,TN03D9766,0.980,TN03D9766,accepted,186.0
630,11,auto,1408,336,1920,1044,1611,637,1720,715,0.519,233.5,True,TN03D9766,0.980,TN03D9766,accepted,188.7
631,11,auto,1413,338,1920,1044,1611,632,1733,728,0.467,246.0,True,TN03D9766,0.984,TN03D9766,accepted,184.6
632,11,auto,1411,337,1920,1045,1614,635,1729,725,0.317,246.7,True,,,,no_text,146.3
633,11,auto,1411,337,1920,1045,1611,634,1723,715,0.566,236.1,True,TN03D9766,0.969,TN03D9766,accepted,186.0
634,11,auto,1409,338,1920,1049,1609,643,1720,718,0.461,230.0,True,TN03D9766,0.980,TN03D9766,accepted,236.8
636,11,auto,1413,337,1920,1047,1613,635,1731,728,0.288,233.5,True,TN03D9766,0.981,TN03D9766,accepted,186.2
637,11,auto,1409,337,1920,1047,1610,638,1726,717,0.399,264.8,True,TN03D9766,0.969,TN03D9766,accepted,199.1
638,11,auto,1409,339,1920,1047,1611,639,1723,715,0.366,231.4,True,TN03D9766,0.986,TN03D9766,accepted,199.6
639,11,auto,1410,338,1920,1045,1610,636,1728,720,0.296,241.2,True,TN03D9766,0.978,TN03D9766,accepted,185.8
640,11,auto,1413,337,1920,1045,1610,630,1733,735,0.367,228.1,True,TN03D9766,0.969,TN03D9766,accepted,230.2
642,11,auto,1413,339,1920,1045,1613,636,1731,732,0.293,221.9,True,TN03D9766,0.945,TN03D9766,accepted,184.0
644,11,auto,1414,340,1920,1052,1612,645,1722,722,0.467,220.9,True,TN03D9766,0.976,TN03D9766,accepted,236.3
645,11,auto,1414,339,1920,1049,1616,639,1725,722,0.289,228.7,True,TN03D9766,0.988,TN03D9766,accepted,187.9
646,11,auto,1412,341,1920,1052,1611,642,1724,731,0.414,231.2,True,TN03D9766,0.988,TN03D9766,accepted,186.3
647,11,auto,1413,343,1920,1056,1612,650,1717,720,0.278,240.9,True,TN03D9766,0.975,TN03D9766,accepted,226.2
649,11,auto,1412,341,1920,1053,1612,650,1715,717,0.343,230.6,True,TN03D9766,0.989,TN03D9766,accepted,233.4
652,11,auto,1413,341,1920,1052,1611,642,1722,727,0.298,220.8,True,TN03D9766,0.979,TN03D9766,accepted,185.9
656,11,auto,1415,342,1920,1052,1613,649,1719,719,0.285,227.7,True,TN03D9766,0.988,TN03D9766,accepted,232.1
658,11,auto,1415,341,1920,1054,1616,642,1726,725,0.544,220.3,True,TN03D9766,0.978,TN03D9766,accepted,236.7
659,11,auto,1415,342,1920,1054,1616,642,1727,724,0.435,228.4,True,TN03D9766,0.978,TN03D9766,accepted,234.9
660,11,auto,1414,341,1920,1055,1616,641,1726,722,0.481,224.7,True,TN03D9766,0.971,TN03D9766,accepted,186.2
662,11,auto,1415,342,1920,1056,1615,640,1726,723,0.494,218.9,True,TN03D9766,0.962,TN03D9766,accepted,185.1
663,11,auto,1415,341,1920,1056,1616,642,1726,724,0.524,242.8,True,TN03D9766,0.984,TN03D9766,accepted,195.3
664,11,auto,1414,342,1920,1056,1613,642,1730,725,0.467,229.5,True,TN03D9766,0.975,TN03D9766,accepted,189.0
666,11,auto,1413,341,1920,1056,1616,643,1725,726,0.293,223.9,True,,,,no_text,43.2
667,11,auto,1416,342,1920,1057,1616,641,1731,727,0.512,227.5,True,TN03D9766,0.981,TN03D9766,accepted,188.5
668,11,auto,1415,341,1920,1056,1616,641,1733,727,0.540,236.3,True,TN03D9766,0.987,TN03D9766,accepted,189.2
669,11,auto,1415,341,1920,1053,1616,639,1733,729,0.504,229.7,True,TN03D9766,0.973,TN03D9766,accepted,186.1
670,11,auto,1416,343,1920,1058,1614,644,1723,727,0.421,228.9,True,TN03D9766,0.974,TN03D9766,accepted,194.2
671,11,auto,1413,342,1920,1055,1613,645,1721,725,0.312,245.1,True,TN03D9766,0.967,TN03D9766,accepted,192.0
672,11,auto,1412,344,1920,1061,1615,648,1720,728,0.662,228.2,True,TN03D9766,0.981,TN03D9766,accepted,199.3
673,11,auto,1411,344,1920,1061,1615,648,1722,729,0.569,223.1,True,TN03D9766,0.985,TN03D9766,accepted,235.6
674,11,auto,1413,345,1920,1062,1616,647,1726,728,0.712,227.4,True,TN03D9766,0.967,TN03D9766,accepted,234.5
675,11,auto,1415,345,1920,1061,1617,649,1727,729,0.638,230.2,True,TN03D9766,0.984,TN03D9766,accepted,190.5
676,11,auto,1415,344,1920,1061,1616,647,1728,732,0.667,225.6,True,TN03D9766,0.982,TN03D9766,accepted,190.9
677,11,auto,1416,344,1920,1064,1615,645,1729,734,0.705,231.2,True,TN03D9766,0.978,TN03D9766,accepted,185.6
678,11,auto,1411,347,1920,1063,1615,650,1720,729,0.560,238.1,True,TN03D9766,0.987,TN03D9766,accepted,241.1
679,11,auto,1408,348,1920,1066,1613,648,1728,737,0.624,247.4,True,TN03D9766,0.982,TN03D9766,accepted,187.4
680,11,auto,1408,347,1920,1064,1615,645,1729,737,0.650,245.8,True,TN03D9766,0.978,TN03D9766,accepted,208.7
681,11,auto,1408,348,1920,1065,1610,651,1726,738,0.651,231.2,True,,,,no_text,162.7
682,11,auto,1414,348,1920,1065,1615,646,1732,745,0.605,238.7,True,TN03D9766,0.979,TN03D9766,accepted,182.8
683,11,auto,1415,345,1920,1064,1617,650,1727,729,0.661,229.8,True,TN03D9766,0.985,TN03D9766,accepted,240.2
684,11,auto,1411,348,1920,1067,1615,645,1731,743,0.688,231.2,True,TN03D9766,0.978,TN03D9766,accepted,181.8
685,11,auto,1411,349,1920,1066,1616,645,1735,746,0.696,229.2,True,TN03D9766,0.981,TN03D9766,accepted,181.5
686,11,auto,1412,345,1920,1063,1615,644,1730,733,0.672,233.6,True,TN03D9766,0.984,TN03D9766,accepted,186.2
687,11,auto,1416,345,1920,1062,1615,647,1728,731,0.645,250.3,True,TN03D9766,0.975,TN03D9766,accepted,188.7
688,11,auto,1412,341,1920,1058,1616,644,1725,725,0.452,233.6,True,TN03D9766,0.975,TN03D9766,accepted,190.6
689,11,auto,1417,341,1920,1052,1615,641,1732,735,0.511,232.8,True,TN03D9766,0.972,TN03D9766,accepted,188.6
690,11,auto,1412,335,1920,1047,1616,637,1725,722,0.392,233.2,True,,,,no_text,149.5
691,11,auto,1406,336,1920,1045,1613,634,1731,723,0.488,234.6,True,TN03D9766,0.958,TN03D9766,accepted,188.1
692,11,auto,1406,336,1920,1046,1609,633,1726,726,0.525,230.6,True,TN03D9766,0.982,TN03D9766,accepted,183.2
693,11,auto,1410,332,1920,1041,1612,630,1735,721,0.526,232.0,True,TN03D9766,0.979,TN03D9766,accepted,191.6
693,11,auto,1410,332,1920,1041,1608,623,1738,749,0.482,232.0,True,,,,no_text,186.7
694,11,auto,1415,328,1920,1039,1610,628,1739,719,0.600,229.5,True,TN03D9766,0.978,TN03D9766,accepted,188.0
694,11,auto,1415,328,1920,1039,1608,622,1743,759,0.293,229.5,True,TN03D9766LP,0.915,,rejected,277.1
695,11,auto,1416,326,1920,1039,1610,627,1736,715,0.564,231.6,True,TN03D9766,0.984,TN03D9766,accepted,199.3
696,11,auto,1414,327,1920,1039,1608,627,1731,715,0.647,230.0,True,TN03D9766,0.984,TN03D9766,accepted,231.1
696,11,auto,1414,327,1920,1039,1603,620,1734,753,0.415,230.0,True,N03D9766,0.956,NL3D9766,accepted,227.7
697,11,auto,1415,324,1920,1037,1613,623,1736,720,0.582,227.6,True,TN03D9766,0.977,TN03D9766,accepted,187.1
697,11,auto,1415,324,1920,1037,1610,620,1742,754,0.368,227.6,True,,,,no_text,146.8
699,11,auto,1416,325,1920,1039,1609,625,1736,723,0.613,221.1,True,TN03D9766,0.960,TN03D9766,accepted,182.5
699,11,auto,1416,325,1920,1039,1605,621,1741,756,0.449,221.1,True,TN03D9766,0.977,TN03D9766,accepted,226.3
700,11,auto,1417,328,1920,1038,1611,626,1733,725,0.600,224.6,True,TN03D9766A,0.843,,rejected,226.3
700,11,auto,1417,328,1920,1038,1604,621,1737,758,0.427,224.6,True,TN03D9766LPO,0.817,,rejected,265.3
701,11,auto,1407,323,1920,1036,1607,624,1724,704,0.617,218.8,True,LETN03D9766,0.846,,rejected,271.3
702,11,auto,1407,325,1920,1038,1605,628,1728,717,0.465,220.1,True,TN03D9766,0.970,TN03D9766,accepted,193.4
703,11,auto,1408,324,1920,1037,1605,626,1732,737,0.495,245.5,True,TN03D9766,0.958,TN03D9766,accepted,258.5
703,11,auto,1408,324,1920,1037,1595,612,1742,754,0.290,245.5,True,TN03D9766,0.916,TN03D9766,accepted,228.4
704,11,auto,1406,325,1920,1038,1597,620,1733,756,0.347,219.9,True,TN0309766L,0.819,,rejected,274.9
704,11,auto,1406,325,1920,1038,1608,624,1734,720,0.307,219.9,True,TN03D9766,0.979,TN03D9766,accepted,180.2
705,11,auto,1408,323,1920,1038,1605,626,1725,710,0.648,233.5,True,TN03D9766,0.978,TN03D9766,accepted,192.8
706,11,auto,1411,326,1920,1039,1607,625,1726,710,0.560,231.1,True,TN03D9766,0.987,TN03D9766,accepted,185.2
707,11,auto,1415,327,1920,1039,1607,627,1732,716,0.541,226.6,True,TN03D9766,0.976,TN03D9766,accepted,231.4
707,11,auto,1415,327,1920,1039,1603,619,1735,756,0.268,226.6,True,TN0309766LP,0.920,,rejected,265.2
708,11,auto,1408,326,1920,1038,1607,626,1728,716,0.522,220.5,True,TN03D9766,0.971,TN03D9766,accepted,187.2
708,11,auto,1408,326,1920,1038,1599,622,1731,756,0.375,220.5,True,TN03D9766,0.953,TN03D9766,accepted,189.6
709,11,auto,1412,327,1920,1039,1607,627,1723,706,0.578,231.8,True,TN03D9766,0.970,TN03D9766,accepted,187.6
710,11,auto,1405,326,1920,1039,1606,627,1726,710,0.642,230.3,True,TN03D9766,0.986,TN03D9766,accepted,232.8
710,11,auto,1405,326,1920,1039,1600,620,1731,750,0.269,230.3,True,TN03D9766,0.950,TN03D9766,accepted,235.6
711,11,auto,1412,327,1920,1039,1606,626,1727,710,0.645,244.3,True,TN03D9766,0.991,TN03D9766,accepted,187.6
711,11,auto,1412,327,1920,1039,1601,619,1732,752,0.270,244.3,True,TN03D9766,0.955,TN03D9766,accepted,230.7
712,11,auto,1412,327,1920,1038,1605,627,1728,714,0.580,229.4,True,TN03D9766,0.987,TN03D9766,accepted,231.7
712,11,auto,1412,327,1920,1038,1600,620,1732,755,0.259,229.4,True,,,,no_text,228.6
713,11,auto,1407,326,1920,1038,1606,627,1726,712,0.556,220.6,True,TN03D9766,0.974,TN03D9766,accepted,184.5
714,11,auto,1413,326,1920,1037,1606,627,1727,711,0.677,225.1,True,TN03D9766,0.985,TN03D9766,accepted,186.5
714,11,auto,1413,326,1920,1037,1601,622,1730,753,0.322,225.1,True,TN03D9766,0.982,TN03D9766,accepted,232.7
715,11,auto,1413,327,1920,1037,1608,627,1726,709,0.690,224.9,True,TN03D9766,0.973,TN03D9766,accepted,192.3
715,11,auto,1413,327,1920,1037,1603,622,1730,754,0.318,224.9,True,TN03D9766,0.933,TN03D9766,accepted,232.5
716,11,auto,1413,325,1920,1037,1606,626,1729,719,0.659,230.4,True,TN03D9766,0.980,TN03D9766,accepted,238.5
716,11,auto,1413,325,1920,1037,1601,621,1731,755,0.400,230.4,True,TN03D9766,0.957,TN03D9766,accepted,232.1
717,11,auto,1414,323,1920,1037,1608,625,1725,708,0.635,228.5,True,TN03D9766,0.990,TN03D9766,accepted,188.4
718,11,auto,1414,324,1920,1038,1607,628,1727,711,0.681,226.4,True,TN03D9766,0.977,TN03D9766,accepted,188.7
718,11,auto,1414,324,1920,1038,1602,623,1730,755,0.320,226.4,True,TN03D9766,0.933,TN03D9766,accepted,275.0
719,11,auto,1411,323,1920,1037,1608,625,1723,704,0.624,232.1,True,TN03D9766,0.987,TN03D9766,accepted,232.1
720,11,auto,1414,324,1920,1036,1608,625,1725,707,0.632,223.3,True,TN03D9766,0.984,TN03D9766,accepted,233.2
721,11,auto,1415,324,1920,1036,1609,626,1723,704,0.587,227.2,True,TN03D9766,0.972,TN03D9766,accepted,275.5
722,11,auto,1414,325,1920,1035,1606,625,1729,719,0.449,221.7,True,TN03D9766,0.959,TN03D9766,accepted,183.2
723,11,auto,1415,323,1920,1036,1609,625,1724,709,0.576,227.6,True,TN03D9766,0.986,TN03D9766,accepted,185.0
724,11,auto,1416,325,1920,1036,1609,626,1724,705,0.606,229.5,True,TN03D9766,0.987,TN03D9766,accepted,186.2
725,11,auto,1415,324,1920,1035,1610,625,1733,708,0.462,226.0,True,TN03D9766,0.985,TN03D9766,accepted,228.6
725,11,auto,1415,324,1920,1035,1599,622,1732,751,0.254,226.0,True,TN03D9766,0.967,TN03D9766,accepted,330.5
726,11,auto,1412,324,1920,1035,1609,627,1725,703,0.465,402.8,True,TN03D9766,0.986,TN03D9766,accepted,218.4
727,11,auto,1415,324,1920,1035,1610,623,1726,702,0.550,232.9,True,TN03D9766,0.986,TN03D9766,accepted,201.9
728,11,auto,1415,323,1920,1035,1610,626,1723,705,0.521,227.2,True,TN03D9766,0.969,TN03D9766,accepted,259.4
729,11,auto,1413,323,1920,1034,1611,623,1729,699,0.542,256.1,True,TN03D9766,0.985,TN03D9766,accepted,255.3
730,11,auto,1413,323,1920,1035,1609,625,1723,699,0.552,250.3,True,TN03D9766,0.985,TN03D9766,accepted,263.2
731,11,auto,1414,322,1920,1034,1610,625,1722,699,0.494,257.9,True,TN03D9766,0.983,TN03D9766,accepted,239.4
732,11,auto,1414,321,1920,1034,1610,625,1722,699,0.429,234.5,True,TN03D9766,0.981,TN03D9766,accepted,239.0
733,11,auto,1414,322,1920,1034,1610,628,1722,698,0.411,261.9,True,TN03D9766,0.983,TN03D9766,accepted,235.9
734,11,auto,1414,319,1920,1031,1610,626,1720,693,0.462,220.9,True,TN03D9766,0.984,TN03D9766,accepted,209.5
736,11,auto,1415,321,1920,1031,1610,625,1722,694,0.502,229.3,True,TN03D9766,0.973,TN03D9766,accepted,197.8
737,11,auto,1415,321,1920,1032,1611,625,1721,695,0.414,354.2,True,TN03D9766,0.978,TN03D9766,accepted,180.3
738,11,auto,1416,323,1920,1034,1611,625,1722,699,0.376,239.0,True,TN03D9766,0.979,TN03D9766,accepted,275.9
739,11,auto,1415,323,1920,1033,1611,625,1723,698,0.290,269.8,True,TN03D9766,0.982,TN03D9766,accepted,251.0
741,11,auto,1414,321,1920,1032,1611,627,1719,696,0.335,256.8,True,TN03D9766,0.988,TN03D9766,accepted,214.9
742,11,auto,1415,319,1920,1031,1611,626,1717,694,0.589,360.8,True,TN03D9766,0.986,TN03D9766,accepted,181.7
743,11,auto,1414,320,1920,1032,1611,627,1716,695,0.538,263.7,True,TN03D9766,0.984,TN03D9766,accepted,262.6
744,11,auto,1415,323,1920,1032,1611,627,1722,697,0.284,230.8,True,TN03D9766,0.983,TN03D9766,accepted,189.5
745,11,auto,1415,321,1920,1033,1611,625,1724,696,0.538,247.3,True,TN03D9766,0.982,TN03D9766,accepted,188.3
747,11,auto,1413,319,1920,1031,1610,627,1717,695,0.309,412.5,True,TN03D9766,0.976,TN03D9766,accepted,181.6
748,11,auto,1415,321,1920,1031,1610,626,1719,695,0.415,362.6,True,TN03D9766,0.987,TN03D9766,accepted,203.0
749,11,auto,1415,321,1920,1031,1610,626,1716,693,0.529,244.4,True,TN03D9766,0.984,TN03D9766,accepted,175.7
750,11,auto,1414,321,1920,1031,1611,626,1719,695,0.458,256.6,True,TN03D9766,0.985,TN03D9766,accepted,199.8
751,11,auto,1416,320,1920,1031,1611,627,1717,691,0.481,302.7,True,TN03D9766,0.990,TN03D9766,accepted,206.1
752,11,auto,1417,322,1920,1032,1611,626,1721,694,0.456,373.8,True,TN03D9766,0.983,TN03D9766,accepted,336.3
753,11,auto,1415,320,1920,1031,1609,626,1719,696,0.366,376.2,True,TN03D9766,0.984,TN03D9766,accepted,245.3
754,11,auto,1416,319,1920,1031,1610,626,1716,693,0.538,358.7,True,TN03D9766,0.983,TN03D9766,accepted,278.9
755,11,auto,1415,320,1920,1031,1608,626,1721,701,0.339,360.0,True,TN03D9766,0.974,TN03D9766,accepted,263.5
756,11,auto,1415,322,1920,1032,1608,626,1719,700,0.337,378.0,True,TN03D9766,0.988,TN03D9766,accepted,190.4
757,11,auto,1415,320,1920,1031,1609,626,1720,699,0.358,373.5,True,TN03D9766,0.978,TN03D9766,accepted,199.8
758,11,auto,1416,321,1920,1032,1610,627,1719,697,0.264,372.4,True,TN03D9766,0.981,TN03D9766,accepted,197.6
760,11,auto,1415,320,1920,1031,1611,627,1718,693,0.438,273.2,True,TN03D9766,0.985,TN03D9766,accepted,318.1
761,11,auto,1415,320,1920,1029,1609,626,1717,694,0.396,397.5,True,TN03D9766,0.950,TN03D9766,accepted,250.6
762,11,auto,1416,320,1920,1032,1611,627,1720,694,0.325,382.6,True,TN03D9766,0.980,TN03D9766,accepted,286.7
763,11,auto,1420,323,1920,1034,1611,626,1722,698,0.328,378.0,True,TN03D9766,0.971,TN03D9766,accepted,312.3
764,11,auto,1419,321,1920,1032,1611,628,1720,695,0.367,239.6,True,TN03D9766,0.985,TN03D9766,accepted,241.1
765,11,auto,1419,321,1920,1033,1611,627,1721,695,0.462,256.5,True,TN03D9766,0.985,TN03D9766,accepted,275.4
766,11,auto,1418,323,1920,1033,1610,627,1723,697,0.269,436.9,True,TN03D9766,0.983,TN03D9766,accepted,188.1
767,11,auto,1419,323,1920,1033,1611,628,1721,697,0.252,403.9,True,TN03D9766,0.983,TN03D9766,accepted,205.2
769,11,auto,1419,319,1920,1029,1613,624,1723,692,0.357,372.3,True,TN03D9766,0.974,TN03D9766,accepted,228.2
770,11,auto,1419,320,1920,1030,1613,625,1722,693,0.431,425.1,True,TN03D9766,0.979,TN03D9766,accepted,225.1
771,11,auto,1420,319,1920,1028,1614,625,1720,692,0.329,387.6,True,TN03D9766,0.982,TN03D9766,accepted,262.6
772,11,auto,1420,320,1920,1029,1614,623,1724,692,0.486,376.6,True,TN03D9766,0.973,TN03D9766,accepted,321.9
773,11,auto,1420,317,1920,1027,1612,620,1721,687,0.366,480.5,True,TN03D9766,0.976,TN03D9766,accepted,248.5
773,17,auto,1420,317,1920,1027,1689,803,1809,868,0.293,480.5,True,,,,no_text,50.7
774,11,auto,1419,317,1920,1028,1613,619,1722,688,0.401,508.8,True,TN03D9766,0.977,TN03D9766,accepted,258.8
775,11,auto,1422,315,1920,1024,1612,615,1728,693,0.549,433.9,True,TN03D9766,0.989,TN03D9766,accepted,238.0
776,11,auto,1421,315,1920,1022,1613,613,1723,692,0.509,591.2,True,TN03D9766,0.983,TN03D9766,accepted,461.6
777,11,auto,1420,313,1919,1022,1615,614,1723,695,0.489,522.0,True,TN03D9766,0.979,TN03D9766,accepted,226.8
778,11,auto,1422,315,1920,1021,1616,613,1722,690,0.553,421.8,True,TN03D9766,0.983,TN03D9766,accepted,215.4
779,11,auto,1422,314,1920,1022,1616,613,1724,695,0.525,370.4,True,69703,0.546,,rejected,125.8
780,11,auto,1421,312,1919,1022,1614,613,1721,690,0.541,376.7,True,TN03D9766,0.987,TN03D9766,accepted,251.5
781,11,auto,1423,311,1919,1018,1613,608,1731,696,0.705,364.7,True,DN7033,0.525,,rejected,156.2
782,11,auto,1423,311,1919,1018,1615,608,1728,690,0.607,385.5,True,TN03D9766,0.978,TN03D9766,accepted,207.5
783,11,auto,1421,307,1919,1018,1614,613,1727,686,0.596,373.8,True,TN03D9766,0.979,TN03D9766,accepted,177.1
784,11,auto,1423,306,1918,1017,1617,608,1729,686,0.676,287.2,True,TN03D9766,0.973,TN03D9766,accepted,295.4
785,11,auto,1425,305,1919,1015,1614,606,1732,709,0.735,404.3,True,TN03D9766,0.975,TN03D9766,accepted,186.1
786,11,auto,1425,304,1919,1014,1614,606,1731,707,0.702,517.7,True,TN03D9766,0.969,TN03D9766,accepted,302.7
787,11,auto,1426,307,1919,1014,1615,607,1731,701,0.726,563.0,True,TN03D9766,0.982,TN03D9766,accepted,347.8
788,11,auto,1425,306,1917,1015,1613,605,1734,716,0.682,477.8,True,TN03D9766,0.967,TN03D9766,accepted,462.3
789,11,auto,1426,306,1917,1017,1614,611,1732,700,0.644,498.3,True,TN03D9766,0.989,TN03D9766,accepted,274.7
790,11,auto,1425,306,1918,1017,1617,612,1729,689,0.481,563.1,True,TN03D9766,0.981,TN03D9766,accepted,594.3
791,11,auto,1425,304,1918,1015,1618,610,1730,684,0.641,646.5,True,TN03D9766,0.976,TN03D9766,accepted,621.9
791,18,motorcycle,990,419,1137,647,1009,455,1094,494,0.255,646.5,True,,,,no_text,395.1
792,11,auto,1425,304,1917,1015,1618,610,1730,685,0.623,387.9,True,TN03D9766,0.988,TN03D9766,accepted,252.8
792,18,motorcycle,983,415,1130,657,1011,446,1068,477,0.310,387.9,True,,,,no_text,43.4
793,11,auto,1426,305,1918,1016,1621,611,1733,685,0.423,360.1,True,TN03D9766,0.984,TN03D9766,accepted,181.7
793,18,motorcycle,968,418,1118,665,997,469,1067,500,0.255,360.1,True,,,,no_text,51.2
794,11,auto,1429,304,1918,1015,1623,611,1734,687,0.537,343.5,True,TN03D9766,0.987,TN03D9766,accepted,274.6
794,18,motorcycle,956,424,1117,677,976,465,1061,505,0.261,343.5,True,,,,no_text,113.4
795,11,auto,1429,301,1918,1012,1625,607,1731,684,0.482,345.9,True,TN03D9766,0.983,TN03D9766,accepted,237.3
795,18,motorcycle,942,415,1111,687,973,471,1045,502,0.325,345.9,True,,,,no_text,58.0
795,18,motorcycle,942,415,1111,687,968,465,1053,505,0.309,345.9,True,,,,no_text,50.2
796,11,auto,1432,298,1917,1010,1627,605,1731,678,0.710,354.6,True,TN03D9766,0.974,TN03D9766,accepted,254.8
796,18,motorcycle,910,335,1094,711,930,486,1020,518,0.522,354.6,True,,,,no_text,57.3
796,18,motorcycle,910,335,1094,711,928,595,987,625,0.279,354.6,True,,,,no_text,44.0
796,18,motorcycle,910,335,1094,711,930,603,988,631,0.266,354.6,True,,,,no_text,44.2
797,11,auto,1433,298,1916,1010,1629,604,1736,683,0.506,235.6,True,TN03D9766,0.983,TN03D9766,accepted,233.8
797,18,motorcycle,890,411,1083,727,910,490,1003,522,0.444,235.6,True,,,,no_text,143.8
798,11,auto,1433,296,1917,1010,1631,603,1738,701,0.453,333.1,True,TN03D9766,0.974,TN03D9766,accepted,161.2
798,19,motorcycle,778,433,1032,815,815,519,911,557,0.340,333.1,True,,,,no_text,145.8
799,19,motorcycle,742,435,1018,840,778,532,885,566,0.631,268.6,True,238858,0.740,,rejected,146.4
799,11,auto,1432,297,1918,1011,1636,605,1736,676,0.313,268.6,True,TN03D9766,0.986,TN03D9766,accepted,169.0
800,19,motorcycle,704,448,997,876,741,544,850,578,0.611,299.5,True,23C82658,0.524,,rejected,150.9
800,11,auto,1432,297,1918,1011,1636,605,1737,674,0.349,299.5,True,TN03D9766,0.989,TN03D9766,accepted,245.0
800,20,motorcycle,1061,395,1221,637,1104,534,1156,569,0.270,299.5,True,,,,no_text,39.1
801,19,motorcycle,667,438,981,908,713,555,817,596,0.614,229.9,True,ZE858,0.508,,rejected,154.5
801,11,auto,1434,297,1918,1011,1636,605,1739,676,0.488,229.9,True,TN03D9766,0.983,TN03D9766,accepted,246.4
801,20,motorcycle,1055,390,1221,644,1093,540,1150,575,0.325,229.9,True,,,,no_text,33.4
801,20,truck,1048,265,1250,474,1098,459,1168,486,0.264,229.9,True,,,,no_text,49.8
802,20,motorcycle,1029,390,1208,666,1057,471,1137,502,0.489,353.3,True,,,,no_text,54.6
802,19,motorcycle,561,461,926,996,609,584,723,627,0.440,353.3,True,,,,no_text,156.9
802,11,auto,1435,297,1918,1008,1633,603,1737,669,0.436,353.3,True,TN03D9766,0.981,TN03D9766,accepted,239.2
803,19,auto,180,279,670,749,544,603,671,650,0.538,353.2,True,28,0.500,,rejected,145.0
803,11,auto,1435,299,1919,1012,1634,604,1738,672,0.452,353.2,True,TN03D9766,0.986,TN03D9766,accepted,195.0
803,20,motorcycle,1015,393,1203,676,1045,475,1132,511,0.401,353.2,True,,,,no_text,57.7
804,20,motorcycle,1002,390,1198,688,1030,480,1121,513,0.503,328.3,True,,,,no_text,56.5
804,19,auto,86,277,628,772,477,630,604,672,0.454,328.3,True,222,0.505,,rejected,143.8
804,11,auto,1438,295,1918,1009,1636,602,1740,672,0.346,328.3,True,TN03D9766,0.980,TN03D9766,accepted,241.2
805,20,motorcycle,963,395,1178,717,999,484,1088,523,0.683,369.6,True,,,,no_text,72.0
805,20,motorcycle,963,395,1178,717,1006,589,1067,628,0.459,369.6,True,,,,no_text,72.1
805,11,auto,1439,299,1919,1013,1636,603,1739,670,0.409,369.6,True,TN03D9766,0.986,TN03D9766,accepted,307.2
806,20,motorcycle,945,391,1168,736,981,490,1079,523,0.648,388.2,True,,,,no_text,63.7
806,11,auto,1437,296,1918,1008,1635,603,1739,671,0.418,388.2,True,TN03D9766,0.979,TN03D9766,accepted,154.7
806,20,motorcycle,945,391,1168,736,990,592,1048,637,0.274,388.2,True,,,,no_text,35.3
807,20,motorcycle,917,395,1156,749,961,497,1056,533,0.622,356.3,True,,,,no_text,74.0
807,11,auto,1437,298,1919,1011,1635,604,1739,669,0.351,356.3,True,TN03D9766,0.988,TN03D9766,accepted,289.6
807,20,motorcycle,917,395,1156,749,979,572,1038,605,0.316,356.3,True,,,,no_text,44.9
808,20,motorcycle,904,403,1142,769,934,506,1033,541,0.652,347.0,True,,,,no_text,54.3
808,11,auto,1441,299,1919,1011,1637,603,1740,669,0.388,347.0,True,TN03D9766,0.986,TN03D9766,accepted,180.2
809,21,motorcycle,844,429,1113,824,881,515,986,555,0.502,359.1,True,,,,no_text,62.6
809,11,auto,1437,295,1919,1007,1636,603,1738,664,0.483,359.1,True,TN03D9766,0.988,TN03D9766,accepted,302.6
810,21,motorcycle,818,418,1100,850,854,533,959,573,0.715,423.4,True,,,,no_text,397.1
810,11,auto,1441,296,1919,1007,1635,598,1739,666,0.506,423.4,True,TN03D9766,0.976,TN03D9766,accepted,303.3
811,21,motorcycle,768,437,1077,884,817,538,930,581,0.720,343.9,True,,,,no_text,84.2
811,11,auto,1440,295,1918,1007,1637,598,1740,670,0.639,343.9,True,DTN03D9766,0.883,TN03D9766,accepted,303.2
811,22,auto,1440,295,1918,1007,1708,775,1840,846,0.256,343.9,True,,,,no_text,67.6
812,21,motorcycle,723,437,1060,922,771,556,889,600,0.716,381.4,True,,,,no_text,250.3
812,11,auto,1439,292,1918,1004,1636,598,1739,668,0.494,381.4,True,TN03D9766,0.978,TN03D9766,accepted,252.9
813,21,motorcycle,671,447,1031,967,716,573,848,620,0.589,231.6,True,,,,no_text,304.4
813,11,auto,1439,293,1918,1003,1635,598,1738,671,0.451,231.6,True,TN03D9766,0.982,TN03D9766,accepted,255.9
813,22,auto,1439,293,1918,1003,1704,771,1839,846,0.324,231.6,True,,,,no_text,48.4
814,11,auto,1445,292,1918,1004,1639,599,1742,667,0.629,253.2,True,TN03D9766,0.984,TN03D9766,accepted,217.3
814,23,bus,920,226,1201,501,992,446,1057,471,0.566,253.2,True,DA4115,0.551,,rejected,151.3
814,21,motorcycle,535,493,980,1074,605,625,743,664,0.561,253.2,True,,,,no_text,505.6
814,21,motorcycle,535,493,980,1074,593,611,742,662,0.454,253.2,True,,,,no_text,220.6
814,22,auto,1445,292,1918,1004,1719,776,1839,846,0.262,253.2,True,,,,no_text,60.8
815,23,bus,924,222,1198,505,978,447,1052,473,0.586,256.7,True,,,,no_text,162.0
815,21,motorcycle,450,488,952,1078,514,642,672,699,0.435,256.7,True,,,,no_text,284.5
815,22,auto,1444,290,1918,1004,1722,779,1839,845,0.368,256.7,True,,,,no_text,73.2
815,11,auto,1444,290,1918,1004,1639,597,1744,668,0.367,256.7,True,TN03D9766,0.975,TN03D9766,accepted,349.1
816,23,bus,886,218,1195,513,962,451,1036,478,0.619,252.0,True,,,,no_text,171.9
816,11,auto,1442,291,1918,1004,1641,597,1748,666,0.536,252.0,True,TN03D9766,0.979,TN03D9766,accepted,233.3
816,22,auto,1442,291,1918,1004,1739,794,1841,845,0.273,252.0,True,,,,no_text,59.0
817,11,auto,1445,291,1918,1004,1640,597,1749,672,0.626,249.7,True,TN03D9766,0.990,TN03D9766,accepted,239.8
817,23,bus,872,217,1189,518,956,453,1026,482,0.527,249.7,True,TZA4115,0.646,,rejected,174.4
818,23,bus,848,211,1178,523,938,458,1008,484,0.630,243.7,True,TNZ3A4115,0.562,MZ3A4115,accepted,179.8
818,11,auto,1445,290,1918,1003,1642,594,1756,679,0.417,243.7,True,,,,no_text,164.4
819,23,bus,840,205,1176,525,925,461,1002,487,0.698,241.8,True,,,,no_text,217.6
819,11,auto,1448,294,1919,1005,1645,596,1754,676,0.501,241.8,True,,,,no_text,184.4
820,23,bus,820,201,1171,528,906,461,990,490,0.652,246.6,True,TN23AP4113,0.707,TN23AP4113,accepted,177.0
820,11,auto,1448,293,1919,1006,1646,596,1754,672,0.371,246.6,True,TN03D9766,0.988,TN03D9766,accepted,208.9
821,23,bus,807,197,1163,532,898,463,979,490,0.661,235.3,True,TN23AP4115,0.857,TN23AP4115,accepted,188.6
822,23,bus,776,189,1154,546,873,470,947,501,0.644,273.6,True,TN23AP4115,0.857,TN23AP4115,accepted,160.7
822,22,auto,1452,293,1919,1003,1831,686,1919,758,0.391,273.6,True,LPG,0.990,,rejected,262.9
823,23,bus,760,182,1154,548,856,470,932,502,0.564,258.6,True,TN23AP4115,0.795,TN23AP4115,accepted,178.5
823,22,auto,1451,292,1919,1004,1832,689,1919,754,0.376,258.6,True,LPG,0.961,,rejected,167.6
823,11,auto,1451,292,1919,1004,1647,592,1757,679,0.322,258.6,True,TN03D9766,0.977,TN03D9766,accepted,226.3
824,23,bus,741,180,1149,551,843,476,915,505,0.503,242.0,True,TNZ3AP4115,0.816,MZ3AP4115,accepted,173.8
824,11,auto,1452,292,1919,1003,1648,593,1757,673,0.355,242.0,True,TN03D9766,0.965,TN03D9766,accepted,205.7
824,22,auto,1452,292,1919,1003,1833,691,1919,753,0.258,242.0,True,LPG,0.867,,rejected,151.2
825,23,bus,713,173,1143,554,825,479,902,509,0.679,242.8,True,TN23AP4119,0.910,TN23AP4119,accepted,167.1
825,11,auto,1452,292,1919,1003,1648,593,1754,665,0.455,242.8,True,TN03D9766,0.976,TN03D9766,accepted,268.4
826,23,bus,668,158,1123,567,784,487,870,519,0.612,232.9,True,TN23AP4115,0.934,TN23AP4115,accepted,176.3
826,11,auto,1451,289,1920,1003,1644,590,1756,670,0.406,232.9,True,TN03D9766,0.983,TN03D9766,accepted,209.2
827,23,bus,652,156,1117,572,764,493,847,524,0.734,243.9,True,TN23AP4115,0.953,TN23AP4115,accepted,176.9
827,11,auto,1451,289,1920,1003,1645,590,1756,666,0.538,243.9,True,DTN03D9766,0.866,TN03D9766,accepted,262.5
828,23,bus,625,151,1110,578,742,498,823,530,0.663,248.8,True,TN23AP4115,0.974,TN23AP4115,accepted,174.8
828,11,auto,1451,290,1919,1002,1647,592,1755,663,0.614,248.8,True,TN03D9766,0.968,TN03D9766,accepted,252.9
829,23,bus,599,148,1100,589,715,501,805,537,0.721,227.3,True,TN23AP4115,0.968,TN23AP4115,accepted,174.6
829,23,bus,599,148,1100,589,717,447,806,491,0.635,227.3,True,,,,no_text,70.0
829,11,auto,1452,290,1919,1003,1646,591,1758,675,0.590,227.3,True,TN03D9766,0.965,TN03D9766,accepted,222.1
830,23,bus,562,140,1095,592,688,505,784,540,0.716,249.3,True,TN23AP4115,0.955,TN23AP4115,accepted,177.8
830,11,auto,1449,289,1919,1001,1650,590,1759,670,0.526,249.3,True,TN03D9766,0.968,TN03D9766,accepted,278.6
830,23,bus,562,140,1095,592,686,448,779,495,0.302,249.3,True,,,,no_text,58.2
831,23,bus,528,129,1089,599,662,511,759,546,0.762,245.1,True,TN23AP4115,0.979,TN23AP4115,accepted,196.9
831,11,auto,1449,287,1919,1002,1648,588,1762,687,0.513,245.1,True,TN03D9766,0.950,TN03D9766,accepted,204.7
831,23,bus,528,129,1089,599,651,447,755,498,0.276,245.1,True,,,,no_text,100.6
832,23,bus,500,123,1082,611,629,517,728,554,0.715,349.2,True,TN23AP4115,0.948,TN23AP4115,accepted,154.8
832,11,auto,1450,288,1919,1004,1646,590,1755,664,0.459,349.2,True,TN03D9766,0.979,TN03D9766,accepted,359.1
833,23,bus,462,116,1067,615,598,524,700,561,0.687,402.0,True,TN23AP4115,0.942,TN23AP4115,accepted,212.7
833,11,auto,1449,287,1920,1003,1646,592,1755,665,0.469,402.0,True,TN03D9766,0.966,TN03D9766,accepted,216.9
834,23,bus,384,98,1042,639,519,537,631,580,0.569,251.3,True,TN23AP4115,0.930,TN23AP4115,accepted,191.3
834,11,auto,1448,287,1919,1004,1646,592,1754,664,0.499,251.3,True,TN03D9766,0.969,TN03D9766,accepted,202.1
834,11,auto,1448,287,1919,1004,1646,590,1759,692,0.370,251.3,True,TN03D9766,0.962,TN03D9766,accepted,189.6
835,23,bus,328,85,1033,652,475,544,592,591,0.685,236.0,True,TN23AP4115,0.962,TN23AP4115,accepted,175.1
835,11,auto,1448,286,1919,1005,1645,594,1751,662,0.437,236.0,True,TN03D9766,0.973,TN03D9766,accepted,226.9
836,11,auto,1449,287,1919,1003,1644,591,1758,679,0.600,241.0,True,TN03D9766,0.986,TN03D9766,accepted,278.5
836,23,bus,284,78,1019,663,429,553,556,602,0.589,241.0,True,TN23AP4115,0.937,TN23AP4115,accepted,172.1
837,23,bus,237,70,1007,676,381,567,507,612,0.637,367.2,True,TN23AP4115,0.908,TN23AP4115,accepted,163.8
837,11,auto,1450,287,1920,1003,1645,592,1753,665,0.524,367.2,True,TN03D9766,0.968,TN03D9766,accepted,270.1
838,23,bus,164,59,995,692,326,577,459,624,0.627,235.3,True,TH23AP4115,0.912,TN23AP4115,accepted,195.1
838,11,auto,1450,288,1919,1003,1643,591,1756,682,0.550,235.3,True,TN03D9766,0.939,TN03D9766,accepted,270.7
839,11,auto,1450,288,1919,1004,1644,592,1757,678,0.601,240.2,True,TN03D9766,0.989,TN03D9766,accepted,209.7
839,23,bus,87,35,981,711,249,588,397,640,0.493,240.2,True,T23AP4115,0.809,,rejected,212.8
839,22,auto,1450,288,1919,1004,1835,692,1919,753,0.275,240.2,True,LPG,0.961,,rejected,172.9
840,23,bus,21,19,963,729,183,599,333,654,0.615,266.6,True,TN23AP4115,0.866,TN23AP4115,accepted,178.8
840,11,auto,1448,287,1919,1002,1645,590,1755,666,0.499,266.6,True,TN03D9766,0.983,TN03D9766,accepted,277.1
840,11,auto,1448,287,1919,1002,1647,588,1760,695,0.418,266.6,True,TN03D9766,0.969,TN03D9766,accepted,238.6
840,22,auto,1448,287,1919,1002,1714,764,1841,839,0.271,266.6,True,,,,no_text,53.8
841,23,bus,0,0,939,773,4,631,174,703,0.629,243.9,True,214115,0.733,,rejected,176.1
841,11,auto,1449,287,1919,1002,1646,591,1755,663,0.444,243.9,True,TN03D9766,0.971,TN03D9766,accepted,258.4
842,23,bus,0,0,907,805,0,653,80,730,0.545,234.8,True,,,,no_text,151.2
842,11,auto,1447,284,1918,998,1649,588,1760,670,0.501,234.8,True,TN03D9766,0.970,TN03D9766,accepted,230.4
842,24,auto,1447,284,1918,998,1714,764,1841,839,0.284,234.8,True,,,,no_text,53.5
843,11,auto,1448,287,1919,1000,1644,588,1759,669,0.375,249.8,True,TN03D9766,0.976,TN03D9766,accepted,200.2
843,24,auto,1448,287,1919,1000,1717,764,1843,839,0.305,249.8,True,,,,no_text,54.1
844,11,auto,1445,288,1919,1002,1647,593,1751,661,0.430,268.9,True,TN03D9766,0.986,TN03D9766,accepted,230.8
845,11,auto,1447,287,1919,1001,1640,590,1757,678,0.456,315.3,True,,,,no_text,245.0
846,11,auto,1448,289,1920,1003,1649,594,1753,660,0.366,218.9,True,TN03D9766,0.979,TN03D9766,accepted,214.0
846,24,auto,1448,289,1920,1003,1831,690,1919,754,0.286,218.9,True,LPG,0.977,,rejected,149.6
847,11,auto,1447,287,1919,1000,1645,590,1754,664,0.523,245.5,True,TN03D9766,0.962,TN03D9766,accepted,253.1
848,11,auto,1449,288,1919,1001,1652,587,1766,670,0.430,243.4,True,TN03D9766,0.962,TN03D9766,accepted,240.9
848,25,car,1270,338,1421,465,1314,421,1357,438,0.317,243.4,True,,,,no_text,174.9
849,11,auto,1448,287,1919,1000,1647,587,1759,658,0.487,234.4,True,TN03D9766,0.984,TN03D9766,accepted,246.2
849,26,bus,1013,305,1231,527,1087,449,1135,479,0.352,234.4,True,,,,no_text,54.9
850,11,auto,1447,285,1919,1000,1646,588,1758,658,0.344,258.7,True,TN03D9766,0.978,TN03D9766,accepted,245.6
850,26,bus,1013,305,1225,531,1079,452,1128,485,0.254,258.7,True,,,,no_text,50.6
851,11,auto,1446,285,1920,1000,1646,588,1757,658,0.360,249.4,True,TN03D9766,0.976,TN03D9766,accepted,247.6
851,26,bus,1012,303,1222,536,1066,456,1118,486,0.350,249.4,True,,,,no_text,54.2
851,26,bus,1012,303,1222,536,1068,451,1117,479,0.315,249.4,True,,,,no_text,69.2
852,26,bus,989,300,1212,547,1044,463,1099,492,0.303,243.5,True,,,,no_text,57.5
852,11,auto,1446,285,1920,1000,1646,589,1759,661,0.297,243.5,True,TN03D9766,0.979,TN03D9766,accepted,219.4
853,11,auto,1447,284,1920,1000,1649,586,1764,661,0.490,244.0,True,TN03D9766,0.981,TN03D9766,accepted,241.2
854,11,auto,1440,284,1920,1000,1649,586,1762,660,0.590,227.3,True,TN03D9766,0.980,TN03D9766,accepted,242.2
855,11,auto,1445,284,1920,997,1647,588,1756,652,0.433,228.3,True,TN03D9766,0.985,TN03D9766,accepted,200.5
856,11,auto,1447,283,1920,997,1647,587,1758,655,0.517,251.6,True,DTN03D9766,0.870,TN03D9766,accepted,244.8
857,11,auto,1444,283,1920,998,1645,587,1760,657,0.389,231.5,True,TN03D9766,0.974,TN03D9766,accepted,247.4
857,25,car,1243,338,1411,473,1288,424,1333,441,0.263,231.5,True,,,,no_text,183.6
858,11,auto,1445,285,1920,997,1646,587,1757,653,0.467,243.8,True,TN03D9766,0.985,TN03D9766,accepted,204.2
858,25,car,1239,336,1409,474,1286,422,1331,439,0.284,243.8,True,,,,no_text,182.0
859,11,auto,1446,282,1920,997,1645,586,1758,654,0.546,276.0,True,TN03D9766,0.980,TN03D9766,accepted,343.4
860,11,auto,1445,285,1920,998,1645,588,1758,654,0.447,238.1,True,TN03D9766,0.977,TN03D9766,accepted,191.9
861,11,auto,1448,286,1920,997,1646,587,1757,653,0.454,253.3,True,TN03D9766,0.989,TN03D9766,accepted,205.5
862,11,auto,1447,284,1920,998,1644,587,1757,655,0.615,251.2,True,TN03D9766,0.987,TN03D9766,accepted,196.5
863,11,auto,1447,287,1920,999,1644,587,1759,657,0.495,231.0,True,TN03D9766,0.985,TN03D9766,accepted,212.3
864,11,auto,1447,286,1920,998,1646,588,1758,654,0.515,272.8,True,TN03D9766,0.984,TN03D9766,accepted,188.8
865,11,auto,1446,286,1920,998,1645,587,1757,654,0.603,230.5,True,TN03D9766,0.989,TN03D9766,accepted,196.6
866,11,auto,1447,284,1920,997,1644,585,1757,655,0.628,258.2,True,TN03D9766,0.974,TN03D9766,accepted,267.2
866,25,car,1209,332,1396,486,1262,430,1311,448,0.377,258.2,True,,,,no_text,184.4
867,11,auto,1446,286,1920,999,1647,589,1759,656,0.569,241.5,True,TN03D9766,0.981,TN03D9766,accepted,203.8
868,11,auto,1447,286,1920,999,1645,588,1759,655,0.534,238.6,True,TN03D9766,0.987,TN03D9766,accepted,250.2
869,11,auto,1447,284,1920,997,1644,586,1759,653,0.553,263.5,True,TN03D9766,0.977,TN03D9766,accepted,192.2
870,11,auto,1450,286,1920,998,1646,588,1757,653,0.518,244.5,True,TN03D9766,0.980,TN03D9766,accepted,210.8
870,25,car,1193,327,1392,493,1244,435,1303,456,0.488,244.5,True,,,,no_text,201.6
871,11,auto,1449,284,1920,997,1645,587,1758,653,0.465,267.8,True,TN03D9766,0.981,TN03D9766,accepted,191.5
871,25,car,1189,327,1392,494,1243,437,1301,456,0.369,267.8,True,,,,no_text,191.6
872,11,auto,1449,283,1920,997,1645,587,1758,654,0.512,256.7,True,TN03D9766,0.975,TN03D9766,accepted,196.8
872,25,car,1185,325,1388,496,1238,437,1299,457,0.487,256.7,True,,,,no_text,191.6
873,25,car,1180,323,1386,498,1234,439,1294,459,0.562,407.6,True,,,,no_text,186.5
873,11,auto,1445,284,1920,999,1647,588,1756,653,0.473,407.6,True,TN03D9766,0.989,TN03D9766,accepted,316.1
873,27,auto,1445,284,1920,999,1830,613,1920,743,0.291,407.6,True,2020,0.987,,rejected,235.8
874,11,auto,1444,283,1920,998,1644,585,1759,656,0.577,283.3,True,TN03D9766,0.972,TN03D9766,accepted,270.3
874,25,car,1161,324,1382,505,1217,439,1282,462,0.468,283.3,True,T2Z78104,0.518,,rejected,188.8
874,11,auto,1444,283,1920,998,1638,583,1763,708,0.373,283.3,True,TN03,0.937,,rejected,140.0
875,25,car,1156,321,1378,510,1218,442,1279,463,0.562,387.2,True,,,,no_text,169.1
875,11,auto,1442,283,1920,1000,1645,589,1757,655,0.355,387.2,True,TN03D9766,0.981,TN03D9766,accepted,205.8
875,27,auto,1442,283,1920,1000,1828,611,1920,744,0.291,387.2,True,,,,no_text,53.1
876,25,car,1146,319,1377,513,1208,444,1272,466,0.587,236.2,True,TOZATETO4,0.629,,rejected,194.3
876,11,auto,1441,282,1920,999,1648,587,1762,663,0.315,236.2,True,TN03D9766,0.985,TN03D9766,accepted,278.5
876,27,auto,1441,282,1920,999,1828,610,1920,744,0.267,236.2,True,,,,no_text,52.4
877,25,car,1142,320,1376,515,1205,444,1269,466,0.543,252.8,True,STHOZATBTOE,0.598,,rejected,187.4
877,11,auto,1447,284,1920,998,1645,587,1757,654,0.500,252.8,True,TN03D9766,0.981,TN03D9766,accepted,208.2
878,25,car,1135,320,1375,518,1200,446,1267,467,0.618,233.4,True,224278104,0.653,,rejected,178.0
878,11,auto,1446,283,1920,999,1643,587,1756,653,0.376,233.4,True,TN03D9766,0.975,TN03D9766,accepted,212.2
879,25,car,1131,320,1372,522,1192,447,1261,472,0.672,227.4,True,ETNOCATOTOA,0.558,,rejected,178.3
879,28,auto,347,265,780,686,400,424,461,465,0.531,227.4,True,,,,no_text,57.8
879,11,auto,1445,284,1920,999,1636,586,1763,706,0.393,227.4,True,TN03D9766,0.929,TN03D9766,accepted,267.4
880,25,car,1125,319,1370,525,1184,448,1260,475,0.670,243.2,True,SINSZATOIOA,0.560,,rejected,190.4
880,11,auto,1443,283,1920,1000,1637,587,1762,702,0.465,243.2,True,TN03D9766,0.958,TN03D9766,accepted,275.9
880,11,auto,1443,283,1920,1000,1639,588,1758,664,0.342,243.2,True,TN03D9766,0.989,TN03D9766,accepted,209.9
881,25,car,1112,316,1368,529,1179,455,1249,481,0.569,262.9,True,TNOZATOTO4,0.523,,rejected,183.6
881,11,auto,1445,284,1919,998,1642,587,1758,663,0.344,262.9,True,TN03D9766,0.982,TN03D9766,accepted,209.2
881,11,auto,1445,284,1919,998,1638,584,1762,702,0.339,262.9,True,TN03D9766,0.961,TN03D9766,accepted,199.2
881,29,auto,157,251,698,748,217,437,292,484,0.257,262.9,True,,,,no_text,54.3
882,25,car,1108,317,1365,532,1171,457,1243,482,0.674,239.4,True,,,,no_text,195.8
882,29,auto,77,243,667,769,151,440,222,490,0.412,239.4,True,,,,no_text,56.1
882,11,auto,1444,283,1919,998,1637,581,1760,693,0.387,239.4,True,TN03D9766,0.944,TN03D9766,accepted,210.4
882,11,auto,1444,283,1919,998,1641,586,1759,668,0.380,239.4,True,TN03D9766,0.972,TN03D9766,accepted,195.5
883,25,car,1099,316,1364,537,1165,458,1238,485,0.721,239.9,True,,,,no_text,69.8
883,29,auto,2,235,638,803,67,448,140,500,0.426,239.9,True,,,,no_text,61.9
883,11,auto,1446,285,1919,999,1639,584,1763,705,0.387,239.9,True,TN03D9766,0.982,TN03D9766,accepted,277.3
883,11,auto,1446,285,1919,999,1642,587,1758,665,0.341,239.9,True,,,,no_text,195.4
883,29,auto,2,235,638,803,36,447,139,502,0.277,239.9,True,,,,no_text,57.1
884,25,car,1091,313,1361,540,1157,460,1234,490,0.656,244.2,True,INOZAYO104,0.765,TN0ZAY0104,accepted,169.9
884,11,auto,1445,287,1919,997,1640,587,1757,669,0.302,244.2,True,TN03D9766,0.981,TN03D9766,accepted,204.3
884,11,auto,1445,287,1919,997,1634,584,1759,702,0.291,244.2,True,TN03D9766,0.973,TN03D9766,accepted,233.4
884,29,auto,0,232,599,825,0,463,45,505,0.283,244.2,True,,,,no_text,40.4
885,25,car,1082,316,1358,544,1150,466,1228,492,0.641,256.2,True,EINOZAT8104,0.602,TN0ZAT8104,accepted,194.4
885,11,auto,1447,287,1919,998,1633,586,1761,703,0.544,256.2,True,TN03D9766,0.964,TN03D9766,accepted,434.1
885,11,auto,1447,287,1919,998,1634,587,1756,670,0.438,256.2,True,TN03D9766,0.990,TN03D9766,accepted,219.6
886,25,car,1077,313,1353,545,1144,467,1222,493,0.647,260.7,True,INOZATOTO4,0.531,,rejected,201.1
886,11,auto,1447,287,1919,997,1633,581,1761,704,0.462,260.7,True,TN03D9766,0.950,TN03D9766,accepted,272.7
886,11,auto,1447,287,1919,997,1634,582,1756,666,0.282,260.7,True,TN03D9766,0.983,TN03D9766,accepted,199.5
887,25,car,1067,314,1351,550,1139,471,1218,498,0.696,246.3,True,TNOZATOIO4,0.695,TN0ZAT0104,accepted,193.2
888,25,car,1060,314,1350,555,1129,472,1211,502,0.694,251.9,True,TNOZAT81O4,0.692,TN0ZAT8104,accepted,178.4
889,25,car,1052,310,1348,556,1121,473,1206,501,0.701,239.8,True,TNOZAT81O4,0.718,TN0ZAT8104,accepted,176.4
889,11,auto,1451,285,1919,996,1638,584,1759,657,0.534,239.8,True,TN03D9766,0.977,TN03D9766,accepted,269.5
889,11,auto,1451,285,1919,996,1635,580,1762,697,0.325,239.8,True,TN03D9766,0.967,TN03D9766,accepted,236.2
890,25,car,1029,310,1341,569,1106,478,1189,506,0.652,296.4,True,TNOZATA104,0.704,TN02ATA104,accepted,162.4
890,11,auto,1447,288,1919,996,1639,587,1755,660,0.358,296.4,True,TN03D9766,0.977,TN03D9766,accepted,281.7
890,11,auto,1447,288,1919,996,1635,584,1760,695,0.326,296.4,True,TN03D9766,0.965,TN03D9766,accepted,244.2
891,25,car,1017,311,1338,571,1095,480,1182,508,0.643,329.9,True,TNOCAT6104,0.697,TN0CAT6104,accepted,181.4
891,30,motorcycle,694,405,888,665,720,500,790,532,0.362,329.9,True,,,,no_text,102.4
891,11,auto,1447,287,1919,996,1637,587,1752,655,0.306,329.9,True,TN03D9766,0.979,TN03D9766,accepted,227.1
892,25,car,1009,309,1337,577,1088,481,1175,513,0.661,312.5,True,INOZATB1O4,0.681,TN0ZAT8104,accepted,181.2
892,30,motorcycle,675,402,880,678,700,504,768,537,0.420,312.5,True,,,,no_text,76.1
892,11,auto,1452,286,1919,997,1639,584,1753,662,0.372,312.5,True,TN03D9766,0.980,TN03D9766,accepted,217.2
892,11,auto,1452,286,1919,997,1633,579,1757,701,0.369,312.5,True,TN03,0.967,,rejected,185.5
893,25,car,1001,311,1333,581,1079,485,1169,516,0.757,226.8,True,TNOZAT8104,0.797,TN0ZAT8104,accepted,174.4
893,11,auto,1450,287,1919,996,1641,587,1755,657,0.437,226.8,True,TN03D9766,0.983,TN03D9766,accepted,206.6
893,11,auto,1450,287,1919,996,1639,584,1759,681,0.275,226.8,True,TN03D9766,0.975,TN03D9766,accepted,189.3
894,25,car,988,308,1329,586,1069,487,1160,519,0.730,256.4,True,TNOZATB104,0.841,TN0ZAT8104,accepted,175.4
894,11,auto,1452,287,1919,996,1639,585,1759,656,0.490,256.4,True,TN03D9766,0.976,TN03D9766,accepted,206.3
894,30,motorcycle,605,401,843,714,645,460,701,499,0.362,256.4,True,,,,no_text,46.2
894,11,auto,1452,287,1919,996,1636,580,1763,703,0.329,256.4,True,TN03D9766,0.973,TN03D9766,accepted,268.9
895,25,car,972,307,1324,593,1056,493,1152,524,0.677,233.2,True,TNOZAT8104,0.843,TN0ZAT8104,accepted,196.6
895,11,auto,1449,285,1919,994,1633,584,1760,703,0.411,233.2,True,TN03D9766,0.972,TN03D9766,accepted,303.0
895,11,auto,1449,285,1919,994,1639,587,1753,661,0.351,233.2,True,TN03D9766,0.972,TN03D9766,accepted,189.5
895,30,motorcycle,560,414,814,734,603,460,666,498,0.294,233.2,True,,,,no_text,54.5
896,25,car,960,309,1319,599,1043,498,1139,527,0.695,242.7,True,TNO4AT6104,0.818,NL4AT6104,accepted,194.1
896,11,auto,1450,287,1919,995,1632,587,1758,700,0.629,242.7,True,TN03D9766,0.978,TN03D9766,accepted,263.4
896,30,motorcycle,516,417,787,759,560,483,624,523,0.484,242.7,True,,,,no_text,53.4
896,11,auto,1450,287,1919,995,1635,588,1754,667,0.466,242.7,True,TN03D9766,0.954,TN03D9766,accepted,218.9
897,25,car,945,307,1317,606,1032,501,1129,532,0.674,233.4,True,TNO4AT6104,0.755,NL4AT6104,accepted,190.4
897,11,auto,1451,285,1919,995,1631,586,1761,705,0.470,233.4,True,TN03D9766,0.952,TN03D9766,accepted,254.7
898,25,car,917,307,1309,623,1006,514,1109,546,0.757,232.0,True,TNO4AT8104,0.835,NL4AT8104,accepted,191.1
898,11,auto,1452,286,1919,995,1637,584,1761,704,0.273,232.0,True,TN03D9766,0.950,TN03D9766,accepted,189.0
899,25,car,903,306,1306,631,991,521,1095,553,0.732,244.6,True,TN04AT8104,0.809,TN04AT8104,accepted,177.7
899,11,auto,1451,285,1920,996,1637,588,1761,695,0.396,244.6,True,TN03D9766,0.981,TN03D9766,accepted,195.5
899,11,auto,1451,285,1920,996,1638,590,1755,662,0.326,244.6,True,TN03D9766,0.979,TN03D9766,accepted,193.5
900,25,car,883,303,1300,638,975,525,1087,562,0.769,231.0,True,TN04AY8104,0.851,TN04AY8104,accepted,179.4
900,11,auto,1450,286,1919,995,1641,586,1752,657,0.299,231.0,True,TN03D9766,0.984,TN03D9766,accepted,208.8
901,25,car,866,304,1296,644,960,532,1070,569,0.782,231.8,True,TNO4AY8104,0.856,NL4AY8104,accepted,178.0
901,11,auto,1452,284,1919,993,1641,587,1754,659,0.295,231.8,True,TN03D9766,0.977,TN03D9766,accepted,272.2
901,11,auto,1452,284,1919,993,1638,584,1760,694,0.254,231.8,True,TN03D9766,0.968,TN03D9766,accepted,185.7
902,25,car,843,304,1292,656,944,542,1055,577,0.706,231.5,True,TNO4AT8104,0.819,NL4AT8104,accepted,199.2
902,11,auto,1453,286,1919,993,1636,586,1760,699,0.428,231.5,True,TN03D9766,0.976,TN03D9766,accepted,198.5
902,11,auto,1453,286,1919,993,1639,589,1756,669,0.257,231.5,True,TN03D9766,0.987,TN03D9766,accepted,194.7
903,25,car,823,303,1288,665,922,548,1041,584,0.762,227.5,True,INO4A78104,0.799,,rejected,196.6
903,11,auto,1452,285,1919,993,1637,586,1759,696,0.283,227.5,True,TN03D9766,0.971,TN03D9766,accepted,198.8
903,11,auto,1452,285,1919,993,1643,588,1758,669,0.267,227.5,True,970,0.504,,rejected,153.6
904,25,car,800,299,1285,672,904,553,1025,592,0.796,236.8,True,TN04AY8104,0.877,TN04AY8104,accepted,197.0
904,11,auto,1452,284,1919,993,1641,586,1755,655,0.433,236.8,True,TN03D9766,0.986,TN03D9766,accepted,209.4
905,25,car,775,300,1278,685,880,564,1006,600,0.723,232.8,True,TNO4AY8104,0.851,NL4AY8104,accepted,199.7
905,11,auto,1452,287,1919,994,1642,588,1759,665,0.431,232.8,True,TN03D9766,0.990,TN03D9766,accepted,205.7
905,11,auto,1452,287,1919,994,1637,586,1760,695,0.385,232.8,True,TN03D9766,0.938,TN03D9766,accepted,187.7
906,25,car,751,299,1272,699,858,572,987,612,0.771,231.3,True,TNO4AY8104,0.895,NL4AY8104,accepted,190.1
906,11,auto,1453,286,1919,994,1646,590,1759,666,0.379,231.3,True,TN03D9766,0.983,TN03D9766,accepted,207.6
907,25,car,723,299,1268,713,831,582,965,620,0.777,249.0,True,ETN04AY8104,0.882,TN04AY8104,accepted,200.3
907,11,auto,1453,287,1919,994,1641,587,1758,670,0.427,249.0,True,TN03D9766,0.986,TN03D9766,accepted,191.6
908,25,car,692,298,1261,725,805,589,945,628,0.719,245.1,True,TNO4AY8104,0.912,NL4AY8104,accepted,177.8
908,11,auto,1453,286,1919,994,1646,589,1758,660,0.350,245.1,True,TN03D9766,0.989,TN03D9766,accepted,203.8
908,11,auto,1453,286,1919,994,1641,587,1760,691,0.268,245.1,True,TN03D9766,0.970,TN03D9766,accepted,194.8
909,25,car,655,298,1250,740,775,598,921,641,0.807,235.5,True,TN04AY8104,0.904,TN04AY8104,accepted,181.3
909,11,auto,1453,285,1919,993,1637,587,1760,702,0.606,235.5,True,TN03D9766,0.979,TN03D9766,accepted,200.3
909,11,auto,1453,285,1919,993,1640,588,1755,665,0.397,235.5,True,TN03D9766,0.992,TN03D9766,accepted,198.4
910,25,car,619,297,1244,758,739,606,890,651,0.776,233.9,True,TN04AY8104,0.875,TN04AY8104,accepted,183.5
910,11,auto,1454,287,1919,994,1641,585,1762,704,0.470,233.9,True,,,,no_text,154.2
910,11,auto,1454,287,1919,994,1647,588,1761,675,0.399,233.9,True,,,,no_text,162.4
911,25,car,576,295,1236,779,708,621,862,663,0.762,246.0,True,TN04AY8104,0.930,TN04AY8104,accepted,180.1
911,11,auto,1454,287,1919,993,1634,586,1761,708,0.656,246.0,True,TN03D9766,0.962,TN03D9766,accepted,195.3
912,25,car,534,291,1227,801,662,632,827,680,0.745,228.4,True,TN04AY8104,0.912,TN04AY8104,accepted,183.0
912,11,auto,1452,286,1918,993,1636,588,1760,700,0.633,228.4,True,TN03D9766,0.962,TN03D9766,accepted,201.7
912,11,auto,1452,286,1918,993,1638,589,1756,665,0.465,228.4,True,TN03D9766,0.984,TN03D9766,accepted,196.0
913,25,car,484,288,1218,828,619,649,790,696,0.755,233.0,True,TN04AY8104,0.940,TN04AY8104,accepted,182.7
913,11,auto,1453,287,1918,993,1634,587,1761,706,0.731,233.0,True,TN03D9766,0.965,TN03D9766,accepted,201.0
914,25,car,428,284,1213,851,572,667,751,717,0.740,235.1,True,TN04AY8104,0.881,TN04AY8104,accepted,181.8
914,11,auto,1453,285,1919,993,1640,588,1761,704,0.560,235.1,True,TN03D9766,0.965,TN03D9766,accepted,197.8
914,11,auto,1453,285,1919,993,1641,589,1756,671,0.338,235.1,True,TN03D9766,0.990,TN03D9766,accepted,195.5
914,31,auto,1453,285,1919,993,1824,600,1919,742,0.295,235.1,True,,,,no_text,52.6
915,25,car,362,280,1204,885,513,686,705,743,0.765,244.7,True,TN04AY8104,0.961,TN04AY8104,accepted,199.9
915,11,auto,1453,286,1919,994,1644,587,1753,655,0.599,244.7,True,TN03D9766,0.980,TN03D9766,accepted,211.4
915,11,auto,1453,286,1919,994,1642,584,1756,683,0.404,244.7,True,TN03D9766,0.970,TN03D9766,accepted,187.6
916,25,car,295,276,1198,910,447,714,649,773,0.751,242.7,True,TN04AY8104,0.969,TN04AY8104,accepted,184.7
916,11,auto,1453,284,1919,993,1645,586,1757,663,0.485,242.7,True,TN03D9766,0.975,TN03D9766,accepted,206.5
916,11,auto,1453,284,1919,993,1641,583,1756,693,0.399,242.7,True,TN03D9766,0.964,TN03D9766,accepted,187.3
917,25,car,217,272,1186,952,373,739,586,812,0.772,230.9,True,ETN04AY8104,0.888,TN04AY8104,accepted,192.5
917,11,auto,1453,283,1919,993,1639,587,1760,703,0.545,230.9,True,TN03D9766,0.950,TN03D9766,accepted,196.3
917,11,auto,1453,283,1919,993,1640,589,1755,665,0.335,230.9,True,TN03D9766,0.982,TN03D9766,accepted,196.5
918,25,car,129,267,1174,990,289,774,515,853,0.706,229.2,True,TNO4AY8104,0.938,NL4AY8104,accepted,177.8
918,11,auto,1452,282,1919,993,1640,586,1761,702,0.516,229.2,True,TN03D9766,0.970,TN03D9766,accepted,204.4
918,11,auto,1452,282,1919,993,1644,588,1760,673,0.479,229.2,True,TN03D9766,0.978,TN03D9766,accepted,197.3
919,25,car,30,261,1161,1047,189,810,433,902,0.747,232.7,True,TNO4AY8104,0.941,NL4AY8104,accepted,178.3
919,11,auto,1451,282,1919,993,1641,586,1760,700,0.512,232.7,True,TN03D9766,0.971,TN03D9766,accepted,202.8
919,11,auto,1451,282,1919,993,1640,587,1756,662,0.360,232.7,True,TN03D9766,0.987,TN03D9766,accepted,205.4
920,25,car,1,256,1153,1076,63,853,332,958,0.726,231.2,True,TNO4AY8104,0.918,NL4AY8104,accepted,178.4
920,11,auto,1451,282,1919,993,1646,589,1759,666,0.498,231.2,True,TN03D9766,0.980,TN03D9766,accepted,211.5
920,11,auto,1451,282,1919,993,1643,586,1760,697,0.434,231.2,True,TN03D9766,0.971,TN03D9766,accepted,193.7
921,25,car,0,251,1140,1080,0,914,201,1034,0.810,238.2,True,04AY8104,0.915,,rejected,159.3
921,11,auto,1450,282,1919,993,1640,588,1760,702,0.600,238.2,True,TN03D9766,0.966,TN03D9766,accepted,198.0
921,11,auto,1450,282,1919,993,1639,589,1755,672,0.347,238.2,True,TN03D9766,0.984,TN03D9766,accepted,197.5
922,11,auto,1451,282,1919,994,1637,587,1761,705,0.663,229.9,True,TN03D9766,0.972,TN03D9766,accepted,191.0
923,11,auto,1450,283,1919,994,1641,588,1759,693,0.524,231.9,True,TN03D9766,0.970,TN03D9766,accepted,187.0
923,11,auto,1450,283,1919,994,1641,590,1755,662,0.426,231.9,True,TN03D9766,0.986,TN03D9766,accepted,217.4
924,11,auto,1449,279,1920,994,1637,588,1758,698,0.529,254.7,True,TN03D9766,0.975,TN03D9766,accepted,185.9
924,11,auto,1449,279,1920,994,1637,590,1753,665,0.362,254.7,True,TN03D9766,0.986,TN03D9766,accepted,200.3
925,11,auto,1449,279,1919,994,1638,588,1758,693,0.487,239.2,True,TN03D9766,0.962,TN03D9766,accepted,189.7
925,11,auto,1449,279,1919,994,1640,589,1755,663,0.388,239.2,True,TN03D9766,0.986,TN03D9766,accepted,199.8
926,11,auto,1450,279,1919,993,1641,586,1759,674,0.574,230.6,True,TN03D9766,0.985,TN03D9766,accepted,197.0
927,11,auto,1451,282,1919,993,1637,587,1761,702,0.644,236.0,True,TN03D9766,0.975,TN03D9766,accepted,188.5
927,11,auto,1451,282,1919,993,1638,587,1756,666,0.484,236.0,True,TN03D9766,0.979,TN03D9766,accepted,202.0
928,11,auto,1449,281,1919,993,1637,587,1761,700,0.576,231.6,True,TN03D9766,0.984,TN03D9766,accepted,187.3
928,11,auto,1449,281,1919,993,1638,587,1757,663,0.450,231.6,True,TN03D9766,0.982,TN03D9766,accepted,202.5
929,11,auto,1447,282,1920,993,1641,590,1749,656,0.291,234.6,True,TN03D9766,0.985,TN03D9766,accepted,269.2
930,11,auto,1451,285,1919,994,1641,586,1760,671,0.538,233.3,True,TN03D9766,0.986,TN03D9766,accepted,199.5
931,11,auto,1450,280,1920,994,1641,584,1762,703,0.458,234.6,True,TN03,0.862,,rejected,147.0
931,11,auto,1450,280,1920,994,1643,587,1758,667,0.326,234.6,True,TN03D9766,0.978,TN03D9766,accepted,206.6
932,32,car,729,319,1054,545,777,467,856,510,0.601,244.1,True,12339333,0.810,MZ339333,accepted,162.2
932,11,auto,1450,281,1919,994,1637,582,1761,705,0.366,244.1,True,TN03D9766,0.956,TN03D9766,accepted,197.8
933,32,car,680,319,1042,551,755,468,840,510,0.698,235.8,True,T128J9333,0.855,MZ8J9333,accepted,163.8
934,32,car,673,319,1035,558,737,472,820,511,0.679,239.9,True,TH128J9333,0.892,TN1ZBJ9333,accepted,167.8
934,11,auto,1450,283,1919,994,1636,585,1761,702,0.474,239.9,True,TN03D97663,0.907,,rejected,248.5
934,11,auto,1450,283,1919,994,1637,587,1757,665,0.303,239.9,True,TN03D9766,0.944,TN03D9766,accepted,200.7
935,32,car,635,316,1015,571,701,481,783,520,0.623,234.7,True,TN128J9333,0.815,TN1ZBJ9333,accepted,166.4
935,11,auto,1450,281,1919,994,1637,583,1761,706,0.394,234.7,True,TN03D9766,0.969,TN03D9766,accepted,200.1
936,32,car,616,317,1006,577,681,485,762,522,0.585,237.9,True,TN128J9333,0.898,TN1ZBJ9333,accepted,165.7
936,11,auto,1451,281,1919,994,1636,585,1762,707,0.510,237.9,True,TN03D9766,0.957,TN03D9766,accepted,256.1
936,33,car,1197,340,1319,455,1210,396,1257,410,0.277,237.9,True,JOOU,0.690,,rejected,212.1
936,11,auto,1451,281,1919,994,1640,588,1757,676,0.252,237.9,True,TN03D9766,0.977,TN03D9766,accepted,207.3
937,32,car,592,316,998,584,656,491,743,530,0.604,231.1,True,TN12839333,0.858,,rejected,174.0
937,11,auto,1450,280,1920,994,1641,586,1763,704,0.431,231.1,True,TN03D9766,0.969,TN03D9766,accepted,194.7
937,11,auto,1450,280,1920,994,1643,588,1759,668,0.372,231.1,True,TN03D9766,0.984,TN03D9766,accepted,195.6
938,32,car,568,315,987,591,633,496,720,531,0.626,229.4,True,TN128J9333,0.940,TN1ZBJ9333,accepted,177.4
938,11,auto,1452,282,1920,995,1640,586,1763,701,0.511,229.4,True,TN03D9766,0.945,TN03D9766,accepted,262.4
938,11,auto,1452,282,1920,995,1642,588,1759,671,0.463,229.4,True,TN03D9766,0.982,TN03D9766,accepted,194.0
938,33,car,1190,341,1319,459,1211,403,1261,417,0.343,229.4,True,,,,no_text,332.5
938,33,motorcycle,1089,388,1197,548,1109,410,1161,445,0.269,229.4,True,,,,no_text,68.3
939,32,car,539,313,977,599,606,500,697,544,0.505,255.6,True,TN128J9333,0.908,TN1ZBJ9333,accepted,167.1
939,11,auto,1452,284,1919,995,1641,584,1762,705,0.436,255.6,True,TN03D9766,0.972,TN03D9766,accepted,195.7
939,11,auto,1452,284,1919,995,1643,587,1758,667,0.309,255.6,True,TN03D9766,0.974,TN03D9766,accepted,203.6
939,33,motorcycle,1083,389,1192,550,1093,417,1140,450,0.261,255.6,True,,,,no_text,47.9
940,32,car,512,310,964,610,583,506,672,551,0.594,323.7,True,TN128J9333,0.925,TN1ZBJ9333,accepted,173.5
940,11,auto,1450,283,1919,996,1637,586,1764,708,0.575,323.7,True,TN03D9766,0.983,TN03D9766,accepted,193.0
941,32,car,482,308,955,618,548,510,645,553,0.540,230.4,True,TN128J9333,0.864,TN1ZBJ9333,accepted,174.6
941,11,auto,1450,285,1919,997,1638,585,1763,709,0.450,230.4,True,TN03D9766,0.932,TN03D9766,accepted,306.3
941,11,auto,1450,285,1919,997,1647,586,1762,679,0.383,230.4,True,TN03D9766,0.955,TN03D9766,accepted,251.2
942,32,car,411,311,927,635,479,525,583,569,0.631,234.8,True,TN128J9333,0.893,TN1ZBJ9333,accepted,170.9
942,34,auto,1452,287,1919,1000,1712,763,1847,837,0.392,234.8,True,,,,no_text,70.0
942,11,auto,1452,287,1919,1000,1638,587,1762,706,0.324,234.8,True,TN03D9766,0.973,TN03D9766,accepted,262.0
942,11,auto,1452,287,1919,1000,1645,589,1761,676,0.266,234.8,True,703,0.560,,rejected,151.0
943,32,car,374,307,909,644,443,531,546,573,0.682,246.1,True,TH128J9333,0.904,TN1ZBJ9333,accepted,170.2
943,11,auto,1451,286,1919,999,1639,587,1763,704,0.512,246.1,True,TN03D9766,0.974,TN03D9766,accepted,249.6
943,11,auto,1451,286,1919,999,1641,589,1759,666,0.310,246.1,True,TN03D9766,0.968,TN03D9766,accepted,210.3
944,32,car,323,306,894,659,402,539,506,581,0.602,238.8,True,TN128J9333,0.918,TN1ZBJ9333,accepted,173.3
944,11,auto,1450,285,1919,999,1638,585,1762,703,0.375,238.8,True,TN03D9766,0.950,TN03D9766,accepted,205.6
944,11,auto,1450,285,1919,999,1641,588,1759,672,0.324,238.8,True,TN03D9766,0.992,TN03D9766,accepted,200.3
945,32,car,285,304,881,669,356,543,467,588,0.609,238.9,True,TN12BJ9333,0.902,TN12BJ9333,accepted,175.0
945,11,auto,1450,286,1920,999,1636,588,1764,709,0.576,238.9,True,TN03D9766,0.954,TN03D9766,accepted,245.7
945,33,motorcycle,1018,387,1154,590,1035,440,1091,464,0.309,238.9,True,,,,no_text,65.2
946,32,car,233,304,863,681,310,555,424,596,0.686,269.7,True,TN128J9333,0.907,TN1ZBJ9333,accepted,175.3
946,11,auto,1455,286,1920,998,1650,590,1762,667,0.487,269.7,True,TN03D9766,0.976,TN03D9766,accepted,270.4
946,11,auto,1455,286,1920,998,1646,589,1764,704,0.475,269.7,True,TN03D9766,0.975,TN03D9766,accepted,236.5
947,32,car,182,303,841,696,256,563,372,604,0.707,229.3,True,TH128J9333,0.891,TN1ZBJ9333,accepted,202.1
947,11,auto,1452,286,1920,998,1644,589,1763,707,0.427,229.3,True,TN03D9766,0.972,TN03D9766,accepted,198.5
947,11,auto,1452,286,1920,998,1650,590,1761,673,0.416,229.3,True,TN03D9766,0.987,TN03D9766,accepted,262.0
947,35,auto,1452,286,1920,998,1829,610,1920,741,0.377,229.3,True,,,,no_text,52.6
948,32,car,67,299,802,726,131,586,258,628,0.708,240.1,True,TH128J3333,0.853,TN1ZBJ3333,accepted,198.4
948,11,auto,1451,285,1920,997,1651,589,1762,666,0.413,240.1,True,TN03D9766,0.975,TN03D9766,accepted,208.2
948,33,motorcycle,972,401,1110,617,992,461,1053,491,0.393,240.1,True,,,,no_text,60.5
948,11,auto,1451,285,1920,997,1647,588,1764,704,0.368,240.1,True,TN03D9766,0.969,TN03D9766,accepted,210.8
949,32,car,0,294,781,744,54,596,192,647,0.752,226.9,True,TH128J9333,0.913,TN1ZBJ9333,accepted,175.1
949,11,auto,1447,286,1919,997,1638,584,1763,707,0.450,226.9,True,TN03D9766,0.973,TN03D9766,accepted,308.9
950,32,car,0,296,756,764,0,612,116,667,0.779,228.7,True,128J3333,0.852,MZ8J3333,accepted,165.1
951,11,auto,1447,287,1919,998,1637,589,1762,707,0.420,237.8,True,TN03D9766,0.962,TN03D9766,accepted,275.6
951,33,motorcycle,915,408,1072,653,932,484,1006,509,0.383,237.8,True,TGEM,0.525,,rejected,202.4
952,11,auto,1449,286,1920,998,1638,588,1763,710,0.467,238.5,True,TN03D9766,0.957,TN03D9766,accepted,249.7
952,35,auto,1449,286,1920,998,1826,600,1920,742,0.376,238.5,True,,,,no_text,55.2
952,11,auto,1449,286,1920,998,1641,589,1757,675,0.276,238.5,True,TN03D9766,0.982,TN03D9766,accepted,222.0
953,11,auto,1451,286,1919,998,1647,590,1756,658,0.511,230.3,True,TN03D9766,0.973,TN03D9766,accepted,193.9
953,11,auto,1451,286,1919,998,1648,588,1761,685,0.369,230.3,True,TN03D9766,0.979,TN03D9766,accepted,187.0
953,33,motorcycle,880,417,1048,675,902,493,973,520,0.282,230.3,True,,,,no_text,180.1
954,33,motorcycle,862,412,1041,687,886,463,942,499,0.410,240.2,True,,,,no_text,49.8
954,36,car,1103,330,1287,485,1149,442,1208,460,0.357,240.2,True,,,,no_text,235.4
954,11,auto,1449,286,1920,996,1650,588,1763,666,0.357,240.2,True,TN03D9766,0.974,TN03D9766,accepted,275.3
954,11,auto,1449,286,1920,996,1645,586,1764,704,0.302,240.2,True,,,,no_text,146.6
955,11,auto,1446,286,1920,999,1646,589,1762,670,0.472,246.5,True,TN03D9766,0.974,TN03D9766,accepted,196.4
955,33,motorcycle,837,413,1023,699,859,506,937,535,0.472,246.5,True,,,,no_text,184.3
955,11,auto,1446,286,1920,999,1639,587,1762,701,0.450,246.5,True,TN03D9766,0.966,TN03D9766,accepted,198.5
955,36,car,1095,331,1283,488,1145,443,1200,462,0.328,246.5,True,,,,no_text,211.6
956,11,auto,1446,287,1919,997,1635,585,1763,706,0.514,240.5,True,,,,no_text,186.5
956,33,motorcycle,811,419,1007,712,839,509,913,537,0.476,240.5,True,TNGEZ1TEA,0.704,,rejected,179.1
956,33,motorcycle,811,419,1007,712,834,513,912,541,0.408,240.5,True,ING9EZ1TEA,0.619,,rejected,197.7
956,11,auto,1446,287,1919,997,1641,587,1759,677,0.370,240.5,True,TN03D9766,0.970,TN03D9766,accepted,206.5
957,33,motorcycle,783,424,991,726,816,516,893,547,0.606,229.2,True,TN0321714,0.598,TN03Z1714,accepted,174.9
957,36,car,1084,330,1277,490,1130,445,1194,463,0.447,229.2,True,,,,no_text,113.9
957,11,auto,1449,286,1919,997,1635,585,1763,709,0.395,229.2,True,TN03D9766,0.938,TN03D9766,accepted,265.2
958,36,car,1070,331,1273,497,1115,447,1176,467,0.632,233.0,True,,,,no_text,202.8
958,33,motorcycle,713,426,952,763,756,532,842,565,0.535,233.0,True,TN09Z174,0.818,TN09Z174,accepted,189.2
958,11,auto,1449,288,1919,999,1630,585,1759,708,0.534,233.0,True,,,,no_text,198.8
958,11,auto,1449,288,1919,999,1639,588,1755,678,0.392,233.0,True,TN03D9766,0.977,TN03D9766,accepted,255.5
959,11,auto,1446,287,1919,999,1632,587,1760,707,0.671,234.4,True,TN03D9766,0.974,TN03D9766,accepted,234.0
959,33,motorcycle,683,428,941,780,721,542,811,571,0.643,234.4,True,IN09Z174,0.681,TN09Z174,accepted,212.6
959,36,car,1065,330,1270,497,1116,447,1180,469,0.609,234.4,True,1083574,0.547,,rejected,198.1
959,11,auto,1446,287,1919,999,1639,589,1756,681,0.305,234.4,True,TN03D9766,0.967,TN03D9766,accepted,205.9
960,33,motorcycle,646,434,916,803,691,550,784,582,0.684,233.5,True,TNO9EZ1TE4,0.696,,rejected,181.1
960,36,car,1061,328,1267,503,1107,448,1171,470,0.610,233.5,True,,,,no_text,92.6
960,11,auto,1448,287,1919,999,1643,588,1763,680,0.576,233.5,True,TN03D9766,0.975,TN03D9766,accepted,217.3
961,33,motorcycle,606,443,896,825,647,561,749,596,0.612,229.5,True,IN09EZ1784,0.727,TN09EZ1784,accepted,173.3
961,36,car,1056,328,1268,503,1104,449,1167,472,0.482,229.5,True,,,,no_text,195.8
961,11,auto,1447,285,1919,998,1647,586,1762,673,0.291,229.5,True,,,,no_text,206.6
961,11,auto,1447,285,1919,998,1638,584,1763,706,0.278,229.5,True,TN03D9766,0.953,TN03D9766,accepted,192.2
962,11,auto,1444,287,1919,999,1635,587,1763,706,0.578,229.9,True,TN03D9766,0.984,TN03D9766,accepted,251.7
962,33,motorcycle,447,450,811,920,497,598,619,640,0.505,229.9,True,TNC9EZ1TE4,0.608,,rejected,205.8
962,36,car,1030,328,1258,511,1083,455,1153,481,0.463,229.9,True,,,,no_text,193.4
963,11,auto,1444,285,1919,998,1632,586,1761,708,0.606,237.5,True,TN03D9766,0.953,TN03D9766,accepted,191.9
963,36,car,1020,329,1253,513,1069,458,1149,481,0.559,237.5,True,103374,0.641,,rejected,216.0
963,33,motorcycle,369,462,778,963,429,617,560,659,0.382,237.5,True,TNG9EZ17E4,0.607,,rejected,225.0
963,11,auto,1444,285,1919,998,1636,588,1755,678,0.356,237.5,True,TN03D9766,0.982,TN03D9766,accepted,210.1
964,33,motorcycle,290,463,737,1003,360,638,499,678,0.621,247.1,True,TAGSEZ1TEA,0.604,,rejected,197.6
964,11,auto,1444,287,1919,999,1634,586,1762,707,0.611,247.1,True,TN03D9766,0.926,TN03D9766,accepted,300.2
964,36,car,1013,330,1250,517,1067,460,1147,484,0.604,247.1,True,810613374,0.737,,rejected,208.0
965,11,auto,1445,287,1920,998,1633,587,1763,707,0.608,245.9,True,TN03D9766,0.972,TN03D9766,accepted,302.6
965,36,car,1009,330,1247,520,1054,462,1135,487,0.595,245.9,True,10013374,0.684,,rejected,203.6
965,33,motorcycle,197,477,699,1047,282,659,422,701,0.518,245.9,True,,,,no_text,217.0
965,35,auto,1445,287,1920,998,1822,601,1920,743,0.277,245.9,True,,,,no_text,61.3
966,36,car,1003,329,1244,523,1048,463,1131,488,0.596,239.3,True,T10892374,0.757,,rejected,200.5
966,33,motorcycle,86,483,652,1075,184,684,334,730,0.525,239.3,True,,,,no_text,219.1
966,11,auto,1447,286,1919,997,1641,585,1756,659,0.477,239.3,True,TN03D9766,0.985,TN03D9766,accepted,275.3
966,11,auto,1447,286,1919,997,1637,582,1759,702,0.440,239.3,True,,,,no_text,189.2
967,33,motorcycle,0,479,597,1078,67,713,229,760,0.543,230.6,True,,,,no_text,203.1
967,11,auto,1448,285,1919,997,1635,583,1763,703,0.472,230.6,True,TN03D9766,0.981,TN03D9766,accepted,201.4
967,36,car,995,329,1242,525,1046,468,1124,490,0.448,230.6,True,1C8T3374,0.525,,rejected,193.0
967,11,auto,1448,285,1919,997,1640,587,1758,666,0.445,230.6,True,TN03D9766,0.988,TN03D9766,accepted,207.4
968,36,car,985,327,1239,529,1043,470,1122,492,0.546,233.7,True,10813374,0.627,,rejected,186.0
968,33,motorcycle,0,484,550,1078,0,749,114,803,0.506,233.7,True,,,,no_text,182.0
968,11,auto,1449,285,1919,997,1636,585,1762,702,0.388,233.7,True,TN03D9766,0.957,TN03D9766,accepted,265.9
968,11,auto,1449,285,1919,997,1641,588,1757,663,0.369,233.7,True,TN03D9766,0.992,TN03D9766,accepted,198.4
969,11,auto,1448,288,1919,998,1633,583,1760,691,0.649,236.4,True,TN03D9766,0.979,TN03D9766,accepted,191.0
969,36,car,976,331,1232,532,1028,472,1104,496,0.605,236.4,True,ETK10913374,0.716,,rejected,210.2
970,11,auto,1447,286,1919,998,1644,587,1762,685,0.601,251.2,True,TN03D9766,0.978,TN03D9766,accepted,189.5
970,36,car,967,328,1228,534,1020,473,1101,499,0.589,251.2,True,R10873374,0.676,,rejected,175.5
970,11,auto,1447,286,1919,998,1616,588,1763,710,0.332,251.2,True,TN03D97667,0.852,,rejected,260.7
971,11,auto,1446,287,1919,998,1631,587,1761,708,0.657,234.8,True,TN03D9766,0.977,TN03D9766,accepted,234.2
971,36,car,960,329,1222,539,1011,476,1097,502,0.489,234.8,True,N108Y3574,0.722,NL0BY3574,accepted,201.7
971,11,auto,1446,287,1919,998,1638,588,1756,681,0.377,234.8,True,TN03D9766,0.970,TN03D9766,accepted,201.9
972,11,auto,1447,286,1919,998,1633,584,1761,707,0.526,229.2,True,TN03D9766,0.933,TN03D9766,accepted,280.9
972,36,car,947,328,1220,541,996,478,1082,503,0.516,229.2,True,TN10BY3974,0.637,TN10BY3974,accepted,200.7
972,11,auto,1447,286,1919,998,1640,586,1754,665,0.387,229.2,True,TN03D9766,0.988,TN03D9766,accepted,201.9
972,35,auto,1447,286,1919,998,1823,599,1919,739,0.253,229.2,True,LPO,0.756,,rejected,196.1
973,36,car,936,328,1215,545,993,480,1078,507,0.673,228.8,True,N108V3374,0.746,NL0BV3374,accepted,194.6
973,11,auto,1447,285,1919,998,1643,586,1762,681,0.524,228.8,True,TN03D9766,0.984,TN03D9766,accepted,274.1
974,36,car,928,331,1211,553,984,484,1068,512,0.693,231.9,True,FIN10813974,0.786,TN1OBI3974,accepted,197.3
974,11,auto,1449,289,1919,998,1640,587,1759,678,0.431,231.9,True,TN03D9766,0.980,TN03D9766,accepted,198.4
975,36,car,915,328,1206,555,974,487,1056,513,0.709,236.5,True,ETN108Y3974,0.753,TN1OBY3974,accepted,171.9
975,11,auto,1448,286,1919,998,1633,586,1762,708,0.588,236.5,True,TN03D9766,0.970,TN03D9766,accepted,199.3
975,11,auto,1448,286,1919,998,1637,586,1757,673,0.462,236.5,True,TN03D9766,0.982,TN03D9766,accepted,190.5
976,36,car,904,328,1202,560,959,489,1047,517,0.685,231.7,True,ETN10BY3974,0.867,TN10BY3974,accepted,171.6
976,11,auto,1446,286,1919,997,1628,586,1762,708,0.674,231.7,True,TN03D9766,0.945,TN03D9766,accepted,262.1
977,36,car,874,328,1190,568,943,497,1029,525,0.754,227.0,True,ETN108Y3974,0.886,TN1OBY3974,accepted,203.6
977,11,auto,1446,285,1919,997,1629,587,1762,708,0.668,227.0,True,TN03D9766,0.980,TN03D9766,accepted,299.8
978,36,car,866,329,1186,573,925,501,1012,528,0.693,233.4,True,FTN108Y3974,0.800,TN1OBY3974,accepted,194.0
978,11,auto,1448,286,1919,998,1631,586,1760,708,0.651,233.4,True,TN03D9766,0.951,TN03D9766,accepted,202.5
978,11,auto,1448,286,1919,998,1637,587,1755,669,0.471,233.4,True,TN03D9766,0.991,TN03D9766,accepted,196.3
979,36,car,852,328,1181,581,910,504,1000,536,0.745,229.6,True,ETN108V3974,0.748,TN1OBV3974,accepted,174.7
979,11,auto,1450,286,1920,998,1634,586,1761,705,0.621,229.6,True,TN03D9766,0.976,TN03D9766,accepted,197.8
980,36,car,837,329,1174,588,899,509,991,541,0.749,234.3,True,FTN10BY3974,0.824,TN10BY3974,accepted,173.8
980,11,auto,1450,287,1919,998,1633,587,1759,705,0.601,234.3,True,TN03D9766,0.971,TN03D9766,accepted,298.4
981,36,car,804,327,1162,597,867,517,962,548,0.682,223.2,True,FTN10BY3974,0.879,TN10BY3974,accepted,198.0
981,11,auto,1450,286,1919,997,1633,586,1761,705,0.664,223.2,True,TN03D9766,0.954,TN03D9766,accepted,259.8
981,11,auto,1450,286,1919,997,1637,587,1756,669,0.534,223.2,True,TN03D9766,0.986,TN03D9766,accepted,198.5
982,36,car,784,325,1153,605,853,521,949,552,0.735,231.4,True,FTN10BY3974,0.886,TN10BY3974,accepted,196.1
982,11,auto,1448,285,1919,997,1641,588,1753,660,0.419,231.4,True,TN03D9766,0.959,TN03D9766,accepted,206.2
982,11,auto,1448,285,1919,997,1636,586,1755,690,0.341,231.4,True,TN03D9766,0.942,TN03D9766,accepted,185.4
983,36,car,766,325,1147,613,839,527,935,562,0.744,229.1,True,FTN108Y3974,0.893,TN1OBY3974,accepted,167.9
983,11,auto,1451,286,1919,998,1630,586,1762,708,0.709,229.1,True,TN03D9766,0.966,TN03D9766,accepted,257.8
984,36,car,749,324,1142,620,819,531,917,565,0.768,234.5,True,FTN10BY3974,0.878,TN10BY3974,accepted,196.6
984,11,auto,1451,286,1919,997,1631,585,1761,708,0.669,234.5,True,TN03D9766,0.947,TN03D9766,accepted,263.9
984,11,auto,1451,286,1919,997,1636,586,1755,679,0.490,234.5,True,TN03D9766,0.981,TN03D9766,accepted,196.2
985,36,car,722,324,1132,625,800,537,905,573,0.786,236.7,True,FIN10BY3974,0.884,TN10BY3974,accepted,197.7
985,11,auto,1451,286,1919,997,1635,586,1759,699,0.586,236.7,True,TN03D9766,0.966,TN03D9766,accepted,264.4
985,11,auto,1451,286,1919,997,1639,588,1756,666,0.461,236.7,True,TN03D9766,0.958,TN03D9766,accepted,192.9
986,36,car,704,324,1124,635,779,543,883,577,0.740,229.7,True,IN108Y3974,0.910,TN1OBY3974,accepted,195.9
986,11,auto,1451,286,1919,997,1631,587,1760,706,0.692,229.7,True,TN03D9766K,0.832,,rejected,306.6
987,36,car,676,324,1120,645,755,550,863,590,0.801,227.3,True,FTN10BY3974,0.897,TN10BY3974,accepted,178.2
987,11,auto,1452,287,1919,998,1632,584,1759,705,0.458,227.3,True,TN03D9766,0.957,TN03D9766,accepted,269.9
988,36,car,655,322,1109,654,731,555,841,595,0.799,228.0,True,FTN10BY3974,0.924,TN10BY3974,accepted,192.5
988,11,auto,1451,285,1919,996,1631,584,1761,708,0.651,228.0,True,TN03D9766,0.931,TN03D9766,accepted,262.9
988,11,auto,1451,285,1919,996,1636,585,1756,672,0.504,228.0,True,TN03D9766,0.981,TN03D9766,accepted,199.6
989,36,car,624,320,1102,665,706,565,818,602,0.770,227.7,True,FTN10BV3974,0.879,TN10BV3974,accepted,198.1
989,11,auto,1449,284,1919,996,1633,588,1758,705,0.603,227.7,True,TN03D9766,0.962,TN03D9766,accepted,204.1
989,11,auto,1449,284,1919,996,1636,589,1752,673,0.344,227.7,True,TN03D9766,0.984,TN03D9766,accepted,192.2
990,36,car,567,319,1084,688,644,583,770,624,0.746,232.3,True,FTN10BY3974,0.861,TN10BY3974,accepted,174.6
990,11,auto,1448,285,1919,997,1627,586,1761,709,0.716,232.3,True,TN03D9766,0.961,TN03D9766,accepted,263.7
991,11,auto,1450,284,1919,996,1627,585,1762,708,0.660,227.6,True,TN03D9766,0.967,TN03D9766,accepted,286.6
991,36,car,528,315,1074,705,613,591,741,634,0.648,227.6,True,TN10BY3974,0.890,TN10BY3974,accepted,193.0
992,36,car,493,315,1061,723,576,602,712,645,0.718,237.5,True,TN10BY3974,0.902,TN10BY3974,accepted,176.5
992,11,auto,1450,284,1919,997,1630,585,1760,706,0.616,237.5,True,TN03D9766,0.936,TN03D9766,accepted,302.6
992,11,auto,1450,284,1919,997,1634,586,1755,672,0.497,237.5,True,TN03D9766,0.986,TN03D9766,accepted,202.9
993,36,car,454,311,1051,732,540,612,678,657,0.714,235.8,True,FTN10BY3974,0.868,TN10BY3974,accepted,200.4
993,11,auto,1449,284,1919,996,1629,585,1762,708,0.663,235.8,True,TN03D9766,0.937,TN03D9766,accepted,313.8
994,36,car,412,311,1035,748,496,622,641,671,0.712,238.0,True,FTN10BY3974,0.889,TN10BY3974,accepted,201.8
994,11,auto,1451,285,1919,996,1628,584,1762,709,0.669,238.0,True,TN03D9766,0.929,TN03D9766,accepted,259.3
995,36,car,365,309,1022,767,449,637,595,685,0.737,233.1,True,IN10BY3974,0.856,TN10BY3974,accepted,197.3
995,11,auto,1449,285,1919,996,1630,585,1762,708,0.661,233.1,True,TN03D9766,0.954,TN03D9766,accepted,296.8
996,36,car,309,307,1008,788,399,652,551,701,0.627,226.4,True,TN10BY3974,0.889,TN10BY3974,accepted,194.0
996,11,auto,1448,284,1919,997,1632,586,1760,707,0.589,226.4,True,,,,no_text,264.1
996,11,auto,1448,284,1919,997,1635,587,1756,675,0.393,226.4,True,TN03D9766,0.957,TN03D9766,accepted,192.5
997,36,car,252,305,993,815,338,668,501,724,0.737,228.5,True,TM10BV3974,0.845,TN10BV3974,accepted,203.1
997,11,auto,1449,285,1919,997,1630,585,1760,707,0.611,228.5,True,,,,no_text,158.9
998,36,car,186,302,979,839,273,687,441,744,0.736,238.9,True,FTN10BV3974,0.849,TN10BV3974,accepted,176.2
998,11,auto,1448,285,1919,997,1628,585,1759,707,0.632,238.9,True,,,,no_text,200.1
999,36,car,120,301,961,862,201,706,377,770,0.753,230.7,True,ETM10BY3974,0.817,TN10BY3974,accepted,177.1
999,11,auto,1451,285,1919,997,1628,585,1761,708,0.654,230.7,True,,,,no_text,160.6
1000,36,car,33,298,941,898,117,732,300,797,0.744,237.1,True,TN10B13974,0.838,TN1OBI3974,accepted,177.0
1000,11,auto,1450,286,1919,998,1636,584,1758,683,0.559,237.1,True,TN03D9766,0.978,TN03D9766,accepted,198.5
1000,37,auto,1450,286,1919,998,1825,624,1919,744,0.267,237.1,True,,,,no_text,38.4
1001,36,car,2,294,923,937,20,754,215,829,0.802,240.1,True,TM10813974,0.812,TN1OBI3974,accepted,164.4
1001,11,auto,1448,285,1919,997,1635,586,1759,692,0.612,240.1,True,TN03D9766,0.958,TN03D9766,accepted,193.4
1002,11,auto,1448,285,1919,997,1636,585,1759,696,0.591,232.1,True,TN03D9766,0.922,TN03D9766,accepted,247.6
1003,11,auto,1448,286,1919,998,1636,584,1761,689,0.473,229.9,True,TN03D9766,0.967,TN03D9766,accepted,186.5
1004,11,auto,1448,285,1919,999,1640,588,1759,675,0.413,230.8,True,TN03D9766,0.964,TN03D9766,accepted,189.6
1005,11,auto,1448,285,1919,998,1637,585,1760,689,0.450,230.7,True,TN03D9766,0.946,TN03D9766,accepted,194.4
1006,11,auto,1448,285,1919,998,1632,585,1762,708,0.602,241.7,True,TN03D9766,0.952,TN03D9766,accepted,186.9
1007,37,auto,1451,286,1920,998,1825,605,1919,744,0.335,233.6,True,,,,no_text,52.0
1008,37,auto,1453,287,1919,998,1824,600,1919,744,0.311,243.3,True,,,,no_text,33.4
1010,11,auto,1451,286,1919,998,1635,586,1762,707,0.340,224.6,True,TN03D9766,0.986,TN03D9766,accepted,281.5
1010,38,car,1069,342,1212,456,1103,414,1142,433,0.331,224.6,True,,,,no_text,57.1
1011,11,auto,1453,286,1920,998,1636,585,1764,709,0.435,243.9,True,TN03D9766,0.979,TN03D9766,accepted,246.8
1011,37,auto,1453,286,1920,998,1824,609,1919,745,0.275,243.9,True,,,,no_text,52.6
1011,38,car,1066,343,1209,456,1103,414,1141,433,0.272,243.9,True,,,,no_text,76.6
1012,11,auto,1455,287,1919,998,1644,587,1759,663,0.531,241.1,True,TN03D9766,0.983,TN03D9766,accepted,255.9
1012,38,car,1062,344,1207,457,1097,416,1136,433,0.370,241.1,True,,,,no_text,65.5
1013,11,auto,1451,285,1920,997,1645,589,1757,662,0.440,237.7,True,TN03D9766,0.976,TN03D9766,accepted,195.5
1013,11,auto,1451,285,1920,997,1645,587,1763,696,0.377,237.7,True,TN03D9766,0.962,TN03D9766,accepted,191.0
1013,38,car,1057,344,1204,458,1095,414,1131,432,0.280,237.7,True,,,,no_text,60.5
1014,11,auto,1448,285,1919,997,1640,584,1764,709,0.407,245.5,True,,,,no_text,150.9
1014,11,auto,1448,285,1919,997,1641,586,1759,670,0.347,245.5,True,TN03D9766,0.979,TN03D9766,accepted,202.3
1014,38,car,1052,342,1200,458,1088,415,1124,432,0.275,245.5,True,,,,no_text,60.4
1014,37,auto,1448,285,1919,997,1828,607,1920,742,0.252,245.5,True,,,,no_text,64.9
1015,11,auto,1446,286,1920,998,1635,585,1765,710,0.527,239.6,True,TN03D9766,0.921,TN03D9766,accepted,183.7
1015,37,auto,1446,286,1920,998,1824,602,1919,743,0.261,239.6,True,,,,no_text,37.2
1016,38,car,1043,346,1194,462,1078,417,1114,432,0.379,249.2,True,,,,no_text,64.9
1016,11,auto,1451,287,1920,998,1637,584,1763,708,0.372,249.2,True,TN03D9766,0.972,TN03D9766,accepted,317.5
1016,37,auto,1451,287,1920,998,1826,610,1919,743,0.337,249.2,True,,,,no_text,48.6
1016,11,auto,1451,287,1920,998,1642,588,1758,669,0.275,249.2,True,TN03D9766,0.958,TN03D9766,accepted,209.3
1017,11,auto,1451,286,1919,998,1645,589,1757,661,0.462,236.4,True,TN03D9766,0.980,TN03D9766,accepted,192.9
1017,38,car,1036,346,1191,463,1075,419,1114,433,0.397,236.4,True,,,,no_text,90.7
1017,11,auto,1451,286,1919,998,1645,587,1763,691,0.333,236.4,True,TN03D9766,0.955,TN03D9766,accepted,209.5
1018,11,auto,1449,285,1920,997,1649,588,1764,675,0.551,231.5,True,TN03D9766,0.971,TN03D9766,accepted,189.3
1019,11,auto,1449,285,1920,997,1648,588,1763,677,0.503,229.6,True,TN03D9766,0.976,TN03D9766,accepted,188.0
1020,11,auto,1451,286,1920,998,1644,588,1759,660,0.521,230.2,True,TN03D9766,0.980,TN03D9766,accepted,191.6
1020,11,auto,1451,286,1920,998,1644,585,1763,692,0.400,230.2,True,TN03D9766,0.915,TN03D9766,accepted,185.5
1021,38,car,1009,341,1178,469,1048,421,1091,439,0.409,224.2,True,,,,no_text,62.0
1021,11,auto,1452,284,1920,997,1650,587,1763,670,0.340,224.2,True,TN03D9766,0.980,TN03D9766,accepted,210.9
1021,11,auto,1452,284,1920,997,1644,585,1764,705,0.295,224.2,True,976,0.970,,rejected,250.1
1022,38,car,1003,344,1173,473,1043,425,1088,442,0.570,232.9,True,,,,no_text,170.0
1022,11,auto,1452,288,1920,998,1644,589,1758,664,0.394,232.9,True,TN03D9766,0.984,TN03D9766,accepted,214.4
1022,11,auto,1452,288,1920,998,1640,585,1763,708,0.385,232.9,True,TN03D9766,0.955,TN03D9766,accepted,236.5
1023,38,car,996,346,1170,474,1036,425,1083,442,0.642,228.3,True,,,,no_text,199.7
1023,11,auto,1452,286,1919,998,1645,589,1757,662,0.509,228.3,True,TN03D9766,0.974,TN03D9766,accepted,272.2
1023,11,auto,1452,286,1919,998,1644,587,1761,696,0.371,228.3,True,TN03D9766,0.925,TN03D9766,accepted,191.1
1024,38,car,988,344,1168,476,1027,425,1073,443,0.631,237.0,True,,,,no_text,66.0
1024,11,auto,1449,285,1920,996,1651,589,1761,665,0.484,237.0,True,TN03D9766,0.983,TN03D9766,accepted,218.0
1024,11,auto,1449,285,1920,996,1648,588,1762,697,0.396,237.0,True,TN03D9766,0.975,TN03D9766,accepted,187.6
1025,38,car,979,344,1162,479,1020,430,1067,446,0.685,229.4,True,,,,no_text,231.6
1025,11,auto,1452,284,1920,998,1649,588,1764,672,0.601,229.4,True,,,,no_text,149.1
1025,11,auto,1452,284,1920,998,1642,587,1765,705,0.514,229.4,True,TN03D9766,0.973,TN03D9766,accepted,200.1
1026,38,car,969,345,1158,479,1011,430,1058,448,0.566,227.7,True,,,,no_text,71.1
1026,11,auto,1449,286,1920,998,1645,589,1758,661,0.448,227.7,True,TN03D9766,0.977,TN03D9766,accepted,288.6
1026,11,auto,1449,286,1920,998,1644,587,1762,692,0.252,227.7,True,TN03D9766,0.986,TN03D9766,accepted,193.5
1027,38,car,964,341,1152,481,1008,430,1052,449,0.520,233.1,True,,,,no_text,63.3
1027,11,auto,1448,284,1919,996,1644,585,1759,661,0.486,233.1,True,TN03D9766,0.971,TN03D9766,accepted,263.5
1027,11,auto,1448,284,1919,996,1642,584,1763,691,0.288,233.1,True,TN03D9766,0.978,TN03D9766,accepted,186.3
1028,38,car,958,342,1147,482,999,431,1046,450,0.508,230.4,True,,,,no_text,66.8
1028,11,auto,1451,284,1919,998,1649,586,1763,670,0.394,230.4,True,69703,0.556,,rejected,168.0
1028,11,auto,1451,284,1919,998,1645,585,1764,701,0.380,230.4,True,TN03D9766,0.961,TN03D9766,accepted,195.2
1029,11,auto,1451,283,1919,998,1642,585,1766,707,0.473,228.1,True,TN03D9766,0.963,TN03D9766,accepted,183.3
1029,38,car,951,342,1145,485,992,431,1041,451,0.412,228.1,True,,,,no_text,179.2
1029,11,auto,1451,283,1919,998,1644,587,1762,672,0.325,228.1,True,TN03D9766,0.982,TN03D9766,accepted,208.9
1029,38,car,951,342,1145,485,994,436,1042,456,0.302,228.1,True,,,,no_text,175.5
1030,38,car,940,346,1142,488,985,437,1036,456,0.565,269.6,True,,,,no_text,167.7
1030,11,auto,1451,285,1919,997,1645,589,1758,662,0.558,269.6,True,TN03D9766,0.980,TN03D9766,accepted,252.6
1030,11,auto,1451,285,1919,997,1645,587,1762,690,0.457,269.6,True,TN03D9766,0.967,TN03D9766,accepted,191.4
1031,38,car,931,344,1137,490,976,435,1023,456,0.546,242.7,True,,,,no_text,188.4
1031,11,auto,1449,283,1919,996,1646,587,1759,662,0.281,242.7,True,TN03D9766,0.959,TN03D9766,accepted,264.5
1032,38,car,923,345,1131,492,968,438,1021,457,0.657,263.7,True,,,,no_text,206.1
1032,11,auto,1451,283,1920,997,1649,589,1762,668,0.459,263.7,True,TN03D9766,0.992,TN03D9766,accepted,215.2
1033,38,car,914,344,1124,495,960,443,1014,461,0.545,239.3,True,,,,no_text,175.9
1033,11,auto,1450,284,1919,996,1649,585,1765,678,0.517,239.3,True,TN03D9766,0.958,TN03D9766,accepted,265.2
1034,38,car,909,344,1121,498,952,441,1006,460,0.663,226.2,True,,,,no_text,201.3
1034,11,auto,1450,284,1920,997,1649,588,1763,672,0.474,226.2,True,TN03D9766,0.971,TN03D9766,accepted,277.2
1034,11,auto,1450,284,1920,997,1643,587,1764,702,0.406,226.2,True,TN03D9766,0.961,TN03D9766,accepted,191.1
1035,38,car,896,345,1119,501,943,443,1001,464,0.676,248.3,True,,,,no_text,199.2
1035,11,auto,1449,285,1920,997,1648,588,1761,667,0.585,248.3,True,TN03D9766,0.946,TN03D9766,accepted,218.7
1035,11,auto,1449,285,1920,997,1643,587,1762,696,0.471,248.3,True,TN03D9766,0.979,TN03D9766,accepted,197.0
1036,38,car,891,344,1113,502,933,443,993,463,0.691,288.9,True,,,,no_text,151.9
1036,11,auto,1452,284,1920,996,1649,588,1763,671,0.530,288.9,True,TN03D9766,0.971,TN03D9766,accepted,225.5
1037,38,car,877,344,1109,504,923,445,983,464,0.683,242.8,True,,,,no_text,182.1
1037,11,auto,1450,284,1920,996,1649,588,1763,671,0.481,242.8,True,TN03D9766,0.964,TN03D9766,accepted,207.1
1037,11,auto,1450,284,1920,996,1645,587,1764,702,0.424,242.8,True,TN03D9766,0.953,TN03D9766,accepted,198.4
1038,38,car,869,342,1103,508,916,447,973,467,0.696,241.4,True,,,,no_text,167.9
1038,11,auto,1451,284,1919,996,1649,588,1763,674,0.507,241.4,True,TN03D9766,0.950,TN03D9766,accepted,208.9
1039,38,car,860,343,1096,510,907,449,964,468,0.725,287.8,True,,,,no_text,146.4
1039,11,auto,1453,285,1920,996,1647,587,1762,675,0.528,287.8,True,,,,no_text,122.3
1039,11,auto,1453,285,1920,996,1641,586,1763,704,0.479,287.8,True,TN03D9766,0.945,TN03D9766,accepted,188.0
1040,38,car,848,341,1091,514,893,452,952,471,0.706,401.7,True,,,,no_text,174.0
1040,11,auto,1453,287,1920,996,1637,586,1763,708,0.456,401.7,True,TN03D9766,0.957,TN03D9766,accepted,351.8
1040,11,auto,1453,287,1920,996,1642,589,1757,672,0.333,401.7,True,TN03D9766,0.984,TN03D9766,accepted,192.8
1040,37,auto,1453,287,1920,996,1827,610,1920,742,0.276,401.7,True,,,,no_text,67.9
1041,38,car,835,342,1085,517,886,455,945,475,0.669,384.0,True,N,0.754,,rejected,199.7
1041,11,auto,1453,287,1920,996,1638,586,1762,707,0.378,384.0,True,TN03D9766,0.966,TN03D9766,accepted,310.1
1041,11,auto,1453,287,1920,996,1647,588,1760,680,0.337,384.0,True,TN03D9766,0.977,TN03D9766,accepted,264.7
1041,37,auto,1453,287,1920,996,1826,611,1920,743,0.277,384.0,True,,,,no_text,128.6
1042,38,car,823,345,1079,520,873,455,934,478,0.576,298.4,True,,,,no_text,169.3
1042,11,auto,1453,287,1920,997,1644,588,1757,664,0.475,298.4,True,TN03D9766,0.982,TN03D9766,accepted,260.1
1042,11,auto,1453,287,1920,997,1642,585,1762,695,0.371,298.4,True,TN03D9766,0.979,TN03D9766,accepted,171.5
1043,38,car,811,343,1074,522,863,457,926,480,0.644,249.3,True,,,,no_text,155.6
1043,11,auto,1454,285,1920,996,1645,586,1760,658,0.406,249.3,True,TN03D9766,0.981,TN03D9766,accepted,248.6
1044,38,car,796,340,1068,526,848,457,914,482,0.689,240.6,True,,,,no_text,152.3
1044,11,auto,1453,284,1920,996,1645,586,1758,659,0.403,240.6,True,TN03D9766,0.974,TN03D9766,accepted,255.4
1044,11,auto,1453,284,1920,996,1646,584,1764,700,0.288,240.6,True,TN03D9766,0.971,TN03D9766,accepted,182.7
1045,38,car,781,338,1062,530,837,460,902,484,0.714,245.8,True,,,,no_text,150.9
1045,11,auto,1452,285,1920,995,1650,586,1762,669,0.403,245.8,True,TN03D9766,0.971,TN03D9766,accepted,185.7
1045,11,auto,1452,285,1920,995,1644,584,1763,705,0.315,245.8,True,0,0.692,,rejected,223.3
1046,38,car,771,338,1057,534,823,464,892,489,0.697,242.4,True,,,,no_text,162.6
1046,11,auto,1453,286,1920,995,1650,589,1761,664,0.498,242.4,True,TN03D9766,0.982,TN03D9766,accepted,195.6
1046,11,auto,1453,286,1920,995,1646,588,1763,695,0.433,242.4,True,TN03D9766,0.960,TN03D9766,accepted,176.5
1047,38,car,757,341,1050,539,808,468,880,492,0.723,225.9,True,736,0.675,,rejected,179.2
1047,11,auto,1455,287,1920,995,1646,589,1755,657,0.524,225.9,True,TN03D9766,0.978,TN03D9766,accepted,215.3
1047,11,auto,1455,287,1920,995,1647,588,1761,688,0.399,225.9,True,TN03D9766,0.974,TN03D9766,accepted,180.0
1048,38,car,738,338,1043,543,793,470,863,493,0.656,231.7,True,74,0.585,,rejected,179.1
1048,11,auto,1454,285,1920,995,1644,587,1764,705,0.488,231.7,True,TN03D9766,0.979,TN03D9766,accepted,199.8
1048,11,auto,1454,285,1920,995,1649,588,1763,675,0.472,231.7,True,TN03D9766,0.941,TN03D9766,accepted,182.3
1049,38,car,723,337,1033,547,777,472,851,496,0.683,253.7,True,,,,no_text,179.8
1049,11,auto,1453,286,1920,995,1638,586,1764,709,0.531,253.7,True,N03D9766,0.965,NL3D9766,accepted,263.9
1049,11,auto,1453,286,1920,995,1641,587,1758,673,0.326,253.7,True,,,,no_text,152.5
1050,38,car,705,337,1025,551,762,476,834,499,0.733,241.8,True,7735,0.800,,rejected,197.7
1050,11,auto,1455,285,1920,995,1644,586,1756,655,0.340,241.8,True,TN03D9766,0.984,TN03D9766,accepted,276.8
1050,37,auto,1455,285,1920,995,1830,604,1920,738,0.296,241.8,True,,,,no_text,51.0
1051,38,car,684,339,1018,557,744,480,816,504,0.578,248.0,True,IN073736,0.659,TN073736,accepted,199.1
1051,11,auto,1453,286,1919,996,1638,585,1764,709,0.507,248.0,True,TN03D9766,0.969,TN03D9766,accepted,301.4
1052,38,car,670,340,1010,563,727,483,802,509,0.732,220.4,True,TN07N3736,0.782,TN07N3736,accepted,201.5
1052,11,auto,1455,287,1919,996,1650,587,1764,668,0.465,220.4,True,TN03D9766,0.982,TN03D9766,accepted,208.9
1053,38,car,650,338,1002,567,710,486,785,510,0.736,238.6,True,IN073735,0.828,TN073735,accepted,176.5
1053,11,auto,1457,286,1919,996,1645,585,1760,658,0.561,238.6,True,TN03D9766,0.981,TN03D9766,accepted,209.3
1053,11,auto,1457,286,1919,996,1644,583,1762,689,0.370,238.6,True,TN03D9766,0.963,TN03D9766,accepted,194.1
1054,38,car,627,339,990,573,686,492,767,517,0.734,233.2,True,TN073735,0.818,TN073735,accepted,176.9
1054,11,auto,1457,288,1919,996,1641,587,1764,708,0.594,233.2,True,TN03D9766,0.948,TN03D9766,accepted,259.1
1054,11,auto,1457,288,1919,996,1642,588,1758,674,0.418,233.2,True,TN03D9766,0.976,TN03D9766,accepted,192.2
1055,38,car,581,340,972,586,642,501,724,528,0.753,237.4,True,IN073735,0.863,TN073735,accepted,195.7
1055,11,auto,1457,289,1920,995,1645,587,1758,658,0.519,237.4,True,TN03D9766,0.969,TN03D9766,accepted,268.2
1055,11,auto,1457,289,1920,995,1646,586,1763,700,0.368,237.4,True,TN03D9766,0.946,TN03D9766,accepted,234.6
1055,37,auto,1457,289,1920,995,1827,606,1920,741,0.254,237.4,True,,,,no_text,162.0
1056,38,car,554,337,961,592,618,505,704,533,0.713,236.7,True,IN073736,0.870,TN073736,accepted,198.0
1056,11,auto,1457,288,1919,995,1650,587,1763,664,0.563,236.7,True,TN03D9766,0.979,TN03D9766,accepted,270.5
1056,11,auto,1457,288,1919,995,1648,586,1764,695,0.441,236.7,True,TN03D9766,0.982,TN03D9766,accepted,188.7
1057,38,car,502,336,940,611,563,517,656,545,0.708,231.6,True,TN073736,0.880,TN073736,accepted,191.9
1057,11,auto,1457,289,1920,996,1646,587,1759,674,0.401,231.6,True,,,,no_text,163.1
1057,11,auto,1457,289,1920,996,1638,585,1761,705,0.396,231.6,True,TN03D9766,0.954,TN03D9766,accepted,254.1
1057,37,auto,1457,289,1920,996,1828,611,1920,742,0.292,231.6,True,,,,no_text,51.0
1058,38,car,469,335,925,619,534,520,624,550,0.762,243.6,True,TN073736,0.835,TN073736,accepted,203.4
1058,11,auto,1457,289,1920,996,1649,588,1762,666,0.524,243.6,True,TN03D9766,0.981,TN03D9766,accepted,267.7
1058,11,auto,1457,289,1920,996,1645,586,1763,699,0.440,243.6,True,TN03D9766,0.976,TN03D9766,accepted,231.9
1058,37,auto,1457,289,1920,996,1826,603,1920,743,0.309,243.6,True,,,,no_text,61.1
1059,38,car,434,334,914,626,503,527,595,555,0.731,398.0,True,TNO7E3736,0.901,NL7E3736,accepted,202.8
1059,11,auto,1458,289,1920,996,1646,588,1758,659,0.616,398.0,True,TN03D9766,0.977,TN03D9766,accepted,278.4
1059,11,auto,1458,289,1920,996,1647,586,1763,691,0.417,398.0,True,TN03D9766,0.975,TN03D9766,accepted,197.4
1060,38,car,403,335,898,637,469,533,566,563,0.718,259.1,True,TN07EN3736,0.810,TN07EN3736,accepted,200.5
1060,11,auto,1458,290,1919,997,1648,587,1761,665,0.644,259.1,True,TN03D9766,0.981,TN03D9766,accepted,201.7
1061,38,car,364,334,884,649,430,542,531,572,0.747,251.5,True,TN07N3736,0.838,TN07N3736,accepted,199.9
1061,11,auto,1457,290,1919,999,1649,586,1762,669,0.547,251.5,True,,,,no_text,166.0
1062,38,car,322,330,873,660,390,547,495,579,0.704,241.5,True,TN073736,0.902,TN073736,accepted,189.1
1062,11,auto,1457,291,1919,999,1648,587,1762,667,0.602,241.5,True,TN03D9766,0.968,TN03D9766,accepted,235.1
1063,38,car,230,331,836,683,298,563,408,598,0.781,232.5,True,TN073736,0.819,TN073736,accepted,208.0
1063,11,auto,1457,289,1920,998,1643,587,1757,664,0.562,232.5,True,TN03D9766,0.968,TN03D9766,accepted,282.1
1063,11,auto,1457,289,1920,998,1640,583,1762,700,0.419,232.5,True,TN03D9766,0.971,TN03D9766,accepted,259.7
1063,37,auto,1457,289,1920,998,1828,605,1920,742,0.318,232.5,True,,,,no_text,51.5
1064,38,car,172,331,816,700,244,575,362,610,0.781,281.2,True,TN07N3736,0.792,TN07N3736,accepted,204.2
1064,11,auto,1457,292,1919,999,1645,587,1757,665,0.651,281.2,True,TN03D9766,0.983,TN03D9766,accepted,271.1
1065,38,car,48,329,776,729,121,594,250,633,0.816,237.1,True,T7N3736,0.629,,rejected,202.6
1065,11,auto,1456,289,1919,998,1645,588,1759,665,0.595,237.1,True,TN03D9766,0.985,TN03D9766,accepted,211.2
1065,11,auto,1456,289,1919,998,1644,585,1762,694,0.428,237.1,True,TN03D9766,0.960,TN03D9766,accepted,193.1
1066,38,car,0,331,754,747,51,609,185,649,0.796,242.1,True,07336,0.585,,rejected,188.4
1066,11,auto,1457,291,1919,999,1645,587,1758,666,0.629,242.1,True,TN03D9766,0.984,TN03D9766,accepted,307.2
1067,38,car,0,331,731,764,0,625,112,665,0.779,231.5,True,,,,no_text,200.9
1067,11,auto,1457,290,1919,998,1648,585,1761,675,0.602,231.5,True,TN03D9766,0.975,TN03D9766,accepted,205.5
1068,38,car,0,326,702,790,0,640,30,685,0.683,238.8,True,,,,no_text,51.5
1068,11,auto,1457,291,1920,999,1648,584,1762,676,0.604,238.8,True,TN03D9766,0.967,TN03D9766,accepted,205.8
1069,11,auto,1457,291,1920,999,1648,588,1761,673,0.616,239.2,True,DN703,0.599,,rejected,158.9
1070,11,auto,1456,290,1920,998,1649,589,1762,671,0.614,263.2,True,TN03D9766,0.953,TN03D9766,accepted,194.8
1071,11,auto,1457,290,1920,999,1648,590,1761,679,0.648,393.7,True,,,,no_text,147.7
1071,37,auto,1457,290,1920,999,1832,622,1920,751,0.296,393.7,True,,,,no_text,42.5
1071,11,auto,1457,290,1920,999,1621,592,1763,707,0.261,393.7,True,TN03D9766,0.967,TN03D9766,accepted,206.3
1072,11,auto,1456,290,1920,999,1640,590,1760,688,0.632,226.2,True,TN03D9766,0.977,TN03D9766,accepted,185.6
1072,11,auto,1456,290,1920,999,1618,591,1764,707,0.291,226.2,True,TN03D97663,0.833,,rejected,328.2
1073,11,auto,1456,290,1920,1000,1640,592,1757,685,0.643,387.8,True,TN03D9766,0.973,TN03D9766,accepted,203.3
1073,37,auto,1456,290,1920,1000,1831,631,1920,750,0.264,387.8,True,2020,0.594,,rejected,142.1
1073,11,auto,1456,290,1920,1000,1621,593,1760,706,0.251,387.8,True,TN03D9766,0.945,TN03D9766,accepted,276.0
1074,11,auto,1458,290,1920,999,1647,588,1762,679,0.688,277.9,True,TN03D9766,0.970,TN03D9766,accepted,194.8
1074,37,auto,1458,290,1920,999,1830,610,1920,749,0.301,277.9,True,,,,no_text,50.9
1074,11,auto,1458,290,1920,999,1619,591,1763,706,0.258,277.9,True,TN03D9766,0.969,TN03D9766,accepted,291.1
1075,11,auto,1456,288,1920,1000,1639,590,1760,692,0.662,259.4,True,TN03D9766,0.978,TN03D9766,accepted,198.4
1076,11,auto,1455,289,1920,1000,1641,590,1761,687,0.581,241.2,True,TN03D9766,0.984,TN03D9766,accepted,187.2
1077,11,auto,1455,289,1919,1000,1644,590,1763,703,0.544,229.3,True,,,,no_text,232.7
1078,11,auto,1454,289,1920,1001,1648,589,1762,684,0.542,270.9,True,TN03D9766,0.965,TN03D9766,accepted,245.1
1078,37,auto,1454,289,1920,1001,1831,613,1920,750,0.255,270.9,True,,,,no_text,53.5
1079,11,auto,1454,288,1919,1002,1650,590,1759,671,0.457,269.7,True,,,,no_text,154.8
1080,11,auto,1452,288,1919,1002,1644,589,1756,667,0.447,312.7,True,TN03D9766,0.976,TN03D9766,accepted,260.4
1081,11,auto,1450,290,1919,1000,1640,587,1764,705,0.487,229.9,True,TN03D9766,0.975,TN03D9766,accepted,339.7
1082,11,auto,1452,289,1919,1001,1638,591,1759,694,0.567,261.9,True,TN03D9766,0.980,TN03D9766,accepted,179.1
1083,11,auto,1451,289,1919,1001,1643,588,1763,703,0.546,267.8,True,,,,no_text,146.8
1084,11,auto,1451,290,1919,1001,1644,590,1761,700,0.452,252.1,True,TN03D9766,0.976,TN03D9766,accepted,162.7
1085,11,auto,1452,289,1919,1000,1648,588,1763,677,0.494,255.0,True,,,,no_text,145.9
1086,11,auto,1452,289,1919,1001,1644,590,1757,666,0.361,247.2,True,TN03D9766,0.988,TN03D9766,accepted,284.1
1087,11,auto,1449,290,1919,1001,1643,589,1755,665,0.452,243.9,True,TN03D9766,0.983,TN03D9766,accepted,207.5
1088,11,auto,1449,289,1919,999,1641,587,1763,700,0.500,241.1,True,TN03D9766,0.965,TN03D9766,accepted,304.6
1089,11,auto,1450,289,1919,1000,1644,590,1755,667,0.505,238.0,True,TN03D9766,0.985,TN03D9766,accepted,264.9
1090,11,auto,1448,289,1919,1000,1646,592,1755,662,0.487,231.4,True,TN03D9766,0.983,TN03D9766,accepted,256.3
1090,37,auto,1448,289,1919,1000,1833,651,1920,752,0.266,231.4,True,,,,no_text,42.1
1091,11,auto,1447,288,1920,999,1651,588,1764,684,0.446,292.3,True,TN03D9766,0.979,TN03D9766,accepted,190.3
1092,11,auto,1449,289,1919,1000,1647,590,1759,668,0.544,260.9,True,TN03D9766,0.973,TN03D9766,accepted,262.8
1093,11,auto,1448,290,1919,1001,1645,589,1761,682,0.626,239.1,True,TN03D9766,0.986,TN03D9766,accepted,201.8
1094,11,auto,1446,290,1919,1001,1648,591,1758,667,0.611,245.0,True,TN03D9766,0.973,TN03D9766,accepted,207.1
1095,11,auto,1447,289,1920,1001,1647,590,1757,664,0.525,232.5,True,TN03D9766,0.981,TN03D9766,accepted,253.2
1096,11,auto,1448,290,1920,1002,1649,593,1756,665,0.435,250.2,True,TN03D9766,0.970,TN03D9766,accepted,252.2
1096,37,auto,1448,290,1920,1002,1833,686,1919,753,0.275,250.2,True,LPG,0.964,,rejected,169.3
1097,11,auto,1436,292,1920,1002,1648,592,1757,666,0.498,222.6,True,TN03D9766,0.990,TN03D9766,accepted,244.6
1098,11,auto,1441,290,1920,1002,1651,591,1757,664,0.406,227.7,True,TN03D9766,0.978,TN03D9766,accepted,235.8
1099,11,auto,1435,290,1920,1003,1652,591,1758,663,0.397,240.7,True,TN03D9766,0.983,TN03D9766,accepted,244.2
1100,11,auto,1434,292,1920,1003,1652,591,1759,667,0.316,224.0,True,TN03D9766,0.977,TN03D9766,accepted,237.0
1101,11,auto,1436,291,1920,1004,1652,592,1758,664,0.290,226.1,True,TN03D9766,0.974,TN03D9766,accepted,235.1
1101,37,auto,1436,291,1920,1004,1831,691,1919,753,0.256,226.1,True,LPG,0.989,,rejected,153.8
1102,11,auto,1446,291,1920,1003,1646,592,1760,684,0.542,255.0,True,TN03D9766,0.964,TN03D9766,accepted,234.1
1102,37,auto,1446,291,1920,1003,1835,686,1919,754,0.296,255.0,True,LPG,0.989,,rejected,151.0
1103,11,auto,1448,290,1920,1004,1648,592,1761,687,0.562,233.3,True,TN03D9766,0.980,TN03D9766,accepted,187.9
1104,11,auto,1450,291,1920,1004,1649,595,1759,677,0.423,247.5,True,TN03D9766,0.972,TN03D9766,accepted,187.8
1104,37,auto,1450,291,1920,1004,1830,679,1919,754,0.253,247.5,True,,,,no_text,47.0
1105,11,auto,1446,287,1919,1000,1649,593,1755,662,0.523,236.1,True,TN03D9766,0.983,TN03D9766,accepted,231.2
1106,37,auto,1449,288,1919,1004,1830,691,1919,755,0.412,235.2,True,LPG,0.985,,rejected,150.2
1106,11,auto,1449,288,1919,1004,1651,590,1759,669,0.361,235.2,True,TN03D9766,0.985,TN03D9766,accepted,210.8
1106,37,auto,1449,288,1919,1004,1830,633,1920,758,0.273,235.2,True,2020,0.815,,rejected,161.0
1107,11,auto,1451,290,1920,1004,1648,594,1759,685,0.503,230.3,True,TN03D9766,0.976,TN03D9766,accepted,187.8
1108,11,auto,1450,287,1920,1002,1648,592,1756,663,0.457,224.7,True,TN03D9766,0.982,TN03D9766,accepted,259.5
1109,11,auto,1454,291,1920,1002,1652,591,1761,666,0.491,248.4,True,TN03D9766,0.983,TN03D9766,accepted,252.3
1109,37,auto,1454,291,1920,1002,1831,687,1919,755,0.282,248.4,True,,,,no_text,47.4
1110,11,auto,1453,287,1919,1002,1649,593,1753,660,0.485,250.9,True,TN03D9766,0.981,TN03D9766,accepted,251.1
1110,37,auto,1453,287,1919,1002,1833,689,1919,754,0.280,250.9,True,,,,no_text,47.2
1111,37,auto,1453,290,1920,1003,1830,686,1919,756,0.429,248.0,True,,,,no_text,45.2
1111,11,auto,1453,290,1920,1003,1645,595,1757,674,0.321,248.0,True,TN03D9766,0.987,TN03D9766,accepted,215.9
1111,37,auto,1453,290,1920,1003,1830,631,1920,760,0.272,248.0,True,2020LPG,0.917,,rejected,202.0
1112,37,auto,1451,290,1920,1003,1830,684,1919,754,0.269,248.1,True,,,,no_text,43.5
1113,11,auto,1449,288,1920,1002,1641,591,1758,682,0.386,241.5,True,TN03D9766,0.980,TN03D9766,accepted,190.6
1115,11,auto,1449,288,1920,1002,1646,593,1753,664,0.266,221.4,True,TN03D9766,0.966,TN03D9766,accepted,258.9
1116,11,auto,1448,290,1919,1001,1637,590,1759,699,0.482,247.8,True,TN03D9766,0.968,TN03D9766,accepted,237.4
1117,11,auto,1446,287,1919,1001,1644,591,1758,680,0.609,265.3,True,TN703,0.615,,rejected,155.8
1118,11,auto,1449,290,1920,1001,1640,591,1758,688,0.566,237.5,True,TN03D9766,0.989,TN03D9766,accepted,184.5
1119,11,auto,1451,287,1919,1001,1642,590,1758,678,0.591,229.4,True,TN03D9766,0.982,TN03D9766,accepted,193.7
1120,11,auto,1450,290,1920,1003,1647,593,1756,675,0.556,235.8,True,970,0.621,,rejected,147.0
1120,37,auto,1450,290,1920,1003,1832,688,1919,754,0.317,235.8,True,,,,no_text,55.8
1120,37,auto,1450,290,1920,1003,1828,616,1920,757,0.290,235.8,True,5402,0.965,,rejected,211.5
1121,11,auto,1452,288,1920,1002,1646,593,1752,663,0.341,232.3,True,TN03D9766,0.989,TN03D9766,accepted,264.5
1123,11,auto,1449,294,1920,1002,1642,590,1754,683,0.573,232.6,True,TN03D9766,0.981,TN03D9766,accepted,187.6
1124,11,auto,1449,288,1919,1001,1640,590,1751,673,0.425,252.3,True,,,,no_text,159.4
1124,39,car,1112,348,1245,454,1147,412,1179,432,0.274,252.3,True,,,,no_text,63.0
1125,11,auto,1448,292,1920,1003,1644,593,1751,670,0.597,249.0,True,TN03D9766,0.976,TN03D9766,accepted,248.0
1126,11,auto,1449,290,1919,1005,1643,595,1751,674,0.641,237.4,True,TN03D9766,0.984,TN03D9766,accepted,187.6
1126,39,car,1107,377,1243,449,1135,411,1170,432,0.315,237.4,True,,,,no_text,56.2
1126,37,auto,1449,290,1919,1005,1826,608,1919,754,0.269,237.4,True,,,,no_text,178.2
1126,37,auto,1449,290,1919,1005,1828,681,1919,749,0.253,237.4,True,,,,no_text,60.7
1127,11,auto,1448,292,1920,1001,1637,594,1747,666,0.596,241.2,True,TN03D9766,0.971,TN03D9766,accepted,279.4
1127,39,car,1101,349,1240,456,1135,413,1170,432,0.348,241.2,True,,,,no_text,62.6
1128,11,auto,1446,292,1920,1002,1638,595,1742,664,0.575,257.5,True,TN03D9766,0.982,TN03D9766,accepted,200.5
1128,39,car,1094,349,1237,456,1129,413,1163,432,0.318,257.5,True,,,,no_text,57.3
1129,11,auto,1446,292,1920,1002,1638,596,1741,662,0.608,239.1,True,TN03D9766,0.989,TN03D9766,accepted,249.6
1129,39,car,1090,350,1232,458,1123,414,1161,432,0.420,239.1,True,,,,no_text,44.9
1129,37,auto,1446,292,1920,1002,1716,778,1840,844,0.293,239.1,True,,,,no_text,64.8
1130,11,auto,1447,292,1919,1001,1639,594,1742,660,0.515,237.2,True,TN03D9766,0.987,TN03D9766,accepted,254.4
1130,39,car,1084,348,1230,458,1119,414,1157,432,0.457,237.2,True,,,,no_text,60.5
1131,11,auto,1446,293,1919,1001,1638,595,1741,663,0.529,245.1,True,TN03D9766,0.965,TN03D9766,accepted,264.1
1132,11,auto,1447,293,1919,999,1637,593,1743,663,0.589,238.8,True,TN03D9766,0.983,TN03D9766,accepted,214.6
1132,39,car,1076,347,1223,459,1114,415,1148,432,0.476,238.8,True,,,,no_text,60.1
1133,11,auto,1446,293,1920,1000,1637,594,1744,666,0.580,245.8,True,TN03D9766,0.977,TN03D9766,accepted,250.5
1133,39,car,1070,348,1223,463,1107,417,1146,432,0.404,245.8,True,,,,no_text,176.6
1133,37,auto,1446,293,1920,1000,1705,767,1833,841,0.258,245.8,True,,,,no_text,65.2
1134,11,auto,1441,292,1919,999,1635,592,1739,663,0.656,250.3,True,TN03D9766,0.986,TN03D9766,accepted,246.8
1134,39,car,1063,347,1219,463,1100,417,1141,432,0.416,250.3,True,,,,no_text,72.0
1134,37,auto,1441,292,1919,999,1699,766,1831,840,0.403,250.3,True,,,,no_text,82.2
1135,11,auto,1436,289,1919,1001,1631,592,1738,669,0.640,244.0,True,TN03D9766,0.978,TN03D9766,accepted,243.2
1135,39,car,1056,346,1215,463,1098,420,1136,434,0.322,244.0,True,,,,no_text,181.6
1135,37,auto,1436,289,1919,1001,1699,768,1828,839,0.316,244.0,True,,,,no_text,65.9
1136,11,auto,1436,292,1919,1000,1631,595,1737,659,0.588,251.7,True,TN03D9766,0.983,TN03D9766,accepted,203.8
1136,39,car,1052,347,1213,467,1092,419,1131,433,0.352,251.7,True,,,,no_text,95.5
1137,11,auto,1433,291,1919,1001,1629,595,1735,661,0.707,253.7,True,TN03D9766,0.964,TN03D9766,accepted,205.4
1137,39,car,1046,349,1208,466,1084,420,1126,436,0.277,253.7,True,,,,no_text,73.9
1138,11,auto,1432,291,1919,1001,1628,595,1735,660,0.725,247.9,True,TN03D9766,0.983,TN03D9766,accepted,199.9
1138,39,car,1039,347,1205,470,1078,421,1118,440,0.422,247.9,True,,,,no_text,63.2
1139,11,auto,1432,292,1919,999,1627,595,1736,661,0.739,239.2,True,TN03D9766,0.972,TN03D9766,accepted,196.1
1139,39,car,1033,347,1200,472,1073,424,1111,440,0.360,239.2,True,,,,no_text,72.0
1140,11,auto,1432,293,1919,1000,1623,593,1733,668,0.776,244.5,True,TN03D9766,0.972,TN03D9766,accepted,259.3
1140,39,car,1010,348,1186,477,1048,427,1092,445,0.534,244.5,True,,,,no_text,69.2
1141,11,auto,1433,294,1919,1000,1623,593,1733,671,0.755,269.5,True,DTN03D9766,0.869,TN03D9766,accepted,293.5
1141,39,car,1003,347,1183,478,1045,429,1089,446,0.536,269.5,True,,,,no_text,191.6
1142,11,auto,1430,293,1919,1000,1621,592,1732,673,0.719,240.1,True,TN03D9766,0.974,TN03D9766,accepted,258.4
1142,39,car,996,346,1179,480,1036,429,1075,447,0.579,240.1,True,,,,no_text,64.0
1143,11,auto,1430,294,1919,1000,1618,591,1733,681,0.739,248.3,True,TN03D9766,0.977,TN03D9766,accepted,198.6
1143,39,car,987,347,1174,482,1030,431,1072,449,0.546,248.3,True,,,,no_text,66.2
1144,11,auto,1431,293,1919,1000,1620,593,1734,674,0.740,257.7,True,TN03D9766,0.982,TN03D9766,accepted,205.7
1144,39,car,981,347,1172,485,1023,431,1070,450,0.510,257.7,True,,,,no_text,178.4
1145,11,auto,1433,293,1919,1001,1624,594,1731,670,0.714,239.4,True,TN03D9766,0.977,TN03D9766,accepted,196.7
1145,39,car,975,347,1170,487,1018,431,1066,452,0.433,239.4,True,,,,no_text,67.2
1145,39,car,975,347,1170,487,1019,434,1070,456,0.257,239.4,True,,,,no_text,200.9
1146,11,auto,1432,293,1919,1001,1619,592,1734,681,0.759,247.0,True,TN03D9766,0.977,TN03D9766,accepted,194.9
1146,39,car,970,347,1166,486,1012,431,1062,452,0.482,247.0,True,,,,no_text,71.8
1147,11,auto,1434,293,1919,1000,1623,594,1734,670,0.750,243.3,True,TN03D9766,0.976,TN03D9766,accepted,197.8
1147,39,car,965,347,1163,489,1004,437,1056,456,0.451,243.3,True,,,,no_text,184.7
1147,39,car,965,347,1163,489,1009,431,1057,454,0.270,243.3,True,,,,no_text,69.9
1148,11,auto,1434,292,1919,1001,1623,595,1734,671,0.745,251.1,True,TN03D9766,0.980,TN03D9766,accepted,192.2
1148,39,car,956,348,1158,492,999,438,1052,456,0.584,251.1,True,,,,no_text,101.2
1149,11,auto,1433,292,1919,1001,1622,594,1734,672,0.755,241.7,True,TN03D9766,0.984,TN03D9766,accepted,196.4
1149,39,car,946,349,1155,493,990,440,1044,458,0.454,241.7,True,,,,no_text,191.2
1150,11,auto,1431,291,1919,1001,1622,592,1732,670,0.716,238.0,True,TN03D9766,0.977,TN03D9766,accepted,257.2
1150,39,car,940,347,1152,494,986,439,1037,459,0.516,238.0,True,,,,no_text,72.8
1151,11,auto,1433,292,1919,1000,1622,593,1732,669,0.764,242.7,True,TN03D9766,0.986,TN03D9766,accepted,243.3
1151,39,car,932,347,1148,498,981,441,1031,460,0.489,242.7,True,,,,no_text,184.9
1152,11,auto,1435,292,1919,1000,1621,592,1734,672,0.753,249.9,True,TN03D9766,0.974,TN03D9766,accepted,195.5
1152,39,car,923,347,1144,502,966,444,1021,463,0.522,249.9,True,,,,no_text,97.7
1153,11,auto,1436,293,1919,1000,1622,593,1734,670,0.746,241.0,True,TN03D9766,0.974,TN03D9766,accepted,191.1
1153,39,car,914,347,1139,504,962,444,1013,464,0.496,241.0,True,,,,no_text,179.4
1154,11,auto,1434,293,1919,1001,1621,591,1734,673,0.744,275.1,True,TN03D9766,0.953,TN03D9766,accepted,198.1
1154,39,car,903,345,1133,506,952,446,1010,467,0.534,275.1,True,,,,no_text,181.8
1155,11,auto,1433,292,1919,1001,1620,592,1732,675,0.747,245.9,True,TN03D9766,0.984,TN03D9766,accepted,202.5
1155,39,car,894,346,1129,510,937,447,999,469,0.532,245.9,True,,,,no_text,76.2
1156,11,auto,1437,292,1919,1000,1624,594,1734,669,0.746,249.4,True,TN03D9766,0.978,TN03D9766,accepted,249.9
1156,39,car,885,347,1125,514,934,452,995,473,0.621,249.4,True,,,,no_text,203.6
1157,39,car,822,345,1097,528,875,460,942,484,0.749,244.9,True,DTN03CS1012,0.688,TN03CS1012,accepted,176.8
1157,11,auto,1432,292,1919,1001,1616,589,1735,680,0.724,244.9,True,N703,0.590,,rejected,204.2
1157,37,auto,1432,292,1919,1001,1702,772,1819,841,0.260,244.9,True,,,,no_text,53.5
1158,39,car,809,342,1089,530,865,462,935,485,0.688,242.5,True,TNO9CS1012,0.745,NL9CS1012,accepted,179.0
1158,11,auto,1429,289,1919,1000,1623,591,1733,676,0.595,242.5,True,TN03D9766,0.950,TN03D9766,accepted,201.8
1158,40,car,1152,332,1309,481,1198,428,1240,442,0.291,242.5,True,,,,no_text,76.6
1159,39,car,795,346,1083,536,852,467,921,490,0.706,241.5,True,FT03CS1R12,0.644,,rejected,181.1
1159,11,auto,1430,291,1919,1001,1618,590,1732,680,0.684,241.5,True,876,0.520,,rejected,202.2
1160,39,car,780,344,1078,541,836,467,909,493,0.700,237.3,True,TN03CS1012,0.775,TN03CS1012,accepted,184.8
1160,11,auto,1430,291,1919,1001,1620,592,1733,674,0.657,237.3,True,TN03D9766,0.984,TN03D9766,accepted,209.9
1161,39,car,767,344,1070,546,823,472,900,498,0.718,232.7,True,FTN03CS1812,0.814,TN03CS1812,accepted,180.8
1161,11,auto,1431,291,1919,1002,1619,592,1733,677,0.677,232.7,True,N703,0.517,,rejected,169.2
1161,40,car,1138,336,1306,490,1187,437,1237,456,0.439,232.7,True,,,,no_text,190.0
1162,11,auto,1429,291,1919,1002,1621,593,1732,674,0.707,254.2,True,TN03D9766,0.988,TN03D9766,accepted,191.2
1162,39,car,749,342,1060,551,809,475,884,501,0.706,254.2,True,FTND9CS1012,0.762,,rejected,188.8
1162,40,car,1134,335,1305,493,1187,440,1234,456,0.414,254.2,True,,,,no_text,202.5
1163,39,car,733,344,1054,556,796,482,870,506,0.723,237.0,True,STN09CS1812,0.791,TN09CS1812,accepted,198.0
1163,11,auto,1431,295,1919,1002,1619,594,1732,678,0.682,237.0,True,TN03D9766,0.974,TN03D9766,accepted,203.2
1163,40,car,1130,336,1303,497,1182,443,1232,459,0.464,237.0,True,,,,no_text,189.5
1164,39,car,717,340,1046,561,777,483,852,508,0.729,236.6,True,STM03CS1812,0.898,TN03CS1812,accepted,178.1
1164,11,auto,1432,292,1919,1001,1622,593,1731,670,0.578,236.6,True,TN03D9766,0.982,TN03D9766,accepted,203.1
1164,40,car,1126,334,1302,498,1176,443,1229,460,0.529,236.6,True,,,,no_text,183.4
1165,39,car,696,343,1037,569,761,490,842,513,0.706,235.0,True,ETN03CS1812,0.851,TN03CS1812,accepted,199.6
1165,11,auto,1432,292,1919,1001,1618,592,1734,680,0.676,235.0,True,,,,no_text,203.1
1165,40,car,1123,335,1300,502,1170,445,1222,461,0.401,235.0,True,SOSTSTON,0.550,,rejected,205.3
1166,11,auto,1431,291,1919,1001,1619,592,1734,677,0.727,234.5,True,TN03D9766,0.989,TN03D9766,accepted,190.3
1166,39,car,675,341,1032,573,740,493,825,518,0.698,234.5,True,ETN09CS1812,0.879,TN09CS1812,accepted,207.9
1166,40,car,1118,333,1300,504,1168,445,1219,463,0.431,234.5,True,,,,no_text,212.7
1167,39,car,658,339,1024,581,718,496,807,524,0.740,239.1,True,ETNO9CS1812,0.801,TN09CS1812,accepted,179.3
1167,11,auto,1430,292,1919,1001,1619,591,1734,679,0.738,239.1,True,,,,no_text,208.0
1167,40,car,1112,332,1298,506,1165,446,1215,464,0.465,239.1,True,,,,no_text,179.3
1168,11,auto,1430,292,1919,1001,1620,593,1733,675,0.710,255.5,True,TN03D9766,0.983,TN03D9766,accepted,192.1
1168,39,car,632,340,1015,589,699,501,785,529,0.694,255.5,True,FTN09CS1012,0.862,TN09CS1012,accepted,194.2
1168,40,car,1109,331,1296,511,1163,447,1214,466,0.558,255.5,True,,,,no_text,192.2
1169,11,auto,1431,291,1919,1000,1618,592,1734,678,0.740,235.8,True,TN03D9766,0.988,TN03D9766,accepted,191.3
1169,39,car,583,338,997,602,653,511,743,539,0.695,235.8,True,FTNO9CS1012,0.863,TN09CS1012,accepted,186.9
1169,40,car,1096,330,1294,517,1154,447,1210,467,0.372,235.8,True,,,,no_text,194.1
1170,11,auto,1431,292,1919,1001,1618,591,1735,681,0.727,243.3,True,TN03D9766,0.974,TN03D9766,accepted,191.7
1170,39,car,562,336,986,612,626,516,722,547,0.688,243.3,True,FTN09CS1812,0.879,TN09CS1812,accepted,187.2
1170,40,car,1090,330,1293,519,1144,450,1204,471,0.600,243.3,True,,,,no_text,187.0
1171,11,auto,1430,294,1919,1001,1618,590,1734,677,0.706,237.7,True,TN03D9766,0.987,TN03D9766,accepted,189.0
1171,40,car,1109,333,1302,494,1141,453,1203,473,0.586,237.7,True,,,,no_text,183.0
1171,39,car,524,332,976,621,600,519,695,553,0.568,237.7,True,TN09CS1812,0.932,TN09CS1812,accepted,195.1
1172,11,auto,1432,293,1919,1001,1619,594,1733,676,0.700,230.8,True,TN03D9766,0.967,TN03D9766,accepted,191.0
1172,39,car,501,336,965,629,573,528,669,563,0.628,230.8,True,FTN09CS1812,0.876,TN09CS1812,accepted,178.1
1172,40,car,1076,329,1290,529,1134,460,1198,480,0.421,230.8,True,,,,no_text,197.0
1173,11,auto,1432,293,1918,1000,1618,592,1734,679,0.721,236.3,True,TN03D9766,0.966,TN03D9766,accepted,196.4
1173,39,car,467,333,952,638,540,534,640,568,0.703,236.3,True,FTN09CS1812,0.908,TN09CS1812,accepted,185.5
1173,40,car,1067,326,1287,532,1129,459,1195,481,0.628,236.3,True,ATMOSOIE3SN,0.554,,rejected,202.1
1174,11,auto,1431,293,1919,1000,1620,593,1734,674,0.703,250.1,True,TN03D9766,0.986,TN03D9766,accepted,205.6
1174,40,car,1061,326,1284,536,1121,461,1190,484,0.676,250.1,True,AEN05024330,0.543,,rejected,193.3
1174,39,car,427,333,940,651,503,543,609,577,0.646,250.1,True,FTN09CS1812,0.907,TN09CS1812,accepted,200.1
1175,39,car,356,332,914,673,427,561,539,596,0.696,240.0,True,FTN09CS1812,0.859,TN09CS1812,accepted,184.4
1175,11,auto,1432,293,1919,1000,1620,594,1732,673,0.687,240.0,True,TN03D9766,0.981,TN03D9766,accepted,208.4
1175,40,car,1044,326,1281,545,1108,468,1179,490,0.602,240.0,True,ETN05084398,0.697,TN0SOB4398,accepted,200.2
1176,11,auto,1433,295,1918,1000,1619,594,1732,673,0.696,235.4,True,TN03D9766,0.984,TN03D9766,accepted,190.0
1176,39,car,303,332,895,688,380,566,495,604,0.673,235.4,True,TN09CS1812,0.877,TN09CS1812,accepted,182.5
1176,40,car,1037,328,1280,552,1101,470,1174,494,0.651,235.4,True,FIN05084390,0.736,TN0SOB4390,accepted,196.5
1177,39,car,258,326,880,705,331,577,450,615,0.752,247.1,True,FTN09CS1812,0.891,TN09CS1812,accepted,174.3
1177,11,auto,1432,293,1919,1001,1621,592,1734,672,0.736,247.1,True,TN03D9766,0.981,TN03D9766,accepted,262.8
1177,40,car,1029,324,1276,556,1093,471,1168,495,0.690,247.1,True,STNO5084398,0.741,TN0SOB4398,accepted,204.5
1178,39,car,79,325,824,753,155,615,289,654,0.779,237.9,True,TH09CS1812,0.945,TN09CS1812,accepted,197.8
1178,11,auto,1433,290,1918,998,1624,594,1732,668,0.725,237.9,True,TN03D9766,0.976,TN03D9766,accepted,276.3
1178,40,car,1000,322,1270,571,1071,483,1149,508,0.689,237.9,True,STN05084398,0.788,TN0SOB4398,accepted,212.2
1178,40,car,1000,322,1270,571,1008,448,1048,477,0.333,237.9,True,,,,no_text,57.9
1179,39,car,2,323,800,772,78,630,220,672,0.750,241.8,True,TH09CS1812,0.943,TN09CS1812,accepted,197.9
1179,11,auto,1434,293,1919,1000,1623,594,1733,671,0.729,241.8,True,TN03D9766,0.987,TN03D9766,accepted,204.8
1179,40,car,985,322,1269,580,1059,485,1140,513,0.651,241.8,True,TN05084398,0.850,TN0SOB4398,accepted,215.7
1180,39,car,0,320,776,800,0,645,144,695,0.762,240.6,True,TH09CS1812,0.927,TN09CS1812,accepted,188.0
1180,11,auto,1433,294,1919,1000,1621,594,1733,674,0.731,240.6,True,TN03D9766,0.981,TN03D9766,accepted,215.1
1180,40,car,975,320,1264,588,1049,491,1132,516,0.657,240.6,True,FTNO50B4398,0.760,TN0SOB4398,accepted,209.3
1181,11,auto,1435,293,1919,1000,1623,594,1732,668,0.761,235.1,True,TN03D9766,0.984,TN03D9766,accepted,256.4
1181,40,car,964,321,1261,594,1038,496,1125,523,0.734,235.1,True,TNO5084398,0.898,TN0SOB4398,accepted,211.3
1181,39,car,0,319,749,833,0,668,53,723,0.613,235.1,True,812,0.862,,rejected,157.5
1182,11,auto,1435,292,1919,999,1624,595,1734,670,0.727,233.2,True,TN03D9766,0.986,TN03D9766,accepted,194.3
1182,40,car,949,321,1258,602,1026,498,1115,529,0.703,233.2,True,FTNO50B4398,0.881,TN0SOB4398,accepted,185.0
1183,11,auto,1436,289,1920,997,1624,594,1733,671,0.729,240.5,True,TN03D9766,0.987,TN03D9766,accepted,214.1
1183,40,car,932,321,1254,612,1012,503,1105,534,0.683,240.5,True,TNO50B4398,0.871,NL50B4398,accepted,197.3
1184,11,auto,1433,292,1919,1000,1622,593,1732,668,0.759,250.5,True,TN03D9766,0.989,TN03D9766,accepted,272.1
1184,40,car,916,319,1251,621,999,508,1096,539,0.703,250.5,True,TN050B4398,0.838,TN0SOB4398,accepted,195.3
1184,41,auto,1433,292,1919,1000,1721,786,1820,840,0.279,250.5,True,,,,no_text,64.5
1185,40,car,884,320,1243,643,966,525,1070,556,0.733,243.3,True,TN050B4398,0.915,TN0SOB4398,accepted,196.0
1185,11,auto,1435,293,1919,1000,1621,594,1732,670,0.713,243.3,True,TN03D9766,0.985,TN03D9766,accepted,271.3
1186,40,car,864,319,1238,654,952,533,1057,566,0.773,228.6,True,FTN050B4398,0.848,TN0SOB4398,accepted,188.2
1186,11,auto,1436,294,1919,999,1624,596,1731,668,0.712,228.6,True,TN03D9766,0.985,TN03D9766,accepted,206.3
1187,40,car,842,317,1234,666,930,543,1042,575,0.760,229.0,True,TN05084398,0.946,TN0SOB4398,accepted,199.8
1187,11,auto,1437,291,1919,998,1624,594,1733,671,0.699,229.0,True,TN03D9766,0.983,TN03D9766,accepted,269.2
1188,40,car,816,313,1226,677,910,551,1027,584,0.783,251.7,True,TN050B4398,0.933,TN0SOB4398,accepted,196.5
1188,11,auto,1438,291,1919,998,1624,594,1733,664,0.776,251.7,True,TN03D9766,0.978,TN03D9766,accepted,206.2
1188,41,auto,1438,291,1919,998,1702,775,1821,840,0.268,251.7,True,,,,no_text,62.7
1189,11,auto,1437,292,1919,998,1624,593,1731,667,0.775,242.4,True,TN03D9766,0.988,TN03D9766,accepted,269.9
1189,40,car,788,310,1225,693,885,562,1006,599,0.742,242.4,True,FTN050B4398,0.863,TN0SOB4398,accepted,207.5
1190,40,car,758,312,1217,712,860,575,988,610,0.768,252.1,True,TN050B4398,0.866,TN0SOB4398,accepted,188.5
1190,11,auto,1437,293,1919,999,1625,594,1732,672,0.686,252.1,True,TN03D9766,0.989,TN03D9766,accepted,210.6
1191,11,auto,1438,291,1919,999,1624,593,1732,665,0.756,242.5,True,TN03D9766,0.970,TN03D9766,accepted,205.0
1191,40,car,722,309,1210,729,829,584,964,622,0.745,242.5,True,TNO50B4398,0.899,NL50B4398,accepted,184.7
1192,11,auto,1439,290,1919,997,1623,591,1733,671,0.793,235.3,True,TN03D9766,0.987,TN03D9766,accepted,188.9
1192,40,car,644,306,1197,774,760,611,909,652,0.744,235.3,True,TN050B4398,0.890,TN0SOB4398,accepted,187.2
1192,41,auto,1439,290,1919,997,1701,771,1822,840,0.459,235.3,True,,,,no_text,64.7
1193,11,auto,1440,290,1919,998,1624,593,1733,662,0.782,237.5,True,TN03D9766,0.985,TN03D9766,accepted,194.3
1193,40,car,591,303,1191,801,728,625,879,672,0.726,237.5,True,TN05DB4398,0.929,TN05DB4398,accepted,207.6
1193,41,auto,1440,290,1919,998,1702,768,1822,841,0.394,237.5,True,,,,no_text,62.2
1194,11,auto,1439,290,1919,998,1622,591,1732,669,0.777,242.4,True,TN03D9766,0.985,TN03D9766,accepted,247.5
1194,40,car,540,301,1179,831,671,645,837,690,0.730,242.4,True,TN05DB4398,0.881,TN05DB4398,accepted,204.7
1194,41,auto,1439,290,1919,998,1699,771,1823,840,0.425,242.4,True,,,,no_text,64.2
1195,40,car,478,298,1167,861,613,666,795,715,0.728,242.0,True,TNO5DB4398,0.851,NL5DB4398,accepted,180.4
1195,11,auto,1438,291,1919,996,1622,590,1733,675,0.724,242.0,True,TN03D9766,0.976,TN03D9766,accepted,204.2
1196,11,auto,1439,290,1916,997,1623,593,1733,674,0.702,228.1,True,TN03D9766,0.957,TN03D9766,accepted,249.5
1196,40,car,318,291,1143,947,468,725,682,792,0.658,228.1,True,TN05DB4398,0.928,TN05DB4398,accepted,210.1
1197,11,auto,1437,288,1918,998,1624,594,1733,673,0.720,234.5,True,TN03D9766,0.989,TN03D9766,accepted,186.9
1197,40,car,218,283,1130,1002,377,765,608,838,0.672,234.5,True,TNO5DB4398,0.927,NL5DB4398,accepted,187.2
1198,11,auto,1438,288,1919,998,1621,592,1733,674,0.745,235.4,True,TN03D9766,0.984,TN03D9766,accepted,191.7
1198,40,car,102,277,1118,1065,259,809,513,898,0.553,235.4,True,TN05DB4398,0.887,TN05DB4398,accepted,177.7
1199,11,auto,1439,290,1919,999,1620,591,1733,674,0.743,231.3,True,TN03D9766,0.977,TN03D9766,accepted,199.5
1199,40,car,0,267,1109,1078,106,870,393,976,0.701,231.3,True,TH05DB4398,0.877,TN05DB4398,accepted,192.5
1199,41,auto,1439,290,1919,999,1712,775,1818,840,0.270,231.3,True,,,,no_text,62.7
1200,11,auto,1438,287,1919,998,1624,593,1731,664,0.725,250.2,True,TN03D9766,0.986,TN03D9766,accepted,303.8
1201,11,auto,1437,289,1918,999,1623,594,1733,670,0.715,226.0,True,TN03D9766,0.979,TN03D9766,accepted,191.9
1202,11,auto,1436,290,1917,998,1622,594,1733,671,0.689,243.7,True,TN03D9766,0.964,TN03D9766,accepted,190.8
1203,11,auto,1437,290,1918,999,1621,594,1732,672,0.741,228.4,True,TN03D9766,0.982,TN03D9766,accepted,196.8
1204,11,auto,1434,288,1919,999,1620,592,1733,676,0.673,228.7,True,TN03D9766,0.988,TN03D9766,accepted,192.5
1205,11,auto,1435,288,1919,999,1620,593,1733,675,0.700,231.8,True,TN03D9766,0.975,TN03D9766,accepted,195.2
1206,11,auto,1433,290,1918,998,1618,592,1734,675,0.734,235.2,True,TN03D9766,0.987,TN03D9766,accepted,196.3
1207,11,auto,1434,287,1918,997,1617,589,1734,684,0.685,231.5,True,TN03D9766,0.969,TN03D9766,accepted,185.9
1207,11,auto,1434,287,1918,997,1607,584,1745,703,0.254,231.5,True,TN03D9766,0.956,TN03D9766,accepted,191.4
1208,11,auto,1432,290,1918,998,1619,593,1734,674,0.646,230.0,True,TN03D9766,0.986,TN03D9766,accepted,192.7
1208,41,auto,1432,290,1918,998,1691,765,1819,843,0.254,230.0,True,,,,no_text,54.6
1209,11,auto,1436,286,1920,998,1620,592,1733,672,0.671,243.0,True,TN03D9766,0.963,TN03D9766,accepted,197.0
1209,41,auto,1436,286,1920,998,1691,769,1816,840,0.301,243.0,True,,,,no_text,57.3
1210,11,auto,1431,289,1918,999,1619,593,1734,675,0.628,255.8,True,TN03D9766,0.987,TN03D9766,accepted,195.8
1211,11,auto,1434,287,1918,998,1620,591,1734,673,0.633,229.3,True,TN03D9766,0.976,TN03D9766,accepted,238.7
1212,11,auto,1433,290,1917,999,1620,592,1734,675,0.585,229.3,True,TN03D9766,0.990,TN03D9766,accepted,195.0
1212,41,auto,1433,290,1917,999,1698,778,1820,844,0.255,229.3,True,,,,no_text,59.3
1213,11,auto,1433,289,1918,999,1619,593,1732,674,0.674,246.0,True,TN03D9766,0.984,TN03D9766,accepted,189.7
1214,11,auto,1433,291,1919,999,1619,593,1733,672,0.698,234.5,True,TN03D9766,0.971,TN03D9766,accepted,195.4
1215,11,auto,1435,291,1919,999,1620,592,1733,673,0.624,230.7,True,TN03D9766,0.986,TN03D9766,accepted,239.0
1216,11,auto,1434,292,1919,1000,1618,592,1733,677,0.675,236.2,True,TN03D9766,0.984,TN03D9766,accepted,188.1
1217,11,auto,1432,291,1918,1000,1619,593,1732,676,0.699,234.8,True,TN03D9766,0.984,TN03D9766,accepted,191.0
1218,11,auto,1433,293,1919,1002,1619,593,1733,676,0.711,240.2,True,TN03D9766,0.949,TN03D9766,accepted,193.7
1219,11,auto,1429,293,1919,1003,1617,593,1730,680,0.727,235.7,True,TN03D9766,0.983,TN03D9766,accepted,190.5
1220,11,auto,1431,291,1919,1000,1621,595,1731,673,0.576,234.1,True,TN03D9766,0.988,TN03D9766,accepted,240.2
1221,11,auto,1431,294,1919,1003,1620,593,1733,678,0.584,235.7,True,,,,no_text,154.6
1221,41,auto,1431,294,1919,1003,1706,785,1819,844,0.272,235.7,True,,,,no_text,54.5
1222,11,auto,1432,291,1919,1001,1622,596,1732,673,0.582,242.5,True,TN03D9766,0.985,TN03D9766,accepted,199.7
1223,11,auto,1430,290,1918,1001,1622,596,1730,672,0.489,230.5,True,TN03D9766,0.989,TN03D9766,accepted,194.8
1224,11,auto,1431,290,1917,1001,1621,594,1733,680,0.625,232.5,True,TN733,0.521,,rejected,173.7
1225,11,auto,1430,288,1919,1001,1620,595,1731,670,0.696,236.1,True,TN03D9766,0.986,TN03D9766,accepted,236.6
1226,11,auto,1429,291,1918,1001,1622,596,1731,670,0.694,245.8,True,TN03D9766,0.976,TN03D9766,accepted,196.2
1226,42,car,1236,353,1376,465,1273,417,1310,434,0.278,245.8,True,,,,no_text,60.9
1227,11,auto,1430,291,1918,1001,1620,594,1732,676,0.679,249.1,True,TN03D9766,0.991,TN03D9766,accepted,198.2
1228,11,auto,1430,291,1918,1000,1621,595,1731,672,0.665,227.8,True,TN03D9766,0.991,TN03D9766,accepted,196.0
1229,11,auto,1430,290,1918,1000,1619,594,1732,672,0.691,231.1,True,TN03D9766,0.991,TN03D9766,accepted,238.3
1230,11,auto,1424,289,1918,1000,1619,594,1731,672,0.673,226.5,True,TN03D9766,0.983,TN03D9766,accepted,242.8
1231,11,auto,1418,291,1918,1001,1621,595,1732,671,0.562,241.9,True,TN03D9766,0.979,TN03D9766,accepted,258.0
1231,42,car,1143,341,1279,443,1254,425,1293,439,0.273,241.9,True,,,,no_text,214.8
1232,11,auto,1431,288,1915,1003,1618,592,1732,673,0.723,249.5,True,TN03D9766,0.978,TN03D9766,accepted,205.6
1233,11,auto,1429,289,1914,1004,1618,595,1731,671,0.715,241.5,True,TN03D9766,0.982,TN03D9766,accepted,255.2
1233,42,car,1194,350,1353,477,1231,425,1273,442,0.266,241.5,True,,,,no_text,83.8
1233,42,car,1194,350,1353,477,1233,421,1275,439,0.252,241.5,True,,,,no_text,79.5
1234,11,auto,1430,291,1914,1003,1620,595,1733,670,0.669,260.7,True,TN03D9766,0.990,TN03D9766,accepted,244.0
1234,43,motorcycle,1314,412,1486,679,1393,480,1441,516,0.304,260.7,True,,,,no_text,48.4
1234,42,car,1191,351,1352,479,1226,428,1269,443,0.260,260.7,True,,,,no_text,221.2
1235,11,auto,1431,290,1915,1005,1621,596,1731,668,0.645,238.1,True,TN03D9766,0.970,TN03D9766,accepted,264.1
1235,43,motorcycle,1303,415,1477,682,1378,483,1433,520,0.377,238.1,True,,,,no_text,51.6
1235,42,car,1183,351,1350,479,1224,429,1268,444,0.361,238.1,True,,,,no_text,222.4
1236,11,auto,1427,289,1916,1003,1617,594,1731,671,0.782,235.6,True,TN03D9766,0.979,TN03D9766,accepted,258.4
1236,42,car,1177,351,1346,479,1218,426,1265,441,0.260,235.6,True,MA,0.577,,rejected,204.8
1237,11,auto,1424,292,1917,1004,1618,596,1730,671,0.746,237.0,True,TN03D9766,0.983,TN03D9766,accepted,194.3
1237,42,car,1176,349,1347,482,1215,429,1264,445,0.414,237.0,True,,,,no_text,176.8
1238,11,auto,1429,290,1915,1005,1621,596,1729,668,0.700,236.4,True,TN03D9766,0.976,TN03D9766,accepted,272.0
1238,42,car,1172,349,1345,484,1213,430,1256,447,0.443,236.4,True,,,,no_text,72.8
1238,43,motorcycle,1260,407,1480,690,1342,481,1391,518,0.349,236.4,True,,,,no_text,61.2
1239,11,auto,1425,291,1916,1002,1616,594,1731,673,0.774,243.5,True,TN03D9766,0.980,TN03D9766,accepted,196.7
1240,11,auto,1423,292,1917,1003,1616,594,1728,674,0.753,232.1,True,TN03D9766,0.985,TN03D9766,accepted,193.7
1240,42,car,1163,347,1335,482,1202,430,1247,449,0.270,232.1,True,,,,no_text,68.2
1241,11,auto,1424,294,1917,1003,1615,595,1729,673,0.735,242.1,True,TN03D9766,0.978,TN03D9766,accepted,199.2
1241,42,car,1159,347,1341,483,1197,430,1248,448,0.320,242.1,True,,,,no_text,93.2
1242,11,auto,1428,291,1917,1003,1616,595,1727,668,0.749,259.6,True,TN03D9766,0.981,TN03D9766,accepted,196.6
1242,42,car,1090,338,1221,456,1196,431,1246,451,0.269,259.6,True,,,,no_text,69.8
1243,11,auto,1425,294,1918,1002,1613,593,1730,674,0.755,244.1,True,TN03D9766,0.978,TN03D9766,accepted,198.7
1243,42,car,1147,347,1327,485,1191,431,1242,450,0.435,244.1,True,,,,no_text,183.1
1243,11,auto,1425,294,1918,1002,1610,594,1742,702,0.264,244.1,True,TN03D9766,0.958,TN03D9766,accepted,321.2
1244,11,auto,1425,295,1919,1002,1615,595,1726,666,0.763,244.5,True,TN03D9766,0.981,TN03D9766,accepted,261.3
1244,42,car,1141,344,1316,488,1190,431,1238,449,0.409,244.5,True,,,,no_text,67.4
1245,11,auto,1423,293,1918,1002,1613,593,1728,672,0.752,246.8,True,TN03D9766,0.975,TN03D9766,accepted,309.1
1245,42,car,1135,343,1310,488,1185,431,1236,451,0.267,246.8,True,,,,no_text,67.0
1246,11,auto,1428,294,1918,1002,1615,595,1724,667,0.752,242.7,True,TN03D9766,0.971,TN03D9766,accepted,259.9
1246,43,motorcycle,1154,408,1465,698,1237,482,1297,522,0.284,242.7,True,,,,no_text,51.5
1247,11,auto,1428,293,1917,1002,1611,593,1725,673,0.762,241.5,True,TN03D9766,0.975,TN03D9766,accepted,200.1
1247,42,car,1064,336,1203,458,1172,436,1223,456,0.292,241.5,True,,,,no_text,182.4
1248,11,auto,1429,293,1917,1002,1613,595,1722,668,0.750,238.6,True,TN03D9766,0.984,TN03D9766,accepted,238.0
1249,11,auto,1427,294,1917,1003,1614,596,1722,667,0.772,239.8,True,TN03D9766,0.972,TN03D9766,accepted,247.7
1249,43,motorcycle,1093,403,1456,711,1183,481,1248,518,0.338,239.8,True,,,,no_text,59.2
1250,11,auto,1430,293,1919,1002,1612,594,1725,669,0.771,265.6,True,TN03D9766,0.981,TN03D9766,accepted,248.6
1251,11,auto,1432,292,1917,1003,1615,597,1720,664,0.753,232.2,True,TN03D9766,0.971,TN03D9766,accepted,204.6
1251,44,auto,1432,292,1917,1003,1714,788,1813,844,0.272,232.2,True,,,,no_text,66.5
1252,11,auto,1429,293,1919,1002,1615,595,1720,664,0.730,238.4,True,TN03D9766,0.972,TN03D9766,accepted,198.1
1253,11,auto,1428,292,1919,1003,1615,597,1718,663,0.736,234.5,True,TN03D9766,0.970,TN03D9766,accepted,249.6
1253,43,motorcycle,1043,408,1429,725,1127,491,1183,522,0.270,234.5,True,,,,no_text,56.0
1254,11,auto,1429,293,1919,1003,1617,598,1718,661,0.766,247.4,True,TN03D9766,0.980,TN03D9766,accepted,203.5
1254,44,auto,1429,293,1919,1003,1712,788,1813,844,0.280,247.4,True,,,,no_text,59.7
1254,43,car,1074,343,1278,515,1105,492,1160,524,0.252,247.4,True,,,,no_text,68.6
1255,11,auto,1429,293,1919,1002,1616,596,1720,662,0.739,257.2,True,TN03D9766,0.981,TN03D9766,accepted,204.4
1256,11,auto,1429,293,1919,1002,1616,596,1722,665,0.747,231.9,True,TN03D9766,0.982,TN03D9766,accepted,202.8
1256,43,motorcycle,981,404,1377,749,1067,483,1128,515,0.360,231.9,True,,,,no_text,60.6
1256,43,motorcycle,981,404,1377,749,1075,495,1134,529,0.293,231.9,True,,,,no_text,70.8
1257,11,auto,1430,292,1919,1003,1616,597,1723,665,0.757,247.2,True,TN03D9766,0.981,TN03D9766,accepted,199.6
1258,11,auto,1430,294,1919,1001,1615,595,1726,669,0.752,240.2,True,TN03D9766,0.973,TN03D9766,accepted,199.3
1259,11,auto,1429,294,1919,1002,1615,596,1723,668,0.740,233.7,True,TN03D9766,0.983,TN03D9766,accepted,198.4
1260,11,auto,1429,292,1919,1002,1615,597,1721,664,0.747,234.0,True,TN03D9766,0.979,TN03D9766,accepted,243.6
1261,11,auto,1429,292,1919,1003,1615,595,1726,670,0.727,259.0,True,TN03D9766,0.986,TN03D9766,accepted,315.5
1262,11,auto,1429,295,1919,1003,1614,594,1729,671,0.742,232.8,True,TN03D9766,0.988,TN03D9766,accepted,259.6
1263,11,auto,1428,294,1919,1003,1614,595,1728,672,0.722,229.2,True,TN03D9766,0.992,TN03D9766,accepted,200.0
1264,11,auto,1428,292,1919,1004,1615,595,1726,667,0.729,235.7,True,TN03D9766,0.978,TN03D9766,accepted,198.2
1265,11,auto,1428,294,1919,1004,1615,595,1726,668,0.746,241.8,True,TN03D9766,0.982,TN03D9766,accepted,250.4
1265,44,auto,1428,294,1919,1004,1712,785,1814,844,0.275,241.8,True,,,,no_text,56.2
1266,11,auto,1428,293,1919,1003,1616,596,1726,668,0.763,257.5,True,TN03D9766,0.988,TN03D9766,accepted,194.1
1266,44,auto,1428,293,1919,1003,1714,785,1816,844,0.329,257.5,True,,,,no_text,55.2
1267,11,auto,1428,293,1919,1003,1615,595,1728,674,0.745,253.2,True,TN03D9766,0.984,TN03D9766,accepted,255.7
1267,43,car,956,331,1259,505,952,432,1031,481,0.299,253.2,True,,,,no_text,63.4
1268,11,auto,1427,293,1919,1003,1616,595,1726,667,0.738,242.0,True,TN03D9766,0.975,TN03D9766,accepted,202.1
1269,11,auto,1426,292,1919,1003,1615,595,1722,665,0.748,243.7,True,TN03D9766,0.984,TN03D9766,accepted,199.6
1270,11,auto,1427,294,1919,1003,1615,595,1725,668,0.726,236.0,True,TN03D9766,0.982,TN03D9766,accepted,241.3
1271,11,auto,1428,294,1919,1002,1615,594,1729,677,0.745,236.9,True,TN03D9766,0.981,TN03D9766,accepted,201.2
1272,11,auto,1427,294,1919,1002,1614,595,1727,672,0.754,237.6,True,TN03D9766,0.977,TN03D9766,accepted,199.9
1273,11,auto,1427,293,1919,1002,1615,595,1726,669,0.743,244.5,True,TN03D9766,0.976,TN03D9766,accepted,255.2
1274,11,auto,1429,293,1919,1002,1616,595,1725,668,0.750,240.4,True,TN03D9766,0.984,TN03D9766,accepted,199.5
1274,44,auto,1429,293,1919,1002,1715,787,1814,844,0.296,240.4,True,,,,no_text,60.0
1275,11,auto,1429,294,1919,1002,1614,593,1728,671,0.726,241.1,True,TN03D9766,0.969,TN03D9766,accepted,242.0
1276,11,auto,1428,291,1919,1002,1617,591,1729,678,0.702,230.6,True,,,,no_text,156.3
1277,11,auto,1428,294,1919,1002,1614,593,1730,679,0.745,247.3,True,N703,0.551,,rejected,150.5
1277,11,auto,1428,294,1919,1002,1601,595,1731,704,0.256,247.3,True,TN03D9766L,0.817,,rejected,248.2
1278,11,auto,1428,292,1919,1000,1614,592,1726,671,0.714,237.7,True,TN03D9766,0.975,TN03D9766,accepted,195.3
1279,11,auto,1428,292,1919,1000,1614,593,1725,673,0.724,250.9,True,TN03D9766,0.985,TN03D9766,accepted,189.8
1280,11,auto,1429,292,1919,1000,1614,592,1726,671,0.707,231.0,True,TN03D9766,0.981,TN03D9766,accepted,207.0
1281,11,auto,1428,292,1919,999,1614,592,1724,670,0.711,264.2,True,TN03D9766,0.988,TN03D9766,accepted,195.4
1282,11,auto,1427,289,1919,999,1615,590,1721,660,0.680,241.9,True,TN03D9766,0.988,TN03D9766,accepted,252.4
1283,11,auto,1428,290,1919,999,1616,591,1721,661,0.702,240.5,True,TN03D9766,0.985,TN03D9766,accepted,258.6
1284,11,auto,1426,291,1919,1000,1614,591,1716,657,0.694,234.9,True,TN03D9766,0.983,TN03D9766,accepted,197.4
1285,11,auto,1427,288,1920,996,1613,589,1721,657,0.641,239.4,True,TN03D9766,0.981,TN03D9766,accepted,197.6
1285,44,auto,1427,288,1920,996,1683,759,1809,836,0.286,239.4,True,,,,no_text,55.5
1286,11,auto,1425,287,1919,996,1613,589,1716,655,0.705,252.5,True,TN03D9766,0.985,TN03D9766,accepted,192.8
1287,11,auto,1429,287,1920,997,1612,589,1715,657,0.704,235.0,True,TN03D9766,0.969,TN03D9766,accepted,245.4
1288,11,auto,1427,288,1919,996,1612,590,1715,657,0.702,236.8,True,DTN03D9766,0.865,TN03D9766,accepted,250.6
1288,44,auto,1427,288,1919,996,1678,766,1807,838,0.303,236.8,True,,,,no_text,57.6
1289,11,auto,1425,289,1919,996,1610,590,1713,657,0.669,250.9,True,TN03D9766,0.990,TN03D9766,accepted,246.2
1289,44,auto,1425,289,1919,996,1678,767,1808,838,0.306,250.9,True,,,,no_text,60.0
1290,11,auto,1427,289,1920,997,1610,589,1713,657,0.678,258.5,True,TN03D9766,0.986,TN03D9766,accepted,247.0
1290,44,auto,1427,289,1920,997,1678,767,1808,838,0.303,258.5,True,,,,no_text,56.5
1291,11,auto,1423,287,1920,995,1610,588,1717,663,0.609,240.8,True,TN03D9766,0.985,TN03D9766,accepted,191.1
1292,11,auto,1424,289,1920,997,1607,591,1714,660,0.675,232.9,True,TN03D9766,0.987,TN03D9766,accepted,197.7
1293,11,auto,1424,290,1920,996,1607,590,1713,658,0.635,238.7,True,TN03D9766,0.977,TN03D9766,accepted,243.7
1293,44,auto,1424,290,1920,996,1682,768,1804,838,0.288,238.7,True,,,,no_text,58.5
1294,11,auto,1421,290,1920,997,1605,590,1714,662,0.632,249.7,True,TN03D9766,0.976,TN03D9766,accepted,195.9
1295,11,auto,1421,288,1920,996,1607,588,1712,660,0.587,233.9,True,TN03D9766,0.978,TN03D9766,accepted,240.6
1296,11,auto,1421,286,1920,996,1606,587,1712,660,0.607,231.7,True,TN03D9766,0.971,TN03D9766,accepted,187.4
1297,11,auto,1420,290,1920,996,1606,593,1710,663,0.619,236.8,True,TN03D9766,0.981,TN03D9766,accepted,196.4
1297,44,auto,1420,290,1920,996,1678,778,1798,838,0.310,236.8,True,,,,no_text,65.0
1298,11,auto,1421,293,1919,998,1607,592,1710,663,0.629,252.7,True,TN03D9766,0.966,TN03D9766,accepted,196.6
1298,44,auto,1421,293,1919,998,1680,777,1798,838,0.324,252.7,True,,,,no_text,60.4
1299,11,auto,1422,290,1920,997,1606,592,1714,667,0.603,240.6,True,TN03D9766,0.962,TN03D9766,accepted,195.4
1299,44,auto,1422,290,1920,997,1681,777,1798,837,0.252,240.6,True,,,,no_text,60.0
1300,45,car,400,311,1084,842,456,665,627,720,0.710,241.3,True,TN976500,0.876,TN976500,accepted,194.5
1300,11,auto,1421,292,1919,999,1607,592,1710,660,0.547,241.3,True,TN03D9766,0.976,TN03D9766,accepted,265.8
1300,44,auto,1421,292,1919,999,1679,775,1799,839,0.353,241.3,True,,,,no_text,55.6
1301,45,car,325,312,1078,863,418,680,599,735,0.741,259.2,True,TN976500,0.989,TN976500,accepted,197.1
1301,11,auto,1421,292,1919,998,1604,592,1711,665,0.665,259.2,True,TN03D9766,0.977,TN03D9766,accepted,207.2
1301,44,auto,1421,292,1919,998,1679,774,1796,837,0.268,259.2,True,,,,no_text,57.5
1302,45,car,260,311,1072,881,377,687,564,748,0.744,256.3,True,TN976500,0.980,TN976500,accepted,195.2
1302,11,auto,1421,293,1919,998,1603,593,1712,670,0.676,256.3,True,TN03D9766,0.969,TN03D9766,accepted,207.7
1302,44,auto,1421,293,1919,998,1677,773,1797,837,0.259,256.3,True,,,,no_text,64.9
1303,45,car,204,310,1065,907,336,705,529,763,0.729,244.4,True,TN9766500,0.937,TN97G6500,accepted,238.2
1303,11,auto,1420,292,1919,998,1605,593,1710,662,0.661,244.4,True,TN03D9766,0.977,TN03D9766,accepted,197.0
1303,44,auto,1420,292,1919,998,1679,775,1795,837,0.261,244.4,True,,,,no_text,56.5
1304,45,car,168,310,1055,924,291,718,493,784,0.670,239.7,True,TN976500,0.962,TN976500,accepted,195.4
1304,11,auto,1420,291,1919,998,1604,592,1710,663,0.646,239.7,True,TN03D9766,0.958,TN03D9766,accepted,208.6
1305,45,car,129,308,1047,946,242,734,452,802,0.705,229.4,True,TN976500,0.979,TN976500,accepted,179.0
1305,11,auto,1420,292,1920,998,1605,592,1710,661,0.627,229.4,True,TN03D9766,0.982,TN03D9766,accepted,211.2
1306,45,car,1,305,1012,1054,8,811,251,894,0.611,239.2,True,TN976500,0.986,TN976500,accepted,179.6
1306,11,auto,1421,291,1919,998,1606,593,1709,660,0.569,239.2,True,TN03D9766,0.985,TN03D9766,accepted,203.2
1307,45,car,2,303,1005,1070,0,838,186,930,0.637,232.1,True,976500,0.984,,rejected,164.6
1307,11,auto,1420,291,1920,998,1606,593,1709,660,0.617,232.1,True,TN03D9766,0.984,TN03D9766,accepted,213.4
1307,44,auto,1420,291,1920,998,1679,775,1796,837,0.265,232.1,True,,,,no_text,57.9
1308,11,auto,1420,289,1920,997,1607,592,1712,664,0.544,241.6,True,TN03D9766,0.989,TN03D9766,accepted,194.4
1308,45,car,1,306,990,1078,0,905,39,1031,0.346,241.6,True,,,,no_text,47.1
1309,11,auto,1420,290,1920,997,1607,592,1711,666,0.467,254.7,True,TN03D9766,0.982,TN03D9766,accepted,256.7
1310,11,auto,1419,291,1920,997,1606,592,1711,661,0.574,241.9,True,TN03D9766,0.970,TN03D9766,accepted,197.4
1311,11,auto,1420,290,1920,997,1606,593,1710,661,0.592,228.9,True,TN03D9766,0.982,TN03D9766,accepted,199.3
1312,11,auto,1420,289,1920,997,1607,593,1711,661,0.546,241.1,True,TN03D9766,0.987,TN03D9766,accepted,196.6
1313,11,auto,1421,288,1920,997,1606,587,1715,665,0.594,242.3,True,TN03D9766,0.985,TN03D9766,accepted,237.9
1314,11,auto,1423,291,1919,998,1603,588,1717,685,0.659,250.9,True,TN03D9766,0.980,TN03D9766,accepted,194.7
1315,11,auto,1423,290,1919,999,1606,592,1713,668,0.673,228.8,True,TN03D9766,0.977,TN03D9766,accepted,235.6
1316,11,auto,1421,291,1919,1000,1607,591,1713,675,0.620,231.2,True,TN03D9766,0.964,TN03D9766,accepted,192.7
1317,11,auto,1420,289,1919,1000,1607,590,1712,662,0.649,241.0,True,TN03D9766,0.966,TN03D9766,accepted,240.7
1318,11,auto,1422,291,1919,1000,1609,592,1713,669,0.662,235.2,True,TN03D9766,0.984,TN03D9766,accepted,189.9
1319,11,auto,1423,292,1919,999,1605,590,1716,667,0.646,231.2,True,TN03D9766,0.969,TN03D9766,accepted,192.2
1319,11,auto,1423,292,1919,999,1606,586,1721,692,0.278,231.2,True,TN03D9766,0.952,TN03D9766,accepted,196.8
1320,11,auto,1422,292,1919,999,1607,588,1720,674,0.576,228.8,True,,,,no_text,152.7
1321,11,auto,1420,291,1920,998,1603,589,1717,685,0.576,234.5,True,TN03D9766,0.975,TN03D9766,accepted,188.8
1321,44,auto,1420,291,1920,998,1676,771,1804,840,0.253,234.5,True,,,,no_text,57.8
1322,11,auto,1422,291,1920,999,1608,588,1719,669,0.449,230.0,True,,,,no_text,148.9
1323,11,auto,1420,290,1920,999,1604,590,1713,668,0.636,232.2,True,TN03D9766,0.956,TN03D9766,accepted,200.3
1324,11,auto,1416,290,1920,997,1601,591,1709,665,0.608,227.8,True,TN03D9766,0.975,TN03D9766,accepted,242.4
1324,44,auto,1416,290,1920,997,1678,772,1796,838,0.375,227.8,True,,,,no_text,55.0
1325,11,auto,1420,291,1920,999,1605,592,1714,664,0.450,239.9,True,TN03D9766,0.971,TN03D9766,accepted,195.1
1326,11,auto,1423,292,1919,999,1609,587,1718,669,0.596,227.9,True,TN03D9766,0.985,TN03D9766,accepted,189.1
1327,11,auto,1420,289,1920,999,1605,586,1714,663,0.545,230.6,True,TN03D9766,0.975,TN03D9766,accepted,194.8
1328,11,auto,1416,287,1920,998,1604,587,1711,656,0.635,223.8,True,TN03D9766,0.986,TN03D9766,accepted,196.1
