frame_id,track_id,vehicle_type,vehicle_bbox_x1,vehicle_bbox_y1,vehicle_bbox_x2,vehicle_bbox_y2,plate_bbox_x1,plate_bbox_y1,plate_bbox_x2,plate_bbox_y2,plate_confidence,detect_inference_ms,ocr_ran,ocr_raw_text,ocr_confidence,ocr_validated_plate,ocr_status,ocr_inference_ms
1,1,motorcycle,539,503,757,767,571,590,633,618,0.510,821.2,True,,,,no_text,399.9
1,2,auto,1290,359,1796,1051,1456,654,1567,723,0.257,821.2,True,TN03D9766,0.977,TN03D9766,accepted,375.8
2,2,auto,1292,355,1795,1050,1458,651,1566,722,0.306,460.4,True,TN03D9766,0.987,TN03D9766,accepted,182.0
2,1,motorcycle,470,507,712,803,508,605,574,636,0.298,460.4,True,,,,no_text,160.3
3,2,auto,1291,359,1797,1051,1459,653,1570,723,0.309,489.8,True,TN03D9766,0.984,TN03D9766,accepted,185.6
4,2,auto,1292,355,1795,1048,1461,652,1566,719,0.443,488.0,True,TN03D9766,0.981,TN03D9766,accepted,320.0
4,1,motorcycle,379,518,661,847,425,626,496,656,0.334,488.0,True,,,,no_text,319.9
5,1,motorcycle,261,531,594,910,316,655,395,688,0.454,486.7,True,,,,no_text,171.3
5,3,car,1118,412,1229,511,1142,471,1177,491,0.262,486.7,True,,,,no_text,58.8
6,1,motorcycle,103,552,519,990,180,696,264,733,0.311,493.2,True,,,,no_text,149.0
8,3,car,1094,416,1218,526,1126,483,1160,504,0.260,480.7,True,,,,no_text,45.9
9,3,car,1093,416,1216,528,1118,484,1153,504,0.263,495.3,True,,,,no_text,51.1
10,3,car,1087,418,1215,531,1116,486,1151,504,0.261,493.9,True,,,,no_text,55.8
11,3,van,1079,413,1212,533,1109,485,1147,504,0.292,492.3,True,,,,no_text,58.0
12,3,car,1071,417,1210,536,1105,488,1141,504,0.352,485.7,True,,,,no_text,69.4
12,3,motorcycle,989,451,1081,604,997,471,1060,526,0.283,485.7,True,,,,no_text,133.7
13,3,car,1069,415,1212,536,1104,488,1142,504,0.403,485.7,True,,,,no_text,59.1
14,3,car,1061,415,1204,539,1093,488,1128,505,0.340,468.4,True,,,,no_text,65.2
15,3,car,1046,414,1199,542,1083,489,1123,506,0.289,489.7,True,,,,no_text,59.1
16,3,car,1031,412,1189,546,1070,492,1114,510,0.408,488.8,True,,,,no_text,66.1
16,3,motorcycle,909,457,1034,642,938,515,991,544,0.280,488.8,True,,,,no_text,69.1
17,3,car,1027,414,1185,549,1067,496,1111,514,0.472,472.9,True,,,,no_text,61.8
17,3,motorcycle,908,457,1028,651,930,514,987,550,0.393,472.9,True,,,,no_text,63.6
18,3,car,1017,411,1181,554,1058,500,1105,519,0.466,481.7,True,,,,no_text,161.8
18,3,motorcycle,889,466,1011,666,919,512,967,540,0.363,481.7,True,,,,no_text,60.0
19,3,car,1011,408,1177,553,1055,499,1097,519,0.450,488.4,True,,,,no_text,56.7
19,2,auto,1293,368,1800,1065,1470,669,1565,728,0.387,488.4,True,TN03D9766,0.985,TN03D9766,accepted,214.5
19,4,motorcycle,866,466,1001,673,897,534,952,564,0.344,488.4,True,,,,no_text,58.4
20,4,car,1001,409,1175,562,1044,503,1093,525,0.507,482.3,True,,,,no_text,57.4
20,5,motorcycle,845,470,987,691,870,549,930,576,0.440,482.3,True,,,,no_text,75.0
21,4,car,999,408,1172,563,1042,502,1091,525,0.566,485.6,True,DETATT,0.513,,rejected,167.9
21,5,motorcycle,838,470,978,697,855,553,913,579,0.465,485.6,True,,,,no_text,72.7
22,5,motorcycle,817,472,967,709,840,556,905,587,0.590,485.8,True,,,,no_text,61.3
22,4,car,995,407,1170,564,1039,503,1090,526,0.396,485.8,True,,,,no_text,77.4
23,5,motorcycle,636,477,863,828,668,614,736,651,0.467,490.9,True,0199,0.534,,rejected,155.1
23,4,car,946,404,1149,585,994,514,1053,540,0.439,490.9,True,,,,no_text,174.3
23,5,motorcycle,636,477,863,828,698,529,761,555,0.373,490.9,True,13,0.581,,rejected,182.5
24,4,car,939,406,1146,589,990,516,1049,543,0.483,496.0,True,,,,no_text,168.9
24,5,motorcycle,614,473,848,848,671,534,728,562,0.335,496.0,True,,,,no_text,174.4
25,4,car,933,407,1145,591,983,520,1043,545,0.534,487.9,True,,,,no_text,61.1
25,5,motorcycle,575,496,825,877,593,639,672,676,0.454,487.9,True,NIOC0094,0.803,NL0C0094,accepted,211.0
25,5,motorcycle,575,496,825,877,637,543,697,571,0.330,487.9,True,LS,0.515,,rejected,170.0
26,4,car,924,409,1140,595,973,524,1038,550,0.539,486.4,True,FTNIEPL73EL,0.552,,rejected,166.6
26,5,motorcycle,530,495,804,906,599,549,665,576,0.319,486.4,True,,,,no_text,175.4
27,5,motorcycle,429,505,750,973,457,685,546,734,0.560,476.8,True,INI0CC0947,0.875,TN10CC0947,accepted,189.8
27,4,car,909,407,1132,600,963,526,1025,552,0.352,476.8,True,TNICIL73C,0.587,,rejected,176.8
28,4,car,899,408,1128,604,952,531,1022,557,0.336,473.6,True,,,,no_text,68.0
28,6,motorcycle,359,524,721,1014,456,578,524,613,0.274,473.6,True,,,,no_text,72.4
29,4,car,891,407,1124,606,945,533,1013,558,0.421,478.3,True,IN10BL7364,0.745,TN10BL7364,accepted,168.6
29,6,motorcycle,289,529,687,1063,396,592,471,623,0.410,478.3,True,,,,no_text,72.7
30,4,car,875,408,1119,615,929,538,999,566,0.441,484.4,True,TN10BL7364,0.741,TN10BL7364,accepted,162.4
31,4,car,864,406,1116,619,921,538,994,570,0.526,483.2,True,ETM1ODL7364,0.730,TN10DL7364,accepted,198.7
31,7,motorcycle,1,593,562,1076,18,832,148,910,0.289,483.2,True,OTN10CC0947,0.791,TN10CC0947,accepted,200.7
32,4,car,852,404,1110,619,909,540,988,572,0.539,507.5,True,RIN1O1L7364,0.542,TN10IL7364,accepted,208.5
33,4,car,831,405,1102,632,891,549,968,576,0.404,468.5,True,TN10EL7364,0.776,TN10EL7364,accepted,317.1
34,4,car,820,404,1100,639,879,550,961,580,0.409,475.1,True,TN108L7364,0.865,TN10BL7364,accepted,181.2
35,4,car,806,404,1095,645,868,555,952,586,0.407,473.6,True,ETNTOBL7354,0.710,,rejected,177.5
36,4,car,734,399,1068,673,803,576,900,610,0.375,483.8,True,ETN108L7364,0.820,TN10BL7364,accepted,170.5
37,4,car,717,400,1061,682,789,580,887,615,0.465,465.1,True,ETN10BL7364,0.911,TN10BL7364,accepted,175.7
38,4,car,700,401,1057,691,772,588,872,623,0.548,476.6,True,TN10BL7364,0.879,TN10BL7364,accepted,169.4
39,4,car,680,400,1049,697,755,593,857,627,0.358,479.1,True,FTN10BL7364,0.880,TN10BL7364,accepted,173.7
40,4,car,661,400,1043,711,734,597,844,637,0.506,510.5,True,FTN10BL7364,0.849,TN10BL7364,accepted,163.2
41,4,car,639,399,1038,719,717,606,826,645,0.552,469.0,True,ETN10BL7364,0.924,TN10BL7364,accepted,166.1
42,4,car,615,399,1031,726,694,612,809,651,0.590,475.9,True,ETN10BL7364,0.904,TN10BL7364,accepted,163.5
43,4,car,589,396,1022,737,671,619,788,658,0.631,485.7,True,TN10BL7364,0.921,TN10BL7364,accepted,169.5
44,4,car,532,393,1006,762,620,636,745,675,0.645,488.0,True,TN10BL7364,0.953,TN10BL7364,accepted,182.8
45,4,car,501,392,1000,774,589,643,720,685,0.648,496.5,True,ETN10BL7364,0.882,TN10BL7364,accepted,182.5
46,4,car,463,390,988,789,554,654,690,697,0.663,513.9,True,TN10BL7364,0.959,TN10BL7364,accepted,183.2
47,4,car,386,386,965,822,480,677,628,721,0.747,489.6,True,TN10BL7364,0.972,TN10BL7364,accepted,313.8
48,4,car,339,386,958,843,437,688,591,735,0.717,487.8,True,TN10BL7364,0.956,TN10BL7364,accepted,181.6
49,4,car,292,385,944,864,389,704,551,752,0.737,491.0,True,TN10BL7364,0.943,TN10BL7364,accepted,194.4
50,4,car,238,383,934,891,336,723,505,773,0.702,496.0,True,TH10BL7364,0.905,TN10BL7364,accepted,181.1
51,4,car,167,379,917,924,278,744,453,797,0.735,482.7,True,TN10BL7364,0.916,TN10BL7364,accepted,177.4
52,4,car,16,373,886,987,130,794,328,853,0.779,479.6,True,TN10BL7364,0.953,TN10BL7364,accepted,179.5
53,4,car,0,375,870,1023,40,826,251,893,0.800,483.7,True,TH10BL7364,0.947,TN10BL7364,accepted,169.1
54,4,car,0,376,831,1075,0,902,40,994,0.532,495.5,True,,,,no_text,95.3
59,8,car,997,389,1146,509,1034,447,1071,464,0.363,479.0,True,,,,no_text,61.5
60,9,auto,1301,355,1818,1047,1474,647,1582,722,0.326,482.7,True,TN03D9766,0.985,TN03D9766,accepted,182.7
60,8,car,995,388,1145,510,1031,451,1069,468,0.298,482.7,True,,,,no_text,61.6
61,9,auto,1301,353,1824,1046,1476,650,1583,721,0.531,478.9,True,TN03D9766,0.982,TN03D9766,accepted,234.8
62,9,auto,1300,352,1818,1047,1476,647,1583,721,0.565,475.9,True,TN03D9766,0.989,TN03D9766,accepted,180.2
63,9,auto,1298,353,1812,1046,1473,643,1580,721,0.574,470.6,True,TN03D9766,0.962,TN03D9766,accepted,185.9
63,9,auto,1298,353,1812,1046,1467,639,1588,750,0.260,470.6,True,TN03D9766,0.983,TN03D9766,accepted,178.8
64,9,auto,1298,352,1812,1047,1471,639,1580,721,0.415,490.3,True,TN03D9766,0.985,TN03D9766,accepted,177.9
64,8,car,960,382,1127,518,1003,446,1048,466,0.300,490.3,True,,,,no_text,59.3
65,9,auto,1299,351,1811,1044,1472,644,1581,720,0.486,485.3,True,TN03D9766,0.978,TN03D9766,accepted,186.0
65,10,auto,1299,351,1811,1044,1543,805,1663,889,0.314,485.3,True,,,,no_text,47.7
65,8,car,954,381,1124,518,995,445,1036,464,0.302,485.3,True,,,,no_text,76.2
66,9,auto,1298,348,1812,1044,1472,640,1584,720,0.414,489.0,True,TN03D9766,0.987,TN03D9766,accepted,188.9
66,8,car,948,379,1122,518,992,445,1038,464,0.292,489.0,True,,,,no_text,63.2
67,9,auto,1303,352,1823,1041,1481,644,1585,712,0.440,515.0,True,TN03D9766,0.975,TN03D9766,accepted,226.5
68,9,auto,1303,348,1823,1039,1480,642,1587,713,0.543,542.1,True,TN03D9766,0.982,TN03D9766,accepted,188.8
69,9,auto,1312,350,1828,1043,1491,639,1596,712,0.462,474.8,True,TN03D9766,0.986,TN03D9766,accepted,184.6
71,8,car,904,361,1123,536,952,469,1011,489,0.327,464.2,True,,,,no_text,67.2
71,9,auto,1330,348,1853,1042,1515,635,1620,707,0.259,464.2,True,TN03D9766,0.981,TN03D9766,accepted,203.0
72,9,auto,1331,348,1856,1040,1517,634,1622,707,0.330,492.0,True,TN03D9766,0.982,TN03D9766,accepted,179.9
73,8,car,893,358,1120,540,941,469,997,490,0.274,499.0,True,,,,no_text,67.4
74,8,car,885,358,1118,545,933,474,996,498,0.526,499.8,True,,,,no_text,168.1
75,8,car,878,357,1119,546,930,476,993,498,0.278,498.9,True,,,,no_text,65.2
75,9,auto,1336,347,1874,1040,1526,634,1635,708,0.264,498.9,True,TN03D9766,0.959,TN03D9766,accepted,205.0
76,8,car,872,355,1119,549,925,478,987,502,0.408,476.6,True,,,,no_text,189.8
77,8,car,865,354,1118,553,918,481,980,505,0.350,479.9,True,,,,no_text,166.3
77,9,auto,1338,344,1883,1033,1532,635,1636,705,0.350,479.9,True,TN03D9766,0.980,TN03D9766,accepted,205.5
78,8,car,854,352,1115,556,907,482,973,507,0.429,477.6,True,,,,no_text,167.5
78,9,auto,1345,344,1885,1042,1537,637,1641,706,0.410,477.6,True,TN03D9766,0.983,TN03D9766,accepted,199.7
79,9,auto,1339,346,1889,1041,1538,636,1646,707,0.376,482.5,True,TN03D9766,0.983,TN03D9766,accepted,185.7
80,8,car,825,348,1109,566,882,489,952,516,0.459,496.5,True,,,,no_text,167.5
81,8,car,818,348,1105,569,875,492,944,518,0.425,492.9,True,,,,no_text,188.7
81,9,auto,1361,343,1907,1039,1544,636,1667,749,0.330,492.9,True,TN03D9766,0.972,TN03D9766,accepted,188.6
81,9,auto,1361,343,1907,1039,1548,636,1665,713,0.322,492.9,True,TN03D9766,0.978,TN03D9766,accepted,193.4
82,8,car,803,344,1103,571,867,493,939,519,0.365,477.8,True,SINO3CASOO0,0.620,TN03CA5000,accepted,169.3
83,8,car,792,342,1099,574,852,494,926,523,0.401,496.3,True,FINO3CA5O00,0.575,TN03CA5000,accepted,166.2
84,8,car,777,341,1094,582,840,498,914,524,0.428,497.0,True,STKO3CK5O00,0.644,,rejected,169.1
84,9,auto,1371,340,1914,1036,1558,638,1663,703,0.300,497.0,True,TN03D9766,0.988,TN03D9766,accepted,204.5
85,8,car,762,339,1088,586,824,500,901,529,0.266,487.3,True,EKO9CX5OGO,0.662,,rejected,165.1
85,9,auto,1373,337,1918,1034,1562,636,1664,701,0.261,487.3,True,TN03D9766,0.953,TN03D9766,accepted,199.5
86,8,car,745,336,1085,593,809,504,891,531,0.443,486.3,True,5TRO9CX500D,0.697,,rejected,169.6
86,9,auto,1376,339,1919,1034,1562,636,1668,703,0.396,486.3,True,TN03D9766,0.979,TN03D9766,accepted,213.8
87,8,car,703,332,1075,604,776,509,862,541,0.532,501.5,True,STMO9CI5000,0.700,TN09CI5000,accepted,169.5
88,8,car,684,332,1066,614,753,515,843,548,0.463,486.4,True,STNO9CI5000,0.759,TN09CI5000,accepted,166.6
88,9,auto,1379,339,1920,1034,1565,634,1676,708,0.396,486.4,True,TN03D9766,0.988,TN03D9766,accepted,199.6
89,8,car,661,332,1060,621,734,523,823,554,0.455,494.2,True,ETM09CX5000,0.862,TN09CX5000,accepted,168.2
90,8,car,637,329,1052,626,708,526,803,556,0.488,476.5,True,EIN09CX5000,0.810,TN09CX5000,accepted,165.9
91,8,car,611,329,1046,639,684,532,782,566,0.557,488.5,True,ETN09CX5000,0.840,TN09CX5000,accepted,168.2
91,9,auto,1380,340,1920,1035,1568,632,1682,704,0.365,488.5,True,TN03D9766,0.972,TN03D9766,accepted,199.8
91,9,auto,1380,340,1920,1035,1565,629,1685,740,0.299,488.5,True,TN03D9766,0.981,TN03D9766,accepted,193.8
92,8,car,581,327,1037,647,656,539,757,574,0.496,473.9,True,FTN09CX5000,0.915,TN09CX5000,accepted,169.1
92,9,auto,1382,342,1920,1033,1568,631,1683,704,0.297,473.9,True,TN03D9766,0.987,TN03D9766,accepted,203.7
93,8,car,275,303,956,747,356,603,492,646,0.680,484.1,True,TH09CX5000,0.892,TN09CX5000,accepted,163.8
93,9,auto,1376,337,1919,1023,1562,626,1683,717,0.386,484.1,True,TN73,0.575,,rejected,154.2
93,9,auto,1376,337,1919,1023,1560,622,1686,748,0.341,484.1,True,,,,no_text,147.5
94,8,car,209,302,943,764,293,613,433,661,0.675,489.4,True,THO9CX5000,0.908,TN09CX5000,accepted,172.0
94,9,auto,1377,337,1919,1021,1565,627,1685,711,0.443,489.4,True,TN03D9766,0.982,TN03D9766,accepted,206.3
94,9,auto,1377,337,1919,1021,1563,623,1689,739,0.366,489.4,True,TN03D9766,0.974,TN03D9766,accepted,202.0
95,8,car,139,294,926,786,219,629,368,679,0.693,496.8,True,THO9CX5000,0.910,TN09CX5000,accepted,177.7
95,9,auto,1376,336,1919,1020,1565,624,1681,711,0.339,496.8,True,TN03D9766,0.987,TN03D9766,accepted,198.9
95,9,auto,1376,336,1919,1020,1563,619,1688,744,0.269,496.8,True,AN03D9766,0.891,AN03D9766,accepted,230.4
96,8,car,51,293,910,818,132,652,291,702,0.701,485.3,True,THO9CX5000,0.908,TN09CX5000,accepted,171.8
96,9,auto,1376,339,1919,1023,1564,626,1682,707,0.264,485.3,True,TN03D9766,0.986,TN03D9766,accepted,199.7
97,8,car,0,288,893,850,30,673,202,727,0.698,489.0,True,THO9CX5000,0.899,TN09CX5000,accepted,170.1
99,9,auto,1378,337,1919,1028,1565,626,1685,716,0.414,481.0,True,TN03D9766,0.977,TN03D9766,accepted,184.5
100,9,auto,1377,337,1919,1024,1565,626,1682,712,0.377,496.1,True,N703,0.532,,rejected,187.8
102,9,auto,1376,337,1919,1026,1565,625,1681,712,0.292,485.7,True,TN03D9766,0.985,TN03D9766,accepted,189.0
102,9,auto,1376,337,1919,1026,1562,620,1689,743,0.271,485.7,True,TN03D9766,0.956,TN03D9766,accepted,184.4
103,9,auto,1377,337,1919,1023,1566,625,1679,710,0.322,482.9,True,0,0.558,,rejected,139.8
103,11,auto,989,345,1118,502,1014,452,1043,470,0.298,482.9,True,,,,no_text,59.5
103,9,auto,1377,337,1919,1023,1564,619,1687,744,0.257,482.9,True,TN03D9766,0.956,TN03D9766,accepted,260.2
105,9,auto,1377,338,1919,1030,1565,629,1677,700,0.250,481.3,True,TN03D9766,0.983,TN03D9766,accepted,198.4
106,9,auto,1381,341,1919,1029,1564,627,1677,707,0.335,476.9,True,TN03D9766,0.980,TN03D9766,accepted,182.4
106,9,auto,1381,341,1919,1029,1562,622,1684,749,0.299,476.9,True,TN03D9766,0.960,TN03D9766,accepted,177.8
107,9,auto,1377,338,1919,1027,1565,624,1680,707,0.277,489.5,True,TN03D9766,0.984,TN03D9766,accepted,190.4
107,9,auto,1377,338,1919,1027,1562,619,1687,749,0.273,489.5,True,TN03D9766,0.959,TN03D9766,accepted,183.7
108,9,auto,1374,336,1919,1023,1565,625,1682,718,0.329,484.2,True,TN03D9766,0.971,TN03D9766,accepted,184.5
108,9,auto,1374,336,1919,1023,1563,621,1688,747,0.301,484.2,True,TN03D9766,0.955,TN03D9766,accepted,228.9
109,9,auto,1378,340,1919,1026,1565,625,1678,705,0.313,476.3,True,TN03D9766,0.982,TN03D9766,accepted,185.9
109,11,auto,886,343,1051,534,915,475,947,495,0.285,476.3,True,,,,no_text,50.1
109,9,auto,1378,340,1919,1026,1563,620,1685,747,0.257,476.3,True,TN03D9766,0.974,TN03D9766,accepted,195.2
110,9,auto,1380,338,1919,1029,1565,625,1679,704,0.313,478.2,True,TN03D9766,0.978,TN03D9766,accepted,183.7
110,9,auto,1380,338,1919,1029,1563,620,1688,744,0.292,478.2,True,TN03D9766,0.955,TN03D9766,accepted,178.0
111,9,auto,1382,337,1919,1031,1564,626,1678,705,0.347,492.3,True,TN03D9766,0.985,TN03D9766,accepted,188.7
111,9,auto,1382,337,1919,1031,1562,620,1686,732,0.294,492.3,True,TN03D9766,0.975,TN03D9766,accepted,184.0
112,11,auto,849,338,1030,546,876,480,917,505,0.385,476.9,True,,,,no_text,51.2
113,9,auto,1385,334,1920,1031,1568,622,1685,709,0.272,500.4,True,TN03D9766,0.985,TN03D9766,accepted,201.3
114,11,auto,813,335,1020,556,848,488,891,516,0.334,486.3,True,,,,no_text,51.7
115,9,auto,1386,331,1920,1028,1567,624,1681,705,0.411,490.3,True,TN03D9766,0.957,TN03D9766,accepted,190.3
115,11,bus,802,332,1008,560,832,490,873,517,0.363,490.3,True,,,,no_text,52.6
115,9,auto,1386,331,1920,1028,1564,621,1688,743,0.328,490.3,True,766,0.874,,rejected,201.8
117,9,auto,1383,332,1919,1029,1565,623,1680,708,0.294,481.5,True,TN03D9766,0.988,TN03D9766,accepted,188.1
118,9,auto,1382,333,1919,1031,1564,620,1684,717,0.266,486.1,True,TN03D9766,0.958,TN03D9766,accepted,192.9
118,9,auto,1382,333,1919,1031,1562,615,1690,750,0.259,486.1,True,TN03D9766,0.932,TN03D9766,accepted,240.0
120,9,auto,1384,332,1920,1027,1566,623,1680,703,0.319,481.1,True,TN03D9766,0.976,TN03D9766,accepted,204.4
120,9,auto,1384,332,1920,1027,1563,619,1689,749,0.280,481.1,True,TN03D9766,0.967,TN03D9766,accepted,175.1
121,9,auto,1383,333,1919,1024,1564,620,1683,708,0.325,499.1,True,TN03D9766,0.981,TN03D9766,accepted,190.8
121,9,auto,1383,333,1919,1024,1560,616,1690,754,0.323,499.1,True,,,,no_text,185.0
123,9,auto,1381,329,1919,1028,1560,610,1689,753,0.338,486.0,True,N03D9766LP,0.897,,rejected,367.3
124,9,auto,1380,326,1920,1020,1568,621,1681,697,0.374,479.2,True,TN03D9766,0.980,TN03D9766,accepted,185.8
125,9,auto,1381,322,1920,1018,1569,615,1682,691,0.442,470.8,True,TN03D9766,0.981,TN03D9766,accepted,189.5
125,12,auto,1381,322,1920,1018,1638,782,1764,866,0.397,470.8,True,,,,no_text,46.6
126,9,auto,1380,322,1920,1018,1569,616,1681,690,0.431,484.6,True,TN03D9766,0.990,TN03D9766,accepted,185.2
126,12,auto,1380,322,1920,1018,1639,777,1764,866,0.382,484.6,True,,,,no_text,49.6
127,9,auto,1380,321,1920,1021,1571,610,1683,684,0.281,505.8,True,TN03D9766,0.982,TN03D9766,accepted,196.4
127,12,auto,1380,321,1920,1021,1641,783,1763,863,0.253,505.8,True,,,,no_text,52.1
128,12,auto,1382,320,1920,1019,1638,786,1764,863,0.376,502.6,True,,,,no_text,51.1
128,9,auto,1382,320,1920,1019,1570,613,1685,688,0.321,502.6,True,TN03D9766,0.982,TN03D9766,accepted,213.5
131,12,auto,1378,323,1919,1019,1638,784,1765,862,0.313,479.8,True,,,,no_text,49.4
136,12,auto,1383,326,1919,1018,1642,776,1768,866,0.281,466.6,True,,,,no_text,44.1
138,12,auto,1381,323,1919,1020,1641,786,1767,864,0.269,487.9,True,,,,no_text,48.3
140,9,auto,1384,322,1920,1018,1570,610,1680,687,0.282,495.4,True,TN03D9766,0.983,TN03D9766,accepted,187.1
141,12,auto,1381,323,1919,1021,1641,780,1767,864,0.300,477.5,True,,,,no_text,47.6
142,12,auto,1380,321,1920,1022,1637,776,1766,863,0.418,487.9,True,,,,no_text,44.7
143,12,auto,1382,322,1920,1023,1638,784,1765,865,0.261,512.1,True,,,,no_text,85.5
144,12,auto,1381,320,1920,1022,1638,779,1766,864,0.391,492.8,True,,,,no_text,47.0
145,12,auto,1380,319,1920,1022,1637,776,1765,863,0.336,542.3,True,,,,no_text,44.2
148,12,auto,1379,323,1919,1020,1640,771,1764,865,0.422,478.3,True,,,,no_text,45.5
148,9,auto,1379,323,1919,1020,1570,615,1682,687,0.269,478.3,True,TN03D9766,0.975,TN03D9766,accepted,218.1
149,12,auto,1377,321,1919,1020,1639,783,1763,863,0.378,475.2,True,,,,no_text,45.9
149,9,auto,1377,321,1919,1020,1570,612,1683,687,0.275,475.2,True,TN03D9766,0.978,TN03D9766,accepted,207.8
152,9,auto,1377,325,1919,1021,1569,618,1680,687,0.334,470.9,True,TN03D9766,0.986,TN03D9766,accepted,189.1
153,12,auto,1374,322,1919,1020,1634,783,1761,862,0.281,476.8,True,,,,no_text,48.3
155,9,auto,1377,323,1919,1018,1568,612,1682,686,0.324,474.6,True,TN03D9766,0.979,TN03D9766,accepted,188.2
156,9,auto,1382,319,1920,1018,1568,616,1678,688,0.607,476.7,True,TN03D9766,0.983,TN03D9766,accepted,194.2
157,9,auto,1382,323,1919,1020,1570,611,1685,687,0.322,485.6,True,TN03D9766,0.983,TN03D9766,accepted,188.8
157,12,auto,1382,323,1919,1020,1638,790,1763,863,0.280,485.6,True,,,,no_text,54.2
158,9,auto,1383,319,1920,1020,1570,614,1677,681,0.322,492.3,True,TN03D9766,0.985,TN03D9766,accepted,199.1
159,9,auto,1384,320,1920,1019,1569,609,1681,683,0.314,479.7,True,TN03D9766,0.982,TN03D9766,accepted,182.3
160,9,auto,1381,320,1920,1018,1567,611,1683,688,0.324,478.0,True,TN03D9766,0.981,TN03D9766,accepted,228.8
161,9,auto,1381,320,1920,1020,1567,612,1680,687,0.403,475.3,True,TN03D9766,0.984,TN03D9766,accepted,187.5
162,9,auto,1378,320,1919,1019,1567,612,1681,687,0.411,474.2,True,TN03D9766,0.983,TN03D9766,accepted,188.5
165,9,auto,1381,316,1919,1015,1567,610,1679,684,0.279,480.4,True,TN03D9766,0.961,TN03D9766,accepted,186.1
166,9,auto,1374,317,1919,1017,1563,611,1676,689,0.511,473.5,True,TN03D9766,0.986,TN03D9766,accepted,188.2
168,9,auto,1376,316,1919,1017,1563,609,1674,687,0.315,469.2,True,TN03D9766,0.984,TN03D9766,accepted,187.8
169,9,auto,1373,319,1920,1014,1562,610,1672,684,0.407,467.9,True,TN03D9766,0.979,TN03D9766,accepted,187.3
170,9,auto,1371,319,1920,1014,1561,609,1671,686,0.408,478.7,True,TN03D9766,0.977,TN03D9766,accepted,231.5
175,9,auto,1374,320,1918,1019,1565,611,1674,685,0.296,477.7,True,TN03D9766,0.987,TN03D9766,accepted,184.7
177,9,auto,1374,318,1919,1018,1564,611,1674,685,0.334,480.4,True,TN03D9766,0.978,TN03D9766,accepted,188.9
178,9,auto,1374,319,1920,1015,1563,609,1673,686,0.340,475.9,True,TN03D9766,0.987,TN03D9766,accepted,247.3
187,9,auto,1374,319,1918,1020,1566,612,1674,686,0.265,478.3,True,TN03D9766,0.982,TN03D9766,accepted,181.2
190,9,auto,1374,320,1918,1020,1567,609,1679,684,0.263,469.9,True,TN03D9766,0.991,TN03D9766,accepted,184.1
191,9,auto,1380,320,1920,1018,1568,612,1679,684,0.385,483.5,True,TN03D9766,0.959,TN03D9766,accepted,192.5
195,9,auto,1384,326,1919,1022,1568,615,1677,687,0.261,473.6,True,TN03D9766,0.980,TN03D9766,accepted,194.7
196,9,auto,1383,326,1919,1023,1567,615,1678,688,0.327,483.6,True,TN03D9766,0.975,TN03D9766,accepted,185.5
196,13,auto,1383,326,1919,1023,1638,787,1761,863,0.258,483.6,True,,,,no_text,51.2
197,9,auto,1379,325,1919,1020,1567,612,1677,688,0.351,478.5,True,TN03D9766,0.980,TN03D9766,accepted,186.3
198,9,auto,1379,326,1919,1021,1568,617,1676,687,0.302,476.2,True,TN03D9766,0.986,TN03D9766,accepted,185.5
199,9,auto,1382,326,1919,1020,1568,615,1677,686,0.271,515.0,True,TN03D9766,0.979,TN03D9766,accepted,235.5
199,13,auto,1382,326,1919,1020,1638,788,1761,863,0.264,515.0,True,,,,no_text,46.9
200,9,auto,1382,324,1919,1020,1567,615,1678,689,0.381,478.9,True,TN03D9766,0.958,TN03D9766,accepted,231.8
201,9,auto,1381,325,1919,1023,1568,615,1677,686,0.291,478.0,True,TN03D9766,0.974,TN03D9766,accepted,188.8
202,13,auto,1379,325,1919,1022,1638,780,1762,865,0.253,478.2,True,,,,no_text,47.8
204,9,auto,1383,326,1920,1021,1569,622,1679,692,0.282,489.0,True,TN03D9766,0.975,TN03D9766,accepted,189.1
209,9,auto,1381,334,1919,1019,1569,627,1679,695,0.257,530.5,True,TN03D9766,0.985,TN03D9766,accepted,201.3
210,9,auto,1381,333,1919,1019,1566,626,1680,702,0.370,479.1,True,TN03D9766,0.985,TN03D9766,accepted,191.5
210,9,auto,1381,333,1919,1019,1563,622,1688,744,0.292,479.1,True,TN03D9766,0.978,TN03D9766,accepted,182.1
218,9,auto,1382,329,1919,1024,1568,619,1681,694,0.333,474.0,True,TN03D9766,0.989,TN03D9766,accepted,186.4
225,9,auto,1385,331,1920,1021,1566,615,1683,700,0.266,471.0,True,TN03D9766,0.986,TN03D9766,accepted,194.8
227,9,auto,1381,330,1919,1023,1566,617,1681,696,0.271,480.4,True,TN03D9766,0.979,TN03D9766,accepted,198.6
228,9,auto,1383,332,1919,1022,1566,617,1682,705,0.354,481.1,True,TN03D9766,0.993,TN03D9766,accepted,191.6
228,9,auto,1383,332,1919,1022,1561,613,1688,753,0.307,481.1,True,N03D9766,0.898,NL3D9766,accepted,182.5
229,9,auto,1379,333,1919,1021,1566,616,1681,697,0.273,475.4,True,TN03D9766,0.978,TN03D9766,accepted,189.5
230,9,auto,1379,333,1918,1021,1566,615,1680,696,0.305,475.0,True,TN03D9766,0.986,TN03D9766,accepted,182.6
231,9,auto,1386,332,1919,1024,1567,615,1682,702,0.270,479.5,True,TN03D9766,0.984,TN03D9766,accepted,191.6
233,9,auto,1387,332,1919,1021,1568,617,1680,696,0.264,478.8,True,TN03D9766,0.984,TN03D9766,accepted,193.5
234,9,auto,1386,330,1919,1021,1566,617,1684,707,0.452,491.0,True,TN03D9766,0.963,TN03D9766,accepted,190.6
234,9,auto,1386,330,1919,1021,1562,615,1689,750,0.433,491.0,True,,,,no_text,141.9
234,14,car,1032,382,1188,497,1070,454,1116,473,0.312,491.0,True,,,,no_text,71.8
235,9,auto,1387,331,1919,1024,1567,617,1683,703,0.411,501.4,True,TN03D9766,0.988,TN03D9766,accepted,250.9
235,9,auto,1387,331,1919,1024,1562,614,1689,751,0.400,501.4,True,TN03,0.920,,rejected,148.4
236,9,auto,1388,333,1919,1023,1568,617,1682,700,0.358,506.4,True,TN03D9766,0.979,TN03D9766,accepted,213.3
236,9,auto,1388,333,1919,1023,1563,613,1689,749,0.278,506.4,True,TN03D9766,0.952,TN03D9766,accepted,179.3
237,9,auto,1385,335,1918,1021,1567,617,1683,701,0.378,473.8,True,TN03D9766,0.983,TN03D9766,accepted,185.4
237,9,auto,1385,335,1918,1021,1562,614,1689,752,0.329,473.8,True,LPY,0.758,,rejected,229.7
238,9,auto,1387,334,1919,1023,1567,617,1681,700,0.346,474.2,True,TN03D9766,0.976,TN03D9766,accepted,189.1
238,9,auto,1387,334,1919,1023,1562,613,1689,751,0.271,474.2,True,TN03D9766,0.913,TN03D9766,accepted,173.3
239,9,auto,1386,333,1919,1021,1567,616,1681,701,0.439,512.4,True,TN03D9766,0.975,TN03D9766,accepted,189.0
239,9,auto,1386,333,1919,1021,1563,613,1688,746,0.288,512.4,True,TN03D9766,0.902,TN03D9766,accepted,249.2
240,9,auto,1385,334,1919,1023,1570,624,1680,697,0.398,485.5,True,TN03D9766,0.979,TN03D9766,accepted,193.6
241,9,auto,1385,338,1919,1023,1569,617,1680,693,0.308,474.2,True,TN03D9766,0.980,TN03D9766,accepted,186.7
242,9,auto,1386,338,1919,1027,1569,626,1682,699,0.509,472.7,True,TN03D9766,0.975,TN03D9766,accepted,186.1
242,14,car,960,383,1152,521,1005,471,1061,491,0.388,472.7,True,,,,no_text,66.2
243,9,auto,1390,340,1919,1029,1566,618,1689,748,0.399,484.5,True,TN0309766,0.892,TN03O9766,accepted,232.1
243,9,auto,1390,340,1919,1029,1568,624,1685,713,0.350,484.5,True,TN03D9766,0.986,TN03D9766,accepted,196.2
243,14,car,953,384,1148,528,997,476,1046,494,0.319,484.5,True,,,,no_text,176.2
244,9,auto,1389,338,1920,1027,1568,623,1682,705,0.471,484.7,True,TN03D9766,0.986,TN03D9766,accepted,178.9
244,9,auto,1389,338,1920,1027,1566,620,1689,742,0.377,484.7,True,TN03D9766,0.922,TN03D9766,accepted,180.3
244,14,car,944,384,1145,530,987,475,1042,496,0.348,484.7,True,,,,no_text,73.8
245,9,auto,1389,338,1919,1028,1568,622,1683,709,0.357,476.6,True,TN03D9766,0.986,TN03D9766,accepted,178.8
245,9,auto,1389,338,1919,1028,1566,620,1688,747,0.308,476.6,True,TN0309766,0.930,TN03O9766,accepted,223.5
246,9,auto,1388,340,1919,1028,1568,624,1681,706,0.470,473.9,True,TN03D9766,0.980,TN03D9766,accepted,189.4
246,9,auto,1388,340,1919,1028,1567,622,1687,732,0.371,473.9,True,TN03D9766,0.981,TN03D9766,accepted,185.6
246,14,car,920,385,1135,538,965,482,1027,504,0.256,473.9,True,,,,no_text,75.9
247,9,auto,1390,339,1919,1028,1571,625,1683,702,0.337,484.9,True,TN03D9766,0.982,TN03D9766,accepted,184.0
248,9,auto,1388,339,1919,1027,1572,623,1685,708,0.486,466.4,True,DN703,0.529,,rejected,150.7
248,9,auto,1388,339,1919,1027,1569,620,1690,734,0.419,466.4,True,TN03D9766,0.972,TN03D9766,accepted,189.9
248,14,car,898,384,1127,544,946,485,1007,509,0.272,466.4,True,,,,no_text,65.3
249,9,auto,1389,340,1919,1028,1573,627,1685,712,0.461,501.1,True,970,0.639,,rejected,156.7
249,14,car,873,386,1114,553,924,493,989,515,0.264,501.1,True,,,,no_text,189.2
250,9,auto,1389,338,1919,1028,1571,626,1686,711,0.547,479.1,True,9700,0.532,,rejected,143.7
250,14,car,858,385,1108,558,911,495,974,520,0.366,479.1,True,,,,no_text,74.7
251,9,auto,1394,341,1919,1028,1572,622,1687,713,0.471,481.1,True,TN03D9766,0.968,TN03D9766,accepted,185.6
251,14,car,826,384,1098,566,885,502,951,527,0.337,481.1,True,TNATXRCCER,0.566,,rejected,180.7
252,9,auto,1393,340,1919,1028,1572,622,1688,711,0.459,484.4,True,TN03D9766,0.972,TN03D9766,accepted,179.9
252,9,auto,1393,340,1919,1028,1569,617,1692,743,0.402,484.4,True,,,,no_text,141.0
252,14,car,813,384,1090,572,866,507,937,531,0.364,484.4,True,TNAARDOA,0.576,,rejected,193.8
253,9,auto,1393,340,1918,1028,1572,622,1687,704,0.442,474.6,True,TN03D9766,0.986,TN03D9766,accepted,234.1
253,9,auto,1393,340,1918,1028,1569,618,1692,741,0.353,474.6,True,TN03D9766,0.966,TN03D9766,accepted,178.7
253,14,car,794,383,1083,578,851,508,924,534,0.295,474.6,True,TNATARCOER,0.664,,rejected,175.6
254,9,auto,1392,338,1919,1028,1572,624,1687,707,0.522,478.7,True,TN03D9766,0.991,TN03D9766,accepted,237.8
254,9,auto,1392,338,1919,1028,1569,621,1690,737,0.472,478.7,True,TN03D9766,0.984,TN03D9766,accepted,186.2
254,14,car,776,383,1077,587,834,514,908,541,0.312,478.7,True,,,,no_text,78.2
255,9,auto,1394,337,1919,1030,1575,625,1687,704,0.544,481.8,True,TN03D9766,0.980,TN03D9766,accepted,186.7
255,9,auto,1394,337,1919,1030,1573,622,1689,733,0.456,481.8,True,TN03D9766,0.973,TN03D9766,accepted,182.2
255,14,car,754,383,1070,593,817,518,895,547,0.305,481.8,True,TN41AR002,0.632,TN41AR002,accepted,176.2
256,9,auto,1394,337,1919,1026,1572,624,1687,707,0.519,474.2,True,TN03D9766,0.982,TN03D9766,accepted,196.0
256,9,auto,1394,337,1919,1026,1570,622,1690,736,0.487,474.2,True,N03D9766,0.980,NL3D9766,accepted,179.3
257,9,auto,1393,337,1919,1025,1572,624,1687,707,0.525,507.1,True,TN03D9766,0.991,TN03D9766,accepted,231.5
257,9,auto,1393,337,1919,1025,1570,621,1690,738,0.489,507.1,True,TN03D9766,0.965,TN03D9766,accepted,186.6
258,9,auto,1395,337,1919,1026,1573,623,1686,706,0.534,476.7,True,TN03D9766,0.985,TN03D9766,accepted,185.6
258,9,auto,1395,337,1919,1026,1571,622,1690,741,0.478,476.7,True,TN0309766,0.889,TN03O9766,accepted,224.3
259,9,auto,1394,340,1919,1023,1577,624,1687,700,0.458,482.0,True,TN03D9766,0.986,TN03D9766,accepted,184.2
259,9,auto,1394,340,1919,1023,1571,621,1691,745,0.353,482.0,True,TN03D9766,0.927,TN03D9766,accepted,271.5
259,14,car,625,380,1020,640,693,550,786,582,0.256,482.0,True,INA1ARD082,0.786,,rejected,168.3
260,9,auto,1395,340,1919,1020,1576,628,1687,697,0.350,486.4,True,TN03D9766,0.976,TN03D9766,accepted,191.6
261,9,auto,1398,343,1918,1024,1586,629,1691,695,0.332,471.5,True,TN03D9766,0.979,TN03D9766,accepted,196.1
262,15,car,303,376,918,745,386,628,512,671,0.522,474.0,True,TN41AR0082,0.932,TN41AR0082,accepted,175.6
262,9,auto,1399,341,1919,1021,1585,627,1693,694,0.281,474.0,True,TN03D9766,0.981,TN03D9766,accepted,212.4
263,15,car,234,376,896,769,317,640,447,688,0.637,475.5,True,TN41AR0082,0.961,TN41AR0082,accepted,184.1
264,15,car,151,377,872,797,234,662,373,708,0.674,485.2,True,TN41AR0082,0.933,TN41AR0082,accepted,167.6
264,9,auto,1399,342,1919,1022,1586,629,1691,696,0.297,485.2,True,TN03D9766,0.986,TN03D9766,accepted,206.8
265,15,car,58,379,844,841,141,688,286,733,0.723,476.7,True,IN41AR0082,0.937,TN41AR0082,accepted,171.0
265,9,auto,1400,342,1919,1023,1586,628,1694,697,0.334,476.7,True,TN03D9766,0.976,TN03D9766,accepted,205.8
266,15,car,0,378,818,874,29,716,182,764,0.757,473.6,True,TN41480082,0.791,,rejected,174.3
266,9,auto,1400,341,1918,1024,1587,621,1696,695,0.326,473.6,True,TN03D9766,0.987,TN03D9766,accepted,197.3
271,9,auto,1400,340,1919,1015,1586,615,1702,743,0.267,483.9,True,,,,no_text,150.2
275,9,auto,1403,338,1919,1015,1585,618,1713,755,0.293,530.2,True,TN0309766,0.943,TN03O9766,accepted,238.8
281,9,auto,1403,336,1919,1018,1584,617,1715,757,0.437,481.3,True,,,,no_text,145.2
281,9,auto,1403,336,1919,1018,1587,619,1707,715,0.250,481.3,True,TN03D9766,0.975,TN03D9766,accepted,202.8
282,9,auto,1402,337,1919,1017,1585,619,1712,755,0.304,480.1,True,TN03D9766LPG,0.882,,rejected,234.0
285,9,auto,1403,335,1919,1017,1591,620,1703,699,0.252,472.7,True,TN03D9766,0.986,TN03D9766,accepted,186.2
287,9,auto,1405,337,1919,1017,1584,620,1714,756,0.413,477.0,True,TN03D9766ELPG,0.884,,rejected,265.4
288,9,auto,1402,337,1919,1018,1582,621,1714,756,0.285,477.5,True,TN03D9766ELPG,0.853,,rejected,429.4
289,9,auto,1405,336,1919,1018,1584,619,1715,754,0.301,486.8,True,TN03D9766LP,0.953,,rejected,266.4
293,9,auto,1403,337,1919,1020,1584,621,1714,755,0.309,468.3,True,TN03D9766LPG,0.955,,rejected,268.6
293,9,auto,1403,337,1919,1020,1587,622,1706,720,0.262,468.3,True,TN03D9766,0.986,TN03D9766,accepted,180.0
295,9,auto,1403,338,1919,1018,1582,620,1715,756,0.263,485.3,True,TN03D9766LPG,0.926,,rejected,319.2
305,9,auto,1404,333,1919,1017,1589,612,1707,733,0.315,483.4,True,N703,0.644,,rejected,176.3
308,9,auto,1405,332,1919,1018,1588,612,1713,752,0.290,470.3,True,,,,no_text,227.9
314,9,auto,1404,330,1919,1018,1590,615,1707,735,0.481,477.3,True,DN766,0.500,,rejected,178.5
350,16,auto,1402,333,1919,1019,1590,617,1703,695,0.253,476.8,True,TN03D9766,0.982,TN03D9766,accepted,185.3
351,16,auto,1400,332,1919,1017,1587,618,1701,696,0.263,475.3,True,TN03D9766,0.980,TN03D9766,accepted,188.3
356,16,auto,1403,334,1919,1016,1588,611,1703,711,0.250,468.9,True,TN03D9766,0.976,TN03D9766,accepted,183.4
361,16,auto,1402,332,1920,1013,1589,617,1707,722,0.453,476.2,True,N703,0.654,,rejected,134.0
364,16,auto,1401,330,1919,1015,1591,618,1704,695,0.268,468.0,True,TN03D9766,0.974,TN03D9766,accepted,190.0
365,16,auto,1401,331,1920,1015,1590,617,1708,710,0.361,477.9,True,TN03D9766,0.984,TN03D9766,accepted,178.5
365,16,auto,1401,331,1920,1015,1587,615,1714,750,0.337,477.9,True,,,,no_text,138.3
366,16,auto,1403,332,1919,1016,1589,613,1706,720,0.430,497.4,True,TN03D9766,0.962,TN03D9766,accepted,183.6
367,16,auto,1401,331,1919,1016,1589,614,1707,720,0.366,477.5,True,TN03D9766,0.977,TN03D9766,accepted,179.7
379,16,auto,1405,336,1919,1022,1588,621,1711,727,0.318,479.8,True,TNO3D9766,0.941,TN03D9766,accepted,187.1
399,16,auto,1411,342,1919,1025,1595,630,1718,716,0.294,467.0,True,TN03D9766,0.985,TN03D9766,accepted,188.9
399,16,auto,1411,342,1919,1025,1591,626,1719,751,0.280,467.0,True,TN03D9766,0.967,TN03D9766,accepted,277.1
402,16,auto,1409,341,1919,1026,1597,631,1717,709,0.310,478.0,True,TN03D9766,0.989,TN03D9766,accepted,192.0
406,17,motorcycle,974,467,1122,708,1000,554,1069,585,0.298,471.5,True,,,,no_text,62.4
408,17,motorcycle,946,471,1108,727,980,559,1050,588,0.305,478.9,True,,,,no_text,65.4
408,16,auto,1417,339,1920,1025,1602,627,1721,705,0.281,478.9,True,TN03D9766,0.970,TN03D9766,accepted,211.3
408,16,auto,1417,339,1920,1025,1597,623,1722,748,0.259,478.9,True,TN03D9766,0.948,TN03D9766,accepted,187.5
409,17,motorcycle,909,481,1080,763,937,581,1004,617,0.408,481.8,True,,,,no_text,54.6
411,18,motorcycle,1072,447,1187,616,1096,477,1161,505,0.316,471.2,True,,,,no_text,61.0
411,16,auto,1419,341,1919,1024,1595,622,1723,757,0.290,471.2,True,TN03D9766,0.967,TN03D9766,accepted,240.8
412,16,auto,1417,341,1920,1026,1594,621,1723,757,0.291,490.4,True,TN0309766,0.918,TN03O9766,accepted,213.8
412,16,auto,1417,341,1920,1026,1602,626,1720,711,0.252,490.4,True,TN03D9766,0.981,TN03D9766,accepted,184.4
413,17,motorcycle,836,490,1039,827,866,604,955,647,0.333,469.9,True,,,,no_text,54.0
413,18,motorcycle,1062,446,1177,626,1089,484,1139,512,0.285,469.9,True,CO,0.503,,rejected,172.1
415,18,motorcycle,1048,443,1176,637,1081,492,1135,520,0.331,467.4,True,NRIR,0.570,,rejected,157.0
416,18,motorcycle,1045,444,1173,643,1079,493,1128,519,0.393,512.3,True,,,,no_text,129.2
416,16,auto,1419,343,1919,1023,1600,631,1726,752,0.347,512.3,True,TN03D9766,0.949,TN03D9766,accepted,232.9
416,16,auto,1419,343,1919,1023,1604,632,1723,707,0.317,512.3,True,TN03D9766,0.961,TN03D9766,accepted,236.0
417,18,motorcycle,1044,458,1167,649,1077,494,1125,521,0.361,472.4,True,,,,no_text,55.9
418,18,motorcycle,1032,451,1166,656,1066,497,1118,528,0.382,487.0,True,BRI,0.540,,rejected,147.7
419,18,motorcycle,1026,446,1166,668,1059,504,1116,534,0.320,486.0,True,,,,no_text,160.7
419,16,auto,1420,343,1919,1023,1605,628,1730,743,0.310,486.0,True,TN03D9766,0.948,TN03D9766,accepted,193.7
419,16,auto,1420,343,1919,1023,1608,631,1728,711,0.302,486.0,True,TN03D9766,0.956,TN03D9766,accepted,195.6
420,17,motorcycle,602,534,947,1022,676,688,783,727,0.384,474.3,True,,,,no_text,68.7
420,18,motorcycle,1024,447,1162,671,1057,498,1121,527,0.365,474.3,True,,,,no_text,78.1
420,18,motorcycle,1024,447,1162,671,1055,502,1117,534,0.322,474.3,True,,,,no_text,185.9
422,18,motorcycle,1007,452,1157,686,1040,511,1101,544,0.537,463.3,True,,,,no_text,152.1
423,18,motorcycle,1002,459,1151,695,1039,513,1094,546,0.350,495.8,True,,,,no_text,48.8
424,18,motorcycle,984,458,1149,713,1016,523,1082,553,0.397,480.9,True,,,,no_text,55.1
425,18,motorcycle,970,463,1143,722,1000,527,1069,563,0.400,478.0,True,,,,no_text,53.0
426,18,motorcycle,959,463,1140,733,995,528,1063,563,0.471,485.6,True,,,,no_text,156.2
426,16,auto,1431,343,1920,1034,1620,628,1738,709,0.347,485.6,True,TN03D9766,0.967,TN03D9766,accepted,202.9
427,19,car,521,386,928,679,579,580,618,612,0.512,481.4,True,23,0.892,,rejected,143.8
427,18,motorcycle,948,460,1131,741,983,529,1052,567,0.320,481.4,True,,,,no_text,169.1
427,16,auto,1429,340,1919,1028,1621,627,1736,705,0.271,481.4,True,TN03D9766,0.967,TN03D9766,accepted,213.4
428,19,car,467,388,908,696,506,591,573,625,0.590,476.9,True,7F3523,0.930,,rejected,166.3
428,18,motorcycle,936,458,1127,757,970,537,1047,574,0.422,476.9,True,,,,no_text,70.9
428,16,auto,1430,340,1919,1033,1621,627,1741,706,0.323,476.9,True,TN03D9766,0.956,TN03D9766,accepted,218.9
429,19,car,383,387,892,715,414,601,527,641,0.576,484.5,True,TW370F3523,0.936,,rejected,176.4
429,18,motorcycle,923,467,1117,769,960,542,1035,578,0.471,484.5,True,,,,no_text,172.1
429,16,auto,1431,342,1920,1029,1621,629,1738,704,0.440,484.5,True,TN03D9766,0.981,TN03D9766,accepted,204.7
429,18,motorcycle,923,467,1117,769,962,550,1034,581,0.300,484.5,True,,,,no_text,65.0
430,19,car,290,388,871,729,354,613,473,648,0.548,490.0,True,TN370F3523,0.956,TN37OF3523,accepted,204.3
430,16,auto,1432,340,1919,1028,1619,623,1740,706,0.415,490.0,True,TN03D9766,0.974,TN03D9766,accepted,198.2
430,18,motorcycle,909,474,1106,783,946,542,1025,581,0.322,490.0,True,,,,no_text,58.7
431,19,car,216,391,851,748,288,627,409,665,0.701,492.4,True,TN370F3523,0.892,TN37OF3523,accepted,177.4
431,18,motorcycle,892,469,1104,799,932,556,1008,594,0.391,492.4,True,,,,no_text,65.5
432,19,car,145,393,823,771,213,641,338,682,0.654,496.4,True,TN37DF3523,0.880,TN37DF3523,accepted,180.4
432,18,motorcycle,872,472,1094,813,917,572,998,605,0.416,496.4,True,15351,0.964,,rejected,231.5
433,19,car,56,391,803,796,130,661,259,701,0.688,485.0,True,TM37LF3523,0.856,TN37LF3523,accepted,183.8
433,18,motorcycle,857,469,1091,838,903,575,986,610,0.482,485.0,True,,,,no_text,172.2
434,19,car,0,397,775,834,31,682,166,726,0.708,488.9,True,TH370F3523,0.781,TN37OF3523,accepted,165.1
434,18,motorcycle,833,482,1080,858,880,586,970,622,0.415,488.9,True,TNIOBY5351,0.814,TN10BY5351,accepted,218.2
435,19,car,0,395,740,866,0,709,56,752,0.690,484.3,True,3523,0.884,,rejected,142.1
435,18,motorcycle,814,481,1069,882,860,595,950,635,0.311,484.3,True,OTNIOB75351,0.814,,rejected,219.4
436,18,motorcycle,788,490,1060,904,839,610,930,648,0.498,485.2,True,TNI0BY5351,0.839,TN10BY5351,accepted,208.8
437,18,motorcycle,764,496,1052,932,816,622,908,661,0.500,483.1,True,TNIOBY5351,0.839,TN10BY5351,accepted,219.4
438,18,motorcycle,732,509,1037,961,788,637,882,676,0.532,478.5,True,TNIOBY5351,0.867,TN10BY5351,accepted,209.3
439,18,motorcycle,701,507,1027,995,762,647,854,693,0.352,498.5,True,TN10BY5351,0.842,TN10BY5351,accepted,194.6
440,18,motorcycle,660,518,1008,1032,726,661,824,707,0.487,482.7,True,TN108Y5351,0.854,TN10BY5351,accepted,198.7
441,18,motorcycle,566,536,979,1078,644,702,745,757,0.631,482.7,True,TN108Y5351,0.880,TN10BY5351,accepted,203.3
442,18,motorcycle,497,559,954,1077,589,724,696,786,0.705,479.5,True,TH108Y5351,0.935,TN10BY5351,accepted,191.6
443,18,motorcycle,432,565,933,1077,520,752,642,818,0.739,479.1,True,TH108Y5351,0.858,TN10BY5351,accepted,196.5
444,18,motorcycle,345,573,902,1077,451,783,574,859,0.701,488.2,True,TH108Y5351,0.894,TN10BY5351,accepted,186.6
445,18,motorcycle,241,592,870,1077,359,824,490,906,0.727,483.5,True,TH108Y5351,0.906,TN10BY5351,accepted,192.9
446,18,motorcycle,130,625,835,1078,206,869,388,968,0.447,484.4,True,TK108Y5351,0.888,KL08Y5351,accepted,201.1
477,20,car,1079,398,1226,505,1114,462,1152,480,0.266,472.4,True,,,,no_text,57.8
478,21,auto,1453,336,1920,1031,1636,623,1759,720,0.305,472.6,True,TN03D9766,0.955,TN03D9766,accepted,190.0
478,21,auto,1453,336,1920,1031,1632,621,1764,752,0.299,472.6,True,TN03D9766,0.958,TN03D9766,accepted,178.4
484,20,car,1032,397,1201,518,1068,470,1113,488,0.298,468.1,True,,,,no_text,65.7
485,20,car,1021,397,1196,520,1064,472,1106,490,0.367,532.1,True,,,,no_text,61.0
487,20,car,1004,398,1186,526,1040,478,1090,496,0.283,468.3,True,,,,no_text,68.7
488,20,car,993,396,1181,528,1034,478,1084,496,0.448,508.6,True,,,,no_text,71.0
489,20,car,985,397,1178,531,1027,479,1072,501,0.383,516.7,True,,,,no_text,51.9
489,20,car,985,397,1178,531,1025,483,1073,504,0.334,516.7,True,,,,no_text,175.1
489,21,auto,1459,336,1920,1027,1646,627,1756,701,0.253,516.7,True,TN03D9766,0.967,TN03D9766,accepted,248.0
490,21,auto,1459,335,1920,1026,1644,626,1756,706,0.486,480.5,True,,,,no_text,183.2
490,20,car,975,395,1173,535,1018,482,1071,504,0.361,480.5,True,,,,no_text,179.4
491,21,auto,1459,334,1920,1026,1644,623,1758,702,0.433,485.2,True,TN03D9766,0.982,TN03D9766,accepted,185.2
491,20,car,966,393,1170,536,1007,483,1061,504,0.385,485.2,True,,,,no_text,71.3
492,21,auto,1462,336,1920,1027,1645,626,1760,702,0.382,505.3,True,TN03D9766,0.984,TN03D9766,accepted,214.6
492,20,car,956,394,1165,541,998,488,1049,508,0.327,505.3,True,,,,no_text,177.4
492,21,auto,1462,336,1920,1027,1643,622,1765,731,0.280,505.3,True,TN03D9766,0.974,TN03D9766,accepted,228.5
493,21,auto,1462,333,1920,1025,1645,624,1761,696,0.326,476.9,True,TN03D9766,0.973,TN03D9766,accepted,200.6
493,21,auto,1462,333,1920,1025,1642,620,1767,749,0.286,476.9,True,,,,no_text,146.0
493,20,car,944,393,1160,542,987,490,1041,510,0.265,476.9,True,,,,no_text,183.4
494,20,car,932,393,1154,547,976,494,1030,513,0.445,491.7,True,,,,no_text,169.6
494,21,auto,1464,333,1920,1026,1648,626,1761,698,0.389,491.7,True,TN03D9766,0.983,TN03D9766,accepted,208.6
494,21,auto,1464,333,1920,1026,1645,622,1766,735,0.289,491.7,True,TN03D9766,0.962,TN03D9766,accepted,236.0
495,21,auto,1464,332,1920,1025,1649,627,1765,699,0.556,473.3,True,TN03D9766,0.972,TN03D9766,accepted,240.9
495,21,auto,1464,332,1920,1025,1646,623,1768,721,0.331,473.3,True,TN03D9766,0.986,TN03D9766,accepted,189.9
495,20,car,920,394,1150,552,964,495,1019,515,0.277,473.3,True,,,,no_text,184.2
496,20,car,903,393,1146,555,951,497,1008,520,0.377,483.4,True,,,,no_text,172.9
496,21,auto,1467,330,1920,1024,1649,615,1763,698,0.326,483.4,True,TN03D9766,0.982,TN03D9766,accepted,204.0
497,20,car,891,393,1138,559,936,500,999,523,0.467,471.1,True,TEGTRTOKAS,0.526,,rejected,172.6
498,20,car,876,392,1132,563,923,503,981,527,0.420,491.8,True,,,,no_text,177.7
498,21,auto,1472,331,1920,1024,1656,616,1768,699,0.345,491.8,True,TN03D9766,0.971,TN03D9766,accepted,203.7
499,20,car,859,391,1127,567,908,506,971,531,0.439,480.3,True,G9T0525,0.531,,rejected,174.7
499,21,auto,1472,330,1920,1024,1656,615,1769,702,0.275,480.3,True,TN03D9766,0.986,TN03D9766,accepted,198.6
500,20,car,842,389,1118,573,893,510,955,533,0.451,482.5,True,TR09NT8535,0.599,TR09NT8535,accepted,173.0
500,21,auto,1474,328,1920,1024,1659,619,1771,696,0.431,482.5,True,TN03D9766,0.970,TN03D9766,accepted,202.1
501,21,auto,1474,328,1920,1023,1659,617,1774,696,0.398,476.1,True,TN03D9766,0.978,TN03D9766,accepted,237.7
501,20,car,820,391,1110,581,872,515,937,538,0.383,476.1,True,,,,no_text,177.6
502,20,car,797,391,1100,589,849,519,919,544,0.398,481.5,True,T09T8535,0.715,,rejected,172.0
502,21,auto,1474,326,1920,1023,1658,617,1775,696,0.391,481.5,True,TN03D9766,0.973,TN03D9766,accepted,255.5
503,20,car,775,391,1093,595,829,526,902,551,0.396,472.6,True,TH093T0635,0.608,,rejected,168.4
503,21,auto,1475,326,1920,1025,1658,612,1777,701,0.338,472.6,True,TN03D9766,0.980,TN03D9766,accepted,203.0
504,21,auto,1479,325,1920,1026,1658,613,1778,714,0.420,486.6,True,TN03D9766,0.959,TN03D9766,accepted,184.0
504,21,auto,1479,325,1920,1026,1652,610,1785,753,0.410,486.6,True,TNO3LRE,0.682,,rejected,268.3
504,20,car,724,389,1069,610,777,536,856,564,0.279,486.6,True,T09T8635,0.755,,rejected,175.8
505,21,auto,1480,326,1920,1023,1660,616,1778,697,0.395,479.7,True,TN03D9766,0.972,TN03D9766,accepted,235.3
505,21,auto,1480,326,1920,1023,1653,612,1785,754,0.289,479.7,True,TN03D9766LPC,0.908,,rejected,225.3
505,20,car,659,392,1043,627,714,552,802,580,0.278,479.7,True,T09BT8535,0.755,,rejected,182.5
506,21,auto,1480,326,1920,1024,1660,617,1777,697,0.456,493.7,True,TN03D9766,0.971,TN03D9766,accepted,209.3
506,20,car,623,392,1030,642,679,560,772,589,0.351,493.7,True,TN09BT8535,0.773,TN09BT8535,accepted,189.1
506,21,auto,1480,326,1920,1024,1654,613,1785,752,0.294,493.7,True,TN03D9766,0.942,TN03D9766,accepted,239.8
507,21,auto,1475,325,1920,1024,1657,614,1776,703,0.452,478.8,True,TN03D9766,0.969,TN03D9766,accepted,237.9
507,21,auto,1475,325,1920,1024,1653,610,1784,754,0.362,478.8,True,N0309766,0.949,NL309766,accepted,277.4
508,21,auto,1477,325,1920,1024,1657,613,1776,706,0.425,476.4,True,TN03D9766,0.974,TN03D9766,accepted,186.1
508,21,auto,1477,325,1920,1024,1653,609,1785,753,0.371,476.4,True,N03D9766,0.946,NL3D9766,accepted,185.2
508,20,car,538,390,998,665,597,580,698,610,0.345,476.4,True,TH09BT8635,0.887,TN09BT8635,accepted,159.9
509,20,car,492,391,979,683,550,589,654,625,0.369,485.2,True,TM09BT8535,0.752,TN09BT8535,accepted,167.6
509,21,auto,1475,328,1920,1025,1655,609,1777,719,0.337,485.2,True,TN03D9766,0.965,TN03D9766,accepted,250.1
510,20,car,439,388,963,696,496,603,605,637,0.418,480.7,True,TH09BT8535,0.855,TN09BT8535,accepted,178.0
510,21,auto,1479,328,1920,1024,1659,614,1776,696,0.379,480.7,True,TN03D9766,0.977,TN03D9766,accepted,193.8
510,21,auto,1479,328,1920,1024,1654,611,1785,751,0.265,480.7,True,TN03D9766,0.928,TN03D9766,accepted,206.2
511,20,car,375,391,942,717,437,613,550,653,0.351,474.5,True,109318535,0.719,,rejected,167.6
511,21,auto,1477,330,1920,1024,1661,615,1778,694,0.317,474.5,True,TN03D9766,0.974,TN03D9766,accepted,199.8
512,20,car,310,391,920,736,363,629,486,670,0.422,481.2,True,T093T0535,0.634,,rejected,170.3
512,21,auto,1477,329,1920,1024,1660,612,1779,696,0.300,481.2,True,TN03D9766,0.983,TN03D9766,accepted,203.3
513,20,car,230,393,893,761,287,648,413,690,0.574,487.3,True,T03035,0.501,,rejected,174.0
513,21,auto,1475,332,1920,1025,1657,613,1777,701,0.339,487.3,True,TN03D9766,0.986,TN03D9766,accepted,214.5
513,21,auto,1475,332,1920,1025,1654,609,1784,754,0.266,487.3,True,TN03D9766,0.947,TN03D9766,accepted,186.1
514,20,car,142,396,871,783,192,667,326,712,0.581,496.8,True,,,,no_text,168.2
514,21,auto,1473,332,1920,1024,1657,611,1776,700,0.298,496.8,True,TN03D9766,0.984,TN03D9766,accepted,193.5
515,20,car,40,393,836,815,83,689,224,739,0.678,486.9,True,,,,no_text,170.2
515,21,auto,1474,329,1920,1023,1658,614,1773,694,0.350,486.9,True,TN03D9766,0.990,TN03D9766,accepted,197.1
516,20,car,0,395,807,859,0,718,100,773,0.747,491.4,True,,,,no_text,161.9
516,21,auto,1475,329,1920,1023,1655,613,1775,699,0.359,491.4,True,TN03D9766,0.982,TN03D9766,accepted,204.3
517,21,auto,1476,330,1920,1024,1661,612,1778,697,0.279,494.2,True,TN03D9766,0.985,TN03D9766,accepted,186.1
518,21,auto,1476,330,1920,1025,1660,612,1777,697,0.266,493.3,True,TN03D9766,0.974,TN03D9766,accepted,181.4
519,21,auto,1474,329,1920,1027,1655,614,1772,702,0.348,480.5,True,TN03D9766,0.975,TN03D9766,accepted,186.7
520,21,auto,1474,330,1920,1028,1657,617,1772,700,0.312,487.7,True,TN03D9766,0.980,TN03D9766,accepted,194.7
521,21,auto,1474,329,1920,1027,1657,614,1772,699,0.318,485.1,True,TN03D9766,0.978,TN03D9766,accepted,193.8
522,21,auto,1476,329,1920,1026,1656,622,1774,705,0.461,483.0,True,TN03D9766,0.978,TN03D9766,accepted,191.6
522,21,auto,1476,329,1920,1026,1653,619,1782,750,0.381,483.0,True,,,,no_text,146.9
523,21,auto,1474,327,1920,1027,1656,614,1773,700,0.392,490.2,True,TN03D9766,0.975,TN03D9766,accepted,188.5
523,21,auto,1474,327,1920,1027,1651,610,1782,749,0.257,490.2,True,,,,no_text,147.1
524,21,auto,1473,326,1920,1030,1655,610,1777,712,0.360,494.1,True,TN03D9766,0.969,TN03D9766,accepted,193.9
524,21,auto,1473,326,1920,1030,1650,606,1783,756,0.290,494.1,True,,,,no_text,174.9
525,21,auto,1478,329,1920,1029,1660,618,1777,700,0.253,501.8,True,TN03D9766,0.966,TN03D9766,accepted,201.2
526,21,auto,1474,327,1920,1025,1655,614,1776,719,0.431,494.5,True,TN03D9766,0.964,TN03D9766,accepted,188.1
526,21,auto,1474,327,1920,1025,1651,610,1784,757,0.358,494.5,True,LPG,0.738,,rejected,286.0
527,21,auto,1473,326,1920,1029,1655,610,1776,717,0.360,463.9,True,TN03D9766,0.947,TN03D9766,accepted,199.2
528,21,auto,1477,330,1920,1027,1661,616,1778,699,0.251,478.7,True,TN03D9766,0.972,TN03D9766,accepted,184.9
530,21,auto,1473,327,1920,1026,1657,613,1777,706,0.354,470.1,True,TN03D9766,0.974,TN03D9766,accepted,237.0
530,21,auto,1473,327,1920,1026,1652,609,1784,756,0.271,470.1,True,,,,no_text,143.7
531,21,auto,1477,330,1920,1027,1657,613,1786,753,0.298,492.2,True,TN0309766,0.934,TN03O9766,accepted,182.2
531,21,auto,1477,330,1920,1027,1661,617,1778,701,0.291,492.2,True,TN03D9766,0.981,TN03D9766,accepted,188.2
532,21,auto,1478,328,1920,1026,1655,613,1785,754,0.327,485.9,True,,,,no_text,145.4
532,21,auto,1478,328,1920,1026,1660,617,1778,703,0.302,485.9,True,TN03D9766,0.968,TN03D9766,accepted,248.2
533,21,auto,1474,324,1920,1024,1655,611,1775,723,0.395,509.9,True,,,,no_text,146.7
533,21,auto,1474,324,1920,1024,1652,607,1783,755,0.322,509.9,True,1976,0.823,,rejected,224.8
534,21,auto,1476,328,1920,1025,1660,614,1779,703,0.319,465.4,True,TN03D9766,0.968,TN03D9766,accepted,236.5
534,21,auto,1476,328,1920,1025,1655,610,1785,754,0.308,465.4,True,976,0.848,,rejected,185.5
535,21,auto,1475,327,1920,1026,1661,612,1776,698,0.292,465.0,True,TN03D9766,0.978,TN03D9766,accepted,188.7
536,21,auto,1475,326,1920,1025,1661,614,1776,699,0.346,479.4,True,TN03D9766,0.978,TN03D9766,accepted,193.2
536,21,auto,1475,326,1920,1025,1657,609,1785,748,0.255,479.4,True,N03D9766,0.961,NL3D9766,accepted,187.2
537,21,auto,1474,329,1920,1026,1660,613,1780,706,0.337,484.9,True,TN03D9766,0.963,TN03D9766,accepted,185.4
537,21,auto,1474,329,1920,1026,1654,610,1785,755,0.325,484.9,True,TN03,0.900,,rejected,142.9
538,21,auto,1474,327,1920,1025,1655,608,1785,754,0.384,540.5,True,ATN0309766,0.873,TN03O9766,accepted,278.4
538,21,auto,1474,327,1920,1025,1660,612,1779,706,0.365,540.5,True,TN03D9766,0.971,TN03D9766,accepted,178.4
539,21,auto,1475,328,1920,1024,1661,613,1778,698,0.321,483.1,True,TN03D9766,0.985,TN03D9766,accepted,188.8
539,21,auto,1475,328,1920,1024,1656,609,1786,753,0.276,483.1,True,,,,no_text,143.5
540,21,auto,1478,326,1920,1024,1661,614,1779,694,0.304,465.5,True,TN03D9766,0.991,TN03D9766,accepted,187.1
541,21,auto,1473,326,1920,1024,1658,615,1776,699,0.313,474.8,True,TN03D9766,0.987,TN03D9766,accepted,183.2
542,21,auto,1475,328,1920,1027,1661,615,1779,700,0.289,488.2,True,TN03D9766,0.986,TN03D9766,accepted,200.2
542,21,auto,1475,328,1920,1027,1656,610,1785,753,0.277,488.2,True,TN03D9766,0.900,TN03D9766,accepted,184.3
543,21,auto,1478,326,1920,1026,1663,618,1776,702,0.309,479.3,True,TN03D9766,0.991,TN03D9766,accepted,189.7
544,21,auto,1476,327,1920,1029,1663,616,1777,698,0.315,491.3,True,TN03D9766,0.982,TN03D9766,accepted,195.3
545,21,auto,1475,327,1920,1025,1662,615,1775,698,0.393,478.9,True,TN03D9766,0.968,TN03D9766,accepted,187.2
545,21,auto,1475,327,1920,1025,1657,610,1785,751,0.255,478.9,True,ATN03D9766,0.889,TN03D9766,accepted,271.2
546,21,auto,1475,328,1920,1026,1661,613,1779,701,0.334,471.6,True,TN03D9766,0.972,TN03D9766,accepted,190.0
546,21,auto,1475,328,1920,1026,1656,610,1785,752,0.261,471.6,True,TN03D9766,0.945,TN03D9766,accepted,227.0
547,21,auto,1475,328,1919,1028,1657,612,1776,712,0.340,479.2,True,TN03D9766,0.974,TN03D9766,accepted,193.0
547,21,auto,1475,328,1919,1028,1652,607,1783,756,0.299,479.2,True,0TN760,0.546,,rejected,148.2
548,21,auto,1475,327,1920,1029,1653,608,1776,740,0.352,468.8,True,,,,no_text,180.4
549,21,auto,1476,328,1920,1025,1661,614,1780,703,0.311,466.0,True,TN03D9766,0.970,TN03D9766,accepted,186.0
549,21,auto,1476,328,1920,1025,1655,610,1785,755,0.263,466.0,True,,,,no_text,148.1
550,21,auto,1476,328,1920,1026,1661,613,1779,703,0.332,475.4,True,TN03D9766,0.975,TN03D9766,accepted,182.5
550,21,auto,1476,328,1920,1026,1656,609,1785,754,0.305,475.4,True,,,,no_text,143.3
551,21,auto,1476,328,1920,1025,1659,613,1779,710,0.345,472.0,True,TN03D9766,0.961,TN03D9766,accepted,229.8
551,21,auto,1476,328,1920,1025,1654,609,1785,756,0.317,472.0,True,TN03D9766LPO,0.850,,rejected,235.1
552,21,auto,1475,328,1919,1026,1657,615,1773,708,0.426,495.5,True,TN03D9766,0.975,TN03D9766,accepted,189.9
552,21,auto,1475,328,1919,1026,1654,611,1781,752,0.273,495.5,True,TN03D9766,0.970,TN03D9766,accepted,188.7
553,21,auto,1476,329,1920,1027,1657,622,1773,707,0.402,488.6,True,TN03D9766,0.987,TN03D9766,accepted,182.3
553,21,auto,1476,329,1920,1027,1656,617,1782,750,0.378,488.6,True,,,,no_text,177.1
554,21,auto,1475,329,1920,1026,1658,619,1770,697,0.255,471.8,True,TN03D9766,0.984,TN03D9766,accepted,233.2
555,21,auto,1475,328,1920,1027,1656,620,1770,702,0.345,478.2,True,TN03D9766,0.983,TN03D9766,accepted,188.3
556,21,auto,1476,329,1920,1027,1656,619,1773,706,0.359,480.0,True,TN03D9766,0.981,TN03D9766,accepted,189.5
556,21,auto,1476,329,1920,1027,1654,614,1781,752,0.315,480.0,True,TN03D9766,0.926,TN03D9766,accepted,264.1
557,21,auto,1476,330,1920,1026,1657,620,1772,702,0.374,549.1,True,TN03D9766,0.990,TN03D9766,accepted,197.7
557,21,auto,1476,330,1920,1026,1655,615,1781,750,0.312,549.1,True,TN03D9766,0.944,TN03D9766,accepted,279.0
559,21,auto,1473,331,1920,1028,1659,620,1773,700,0.320,470.8,True,TN03D9766,0.973,TN03D9766,accepted,187.0
560,21,auto,1474,330,1920,1027,1658,620,1772,702,0.323,470.5,True,TN03D9766,0.982,TN03D9766,accepted,181.3
561,21,auto,1476,328,1920,1027,1654,620,1773,711,0.473,478.7,True,TN03D9766,0.984,TN03D9766,accepted,181.1
561,21,auto,1476,328,1920,1027,1653,616,1781,753,0.433,478.7,True,TN03D9766,0.950,TN03D9766,accepted,242.4
562,21,auto,1477,330,1920,1030,1658,620,1775,708,0.319,469.6,True,TN03D9766,0.989,TN03D9766,accepted,188.7
562,21,auto,1477,330,1920,1030,1656,616,1783,752,0.289,469.6,True,TN03D9766,0.952,TN03D9766,accepted,222.4
563,21,auto,1475,328,1920,1029,1658,618,1774,702,0.275,490.8,True,TN03D9766,0.975,TN03D9766,accepted,182.7
564,21,auto,1475,334,1920,1030,1655,626,1770,705,0.385,476.5,True,TN03D9766,0.960,TN03D9766,accepted,186.4
564,21,auto,1475,334,1920,1030,1653,622,1778,739,0.275,476.5,True,ATN03D9766,0.930,TN03D9766,accepted,182.7
565,21,auto,1475,332,1920,1029,1657,619,1775,705,0.276,477.6,True,TN03D9766,0.978,TN03D9766,accepted,191.3
566,21,auto,1474,330,1920,1029,1658,619,1774,704,0.318,484.8,True,TN03D9766,0.978,TN03D9766,accepted,187.8
568,21,auto,1475,332,1920,1029,1658,621,1774,703,0.261,476.9,True,TN03D9766,0.976,TN03D9766,accepted,186.6
569,21,auto,1476,331,1920,1029,1659,622,1773,702,0.351,481.5,True,TN03D9766,0.969,TN03D9766,accepted,192.2
570,21,auto,1478,333,1920,1030,1660,620,1782,714,0.320,480.5,True,TN03D9766,0.985,TN03D9766,accepted,190.5
570,21,auto,1478,333,1920,1030,1658,617,1787,752,0.296,480.5,True,TN03D9766,0.947,TN03D9766,accepted,281.7
571,21,auto,1481,330,1920,1029,1658,617,1786,751,0.313,474.8,True,TN03D9766,0.969,TN03D9766,accepted,188.5
571,21,auto,1481,330,1920,1029,1660,622,1779,716,0.304,474.8,True,,,,no_text,154.6
572,21,auto,1477,330,1920,1033,1652,620,1784,757,0.477,488.4,True,TN03D9766,0.894,TN03D9766,accepted,187.3
572,21,auto,1477,330,1920,1033,1656,623,1781,720,0.285,488.4,True,TN03D9766,0.985,TN03D9766,accepted,196.6
574,21,auto,1474,333,1920,1030,1652,625,1773,721,0.533,467.1,True,TN03D9766,0.977,TN03D9766,accepted,183.7
574,21,auto,1474,333,1920,1030,1652,622,1779,751,0.423,467.1,True,,,,no_text,186.7
575,21,auto,1472,332,1920,1030,1654,624,1770,710,0.384,477.6,True,TN03D9766,0.986,TN03D9766,accepted,189.8
575,21,auto,1472,332,1920,1030,1653,622,1775,747,0.310,477.6,True,TN03,0.948,,rejected,143.7
576,21,auto,1475,332,1920,1027,1656,625,1771,704,0.452,477.5,True,TN03D9766,0.971,TN03D9766,accepted,181.8
576,21,auto,1475,332,1920,1027,1654,620,1778,740,0.379,477.5,True,TN03D9766,0.972,TN03D9766,accepted,186.4
578,21,auto,1475,332,1920,1034,1649,624,1778,758,0.571,468.0,True,TN030976675LP,0.813,,rejected,343.8
578,21,auto,1475,332,1920,1034,1653,625,1775,718,0.363,468.0,True,,,,no_text,147.8
579,21,auto,1476,332,1919,1033,1656,620,1778,724,0.253,500.3,True,TN03D9766,0.968,TN03D9766,accepted,195.7
580,21,auto,1475,333,1920,1030,1656,622,1776,720,0.339,483.9,True,TN03D9766,0.977,TN03D9766,accepted,189.7
580,21,auto,1475,333,1920,1030,1651,620,1780,753,0.306,483.9,True,TN03D9766,0.952,TN03D9766,accepted,240.3
581,21,auto,1478,331,1920,1034,1649,620,1781,758,0.494,496.9,True,TN03D9766,0.933,TN03D9766,accepted,232.9
583,21,auto,1478,332,1919,1033,1655,624,1777,721,0.388,476.0,True,TN03D9766,0.974,TN03D9766,accepted,182.8
583,21,auto,1478,332,1919,1033,1652,621,1780,754,0.350,476.0,True,TN0309766,0.964,TN03O9766,accepted,233.5
584,21,auto,1474,333,1920,1034,1652,627,1772,707,0.347,480.6,True,TN03D9766,0.980,TN03D9766,accepted,239.3
584,21,auto,1474,333,1920,1034,1652,624,1775,746,0.298,480.6,True,TN03D9766,0.982,TN03D9766,accepted,277.2
594,21,auto,1469,338,1920,1039,1650,627,1769,704,0.299,476.3,True,TN03D9766,0.977,TN03D9766,accepted,184.4
597,21,auto,1449,344,1920,1039,1638,630,1752,705,0.382,483.2,True,TN03D9766,0.987,TN03D9766,accepted,181.9
598,21,auto,1443,343,1920,1038,1633,633,1745,705,0.333,480.4,True,TN03D9766,0.987,TN03D9766,accepted,192.9
599,21,auto,1440,343,1919,1040,1635,635,1748,707,0.400,486.3,True,TN03D9766,0.971,TN03D9766,accepted,197.6
600,21,auto,1454,342,1920,1038,1640,633,1753,707,0.332,487.7,True,TN03D9766,0.982,TN03D9766,accepted,184.2
601,21,auto,1459,342,1920,1039,1646,632,1761,706,0.396,488.6,True,TN03D9766,0.974,TN03D9766,accepted,188.7
602,21,auto,1455,343,1920,1039,1640,634,1752,705,0.361,479.3,True,TN03D9766,0.973,TN03D9766,accepted,231.9
603,21,auto,1448,343,1920,1042,1638,635,1754,712,0.480,479.4,True,TN03D9766,0.984,TN03D9766,accepted,183.1
604,21,auto,1443,345,1919,1048,1637,631,1755,717,0.479,480.1,True,TN03D9766,0.983,TN03D9766,accepted,191.0
604,21,auto,1443,345,1919,1048,1631,628,1762,765,0.252,480.1,True,TN03D9766,0.933,TN03D9766,accepted,194.3
605,21,auto,1441,345,1920,1047,1631,635,1740,709,0.476,484.6,True,TN03D9766,0.990,TN03D9766,accepted,184.4
606,21,auto,1435,345,1920,1050,1625,640,1735,709,0.698,500.4,True,TN03D9766,0.978,TN03D9766,accepted,239.9
607,21,auto,1435,346,1920,1052,1623,636,1730,710,0.514,481.0,True,TN03D9766,0.972,TN03D9766,accepted,201.0
608,21,auto,1435,345,1920,1046,1621,634,1734,708,0.492,513.6,True,TN03D9766,0.991,TN03D9766,accepted,183.4
609,21,auto,1434,344,1920,1043,1620,637,1734,711,0.630,487.9,True,TN03D9766,0.968,TN03D9766,accepted,238.8
610,21,auto,1436,342,1920,1040,1621,633,1736,707,0.477,478.7,True,TN03D9766,0.975,TN03D9766,accepted,188.2
611,21,auto,1435,342,1920,1042,1624,633,1733,707,0.448,494.2,True,TN03D9766,0.989,TN03D9766,accepted,235.2
612,21,auto,1434,344,1920,1040,1622,634,1732,707,0.540,492.0,True,TN03D9766,0.977,TN03D9766,accepted,186.3
613,21,auto,1433,342,1920,1038,1620,633,1731,705,0.438,484.3,True,TN03D9766,0.987,TN03D9766,accepted,194.3
614,21,auto,1435,342,1920,1039,1616,633,1729,710,0.550,486.0,True,TN03D9766,0.989,TN03D9766,accepted,247.6
615,21,auto,1433,341,1920,1034,1616,634,1731,707,0.461,496.8,True,TN03D9766,0.982,TN03D9766,accepted,240.5
616,21,auto,1433,341,1920,1035,1614,633,1729,706,0.529,485.1,True,TN03D9766,0.987,TN03D9766,accepted,188.8
617,21,auto,1433,341,1920,1035,1614,635,1729,706,0.513,484.0,True,TN03D9766,0.974,TN03D9766,accepted,242.5
618,21,auto,1430,341,1920,1037,1615,636,1726,706,0.433,485.9,True,DTN03D9766,0.829,TN03D9766,accepted,235.4
619,21,auto,1430,339,1920,1033,1611,630,1725,708,0.443,485.1,True,TN03D9766,0.985,TN03D9766,accepted,183.9
620,21,auto,1429,344,1919,1040,1612,635,1720,706,0.292,477.7,True,TN03D9766,0.986,TN03D9766,accepted,203.9
621,21,auto,1424,344,1920,1041,1607,637,1714,707,0.457,488.4,True,TN03D9766,0.979,TN03D9766,accepted,241.5
622,21,auto,1424,344,1919,1041,1606,637,1717,707,0.389,485.2,True,TN03D9766,0.984,TN03D9766,accepted,189.9
623,21,auto,1425,345,1919,1042,1608,634,1716,707,0.331,479.5,True,TN03D9766,0.986,TN03D9766,accepted,233.1
624,21,auto,1429,343,1920,1040,1611,635,1720,707,0.326,475.2,True,TN03D9766,0.983,TN03D9766,accepted,189.7
625,21,auto,1428,343,1920,1043,1610,634,1722,709,0.437,475.0,True,TN03D9766,0.981,TN03D9766,accepted,189.2
626,21,auto,1428,343,1920,1037,1612,633,1716,704,0.336,478.4,True,TN03D9766,0.983,TN03D9766,accepted,196.2
627,21,auto,1429,344,1919,1041,1611,635,1721,708,0.417,481.3,True,TN03D9766,0.983,TN03D9766,accepted,188.3
628,21,auto,1427,342,1919,1043,1611,635,1722,712,0.342,482.7,True,TN03D9766,0.986,TN03D9766,accepted,188.2
629,21,auto,1428,342,1919,1045,1610,634,1725,715,0.589,478.5,True,TN03D9766,0.985,TN03D9766,accepted,185.4
630,21,auto,1426,343,1920,1044,1610,635,1721,708,0.469,525.6,True,TN03D9766,0.980,TN03D9766,accepted,244.5
631,21,auto,1430,343,1919,1043,1612,635,1726,713,0.567,474.1,True,TN03D9766,0.984,TN03D9766,accepted,189.0
632,21,auto,1429,342,1920,1044,1613,633,1728,715,0.621,476.1,True,TN03D9766,0.983,TN03D9766,accepted,182.0
633,21,auto,1428,343,1919,1045,1612,632,1720,707,0.307,474.4,True,TN03D9766,0.983,TN03D9766,accepted,190.5
634,21,auto,1426,345,1920,1052,1612,632,1724,714,0.509,475.2,True,TN03D9766,0.979,TN03D9766,accepted,187.5
635,21,auto,1430,344,1920,1045,1614,632,1728,715,0.614,487.4,True,TN03D9766,0.949,TN03D9766,accepted,185.1
636,21,auto,1430,345,1920,1047,1615,632,1729,715,0.656,493.0,True,TN03D9766,0.974,TN03D9766,accepted,190.3
637,21,auto,1428,344,1920,1049,1610,631,1726,714,0.517,479.0,True,TN03D9766,0.979,TN03D9766,accepted,193.0
638,21,auto,1428,345,1920,1049,1612,633,1727,715,0.515,490.1,True,TN03D9766,0.977,TN03D9766,accepted,182.5
639,21,auto,1427,344,1920,1047,1610,631,1725,715,0.562,479.0,True,TN03D9766,0.968,TN03D9766,accepted,189.4
640,21,auto,1428,343,1920,1045,1610,631,1729,719,0.537,481.3,True,TN03D9766,0.978,TN03D9766,accepted,185.5
640,21,auto,1428,343,1920,1045,1604,629,1733,764,0.266,481.3,True,TN03D9766,0.946,TN03D9766,accepted,226.8
641,21,auto,1430,343,1920,1048,1616,633,1729,715,0.518,496.0,True,TN03D9766,0.979,TN03D9766,accepted,193.0
642,21,auto,1429,344,1920,1046,1614,634,1729,714,0.660,481.7,True,TN03D9766,0.972,TN03D9766,accepted,184.5
643,21,auto,1430,345,1920,1048,1615,632,1735,719,0.544,483.7,True,TN03D9766,0.952,TN03D9766,accepted,180.9
643,21,auto,1430,345,1920,1048,1608,629,1740,768,0.330,483.7,True,TN0309766,0.933,TN03O9766,accepted,237.7
644,21,auto,1431,348,1920,1053,1617,635,1726,714,0.561,506.1,True,TN03D9766,0.990,TN03D9766,accepted,175.8
645,21,auto,1429,346,1920,1048,1618,633,1731,713,0.523,492.0,True,TN03D9766,0.960,TN03D9766,accepted,193.3
646,21,auto,1429,346,1920,1054,1616,635,1729,718,0.567,501.2,True,TN03D9766,0.980,TN03D9766,accepted,185.5
647,21,auto,1428,350,1920,1056,1614,645,1723,720,0.628,467.2,True,TN03D9766,0.983,TN03D9766,accepted,185.4
648,21,auto,1427,347,1919,1055,1610,634,1728,737,0.449,483.9,True,TN03D9766,0.956,TN03D9766,accepted,224.0
648,21,auto,1427,347,1919,1055,1604,634,1732,774,0.271,483.9,True,LP,0.677,,rejected,270.4
649,21,auto,1428,348,1919,1055,1616,638,1727,717,0.436,472.2,True,TN03D9766,0.975,TN03D9766,accepted,185.7
650,21,auto,1429,347,1920,1055,1615,636,1732,722,0.471,487.3,True,TN03D9766,0.966,TN03D9766,accepted,199.8
651,21,auto,1430,347,1920,1055,1616,635,1728,718,0.585,491.2,True,TN03D9766,0.964,TN03D9766,accepted,183.1
652,21,auto,1430,347,1920,1054,1616,635,1730,718,0.622,478.6,True,TN03D9766,0.982,TN03D9766,accepted,185.0
653,21,auto,1432,347,1920,1054,1616,634,1729,721,0.461,479.4,True,TN03D9766,0.971,TN03D9766,accepted,184.6
654,21,auto,1431,348,1920,1052,1617,635,1726,717,0.484,478.7,True,TN03D9766,0.967,TN03D9766,accepted,185.4
655,21,auto,1430,348,1920,1057,1615,638,1725,723,0.636,468.6,True,TN03D9766,0.957,TN03D9766,accepted,185.1
656,21,auto,1429,347,1920,1054,1616,637,1731,718,0.554,494.7,True,TN03D9766,0.977,TN03D9766,accepted,190.6
657,21,auto,1432,348,1920,1055,1616,635,1725,719,0.539,473.4,True,TN03D9766,0.984,TN03D9766,accepted,188.8
658,21,auto,1430,348,1920,1055,1616,638,1730,722,0.571,472.8,True,TN03D9766,0.981,TN03D9766,accepted,195.8
658,21,auto,1430,348,1920,1055,1612,637,1737,759,0.290,472.8,True,,,,no_text,139.2
659,21,auto,1430,348,1920,1055,1616,636,1732,722,0.489,553.2,True,TN03D9766,0.980,TN03D9766,accepted,186.1
660,21,auto,1430,348,1920,1055,1617,636,1730,720,0.493,477.7,True,TN03D9766,0.973,TN03D9766,accepted,187.7
661,21,auto,1432,348,1919,1058,1616,637,1726,718,0.404,480.2,True,TN03D9766,0.963,TN03D9766,accepted,194.8
662,21,auto,1430,348,1920,1057,1616,636,1729,720,0.553,489.2,True,TN03D9766,0.972,TN03D9766,accepted,185.4
663,21,auto,1431,351,1920,1054,1616,639,1727,721,0.606,475.3,True,TN03D9766,0.971,TN03D9766,accepted,177.9
664,21,auto,1431,350,1920,1057,1615,641,1726,721,0.607,482.1,True,TN03D9766,0.980,TN03D9766,accepted,195.5
665,21,auto,1430,350,1920,1058,1616,644,1725,719,0.610,487.5,True,TN03D9766,0.991,TN03D9766,accepted,185.9
666,21,auto,1431,348,1920,1057,1615,638,1724,723,0.613,486.1,True,TN03D9766,0.981,TN03D9766,accepted,190.2
667,21,auto,1431,348,1920,1058,1616,639,1726,722,0.567,493.8,True,TN03D9766,0.983,TN03D9766,accepted,241.0
667,21,auto,1431,348,1920,1058,1613,637,1734,757,0.257,493.8,True,,,,no_text,150.2
668,21,auto,1432,348,1920,1058,1616,642,1725,723,0.563,509.1,True,TN03D9766,0.978,TN03D9766,accepted,169.7
668,21,auto,1432,348,1920,1058,1613,639,1733,750,0.298,509.1,True,N703,0.519,,rejected,149.8
669,21,auto,1431,347,1920,1056,1617,636,1727,720,0.582,520.5,True,TN03D9766,0.974,TN03D9766,accepted,192.3
670,21,auto,1432,350,1920,1057,1617,640,1729,724,0.584,480.5,True,TN03D9766,0.980,TN03D9766,accepted,229.7
671,21,auto,1429,348,1920,1057,1616,640,1723,720,0.560,480.0,True,TN03D9766,0.975,TN03D9766,accepted,194.6
672,21,auto,1429,352,1919,1059,1616,646,1723,722,0.424,477.2,True,TN03D9766,0.983,TN03D9766,accepted,188.9
673,21,auto,1430,351,1919,1059,1616,647,1723,721,0.297,477.1,True,TN03D9766,0.984,TN03D9766,accepted,185.4
674,21,auto,1430,351,1919,1059,1617,650,1725,724,0.690,476.9,True,TN03D9766,0.984,TN03D9766,accepted,236.8
675,21,auto,1431,352,1919,1061,1615,649,1729,724,0.429,490.4,True,TN03D9766,0.973,TN03D9766,accepted,193.6
676,21,auto,1431,349,1919,1060,1614,646,1725,727,0.482,483.6,True,TN03D9766,0.978,TN03D9766,accepted,180.6
677,21,auto,1433,350,1920,1060,1615,645,1727,727,0.535,478.4,True,TN03D9766,0.984,TN03D9766,accepted,188.4
678,21,auto,1430,353,1920,1061,1615,645,1727,722,0.307,477.5,True,TN03D9766,0.981,TN03D9766,accepted,240.4
679,21,auto,1429,355,1920,1062,1615,648,1728,726,0.326,480.7,True,TN03D9766,0.980,TN03D9766,accepted,184.7
680,21,auto,1429,355,1920,1061,1615,644,1728,725,0.314,487.9,True,TN03D9766,0.987,TN03D9766,accepted,186.4
681,21,auto,1429,356,1920,1062,1616,652,1729,726,0.415,480.9,True,TN03D9766,0.980,TN03D9766,accepted,236.7
682,21,auto,1431,354,1919,1062,1613,647,1730,728,0.314,481.0,True,TN03D9766,0.986,TN03D9766,accepted,188.6
683,21,auto,1431,354,1919,1061,1614,647,1729,725,0.284,492.0,True,TN03D9766,0.984,TN03D9766,accepted,184.4
684,21,auto,1431,354,1919,1061,1614,647,1730,728,0.317,485.4,True,TN03D9766,0.977,TN03D9766,accepted,194.3
685,21,auto,1431,354,1919,1062,1617,649,1735,726,0.416,488.7,True,TN03D9766,0.990,TN03D9766,accepted,181.9
686,21,auto,1430,352,1920,1061,1615,644,1727,726,0.631,497.6,True,TN03D9766,0.976,TN03D9766,accepted,195.9
687,21,auto,1430,353,1919,1061,1614,645,1727,726,0.421,488.4,True,TN03D9766,0.978,TN03D9766,accepted,187.8
688,21,auto,1429,349,1919,1057,1619,638,1729,717,0.564,503.2,True,TN03D9766,0.989,TN03D9766,accepted,183.9
689,21,auto,1430,347,1920,1054,1617,637,1727,719,0.691,483.7,True,TN03D9766,0.977,TN03D9766,accepted,190.9
689,21,auto,1430,347,1920,1054,1614,635,1734,750,0.305,483.7,True,,,,no_text,186.0
690,21,auto,1427,344,1920,1050,1616,634,1728,709,0.512,487.2,True,TN03D9766,0.982,TN03D9766,accepted,233.9
691,21,auto,1425,343,1920,1047,1615,636,1728,710,0.530,502.9,True,TN03D9766,0.981,TN03D9766,accepted,196.0
692,21,auto,1421,343,1920,1047,1610,635,1725,713,0.735,514.5,True,TN03D9766,0.985,TN03D9766,accepted,204.1
693,21,auto,1430,341,1920,1038,1617,632,1732,705,0.420,504.5,True,TN03D9766,0.983,TN03D9766,accepted,188.4
694,21,auto,1429,338,1920,1033,1616,626,1734,706,0.276,493.7,True,TN03D9766,0.971,TN03D9766,accepted,187.1
695,21,auto,1427,336,1920,1036,1616,628,1733,705,0.471,475.4,True,TN03D9766,0.984,TN03D9766,accepted,185.4
696,21,auto,1424,337,1920,1034,1612,628,1731,715,0.616,493.6,True,,,,no_text,145.3
696,21,auto,1424,337,1920,1034,1611,625,1733,746,0.577,493.6,True,,,,no_text,149.9
697,21,auto,1427,334,1920,1028,1618,623,1736,705,0.475,487.2,True,TN03D9766,0.971,TN03D9766,accepted,194.7
698,21,auto,1429,327,1919,1025,1617,617,1731,710,0.629,492.8,True,TN03D9766,0.983,TN03D9766,accepted,187.7
698,21,auto,1429,327,1919,1025,1615,615,1737,744,0.535,492.8,True,,,,no_text,139.5
699,21,auto,1428,337,1920,1035,1615,627,1730,707,0.560,490.4,True,TN03D9766,0.972,TN03D9766,accepted,281.2
700,21,auto,1429,337,1920,1035,1616,626,1732,706,0.497,484.2,True,TN03D9766,0.972,TN03D9766,accepted,194.2
700,21,auto,1429,337,1920,1035,1615,621,1736,738,0.424,484.2,True,TN03D9766,0.964,TN03D9766,accepted,238.6
701,21,auto,1424,335,1920,1028,1610,622,1724,700,0.501,484.2,True,TN03D9766,0.979,TN03D9766,accepted,185.2
701,21,auto,1424,335,1920,1028,1607,618,1731,736,0.279,484.2,True,TN03D9766,0.973,TN03D9766,accepted,179.2
702,21,auto,1424,337,1920,1033,1608,622,1726,708,0.526,488.1,True,TN03D9766,0.976,TN03D9766,accepted,229.3
702,21,auto,1424,337,1920,1033,1606,619,1733,749,0.407,488.1,True,TN03D9766,0.963,TN03D9766,accepted,226.2
703,21,auto,1426,334,1920,1031,1608,624,1727,713,0.610,485.5,True,TN03D9766,0.983,TN03D9766,accepted,192.7
703,21,auto,1426,334,1920,1031,1607,622,1730,746,0.491,485.5,True,TN7337,0.728,,rejected,185.9
704,21,auto,1426,334,1920,1031,1608,623,1728,713,0.579,490.9,True,TN03D9766,0.984,TN03D9766,accepted,187.5
704,21,auto,1426,334,1920,1031,1607,619,1734,744,0.500,490.9,True,,,,no_text,232.7
705,21,auto,1425,337,1920,1033,1607,622,1729,714,0.491,483.0,True,TN03D9766,0.963,TN03D9766,accepted,191.7
705,21,auto,1425,337,1920,1033,1603,625,1731,750,0.253,483.0,True,TN03D9766,0.949,TN03D9766,accepted,236.7
706,21,auto,1428,337,1920,1035,1609,621,1730,712,0.527,500.4,True,TN03D9766,0.976,TN03D9766,accepted,193.6
706,21,auto,1428,337,1920,1035,1608,618,1735,743,0.419,500.4,True,,,,no_text,146.5
707,21,auto,1429,338,1920,1034,1613,621,1732,709,0.529,495.6,True,TN03D9766,0.954,TN03D9766,accepted,237.8
707,21,auto,1429,338,1920,1034,1610,620,1734,742,0.431,495.6,True,,,,no_text,142.0
708,21,auto,1424,335,1920,1032,1606,622,1728,717,0.542,497.5,True,TN03D9766,0.983,TN03D9766,accepted,188.3
708,21,auto,1424,335,1920,1032,1606,619,1734,748,0.447,497.5,True,TN03D9766,0.936,TN03D9766,accepted,181.6
709,21,auto,1426,338,1920,1035,1609,622,1727,707,0.465,497.6,True,TN03D9766,0.960,TN03D9766,accepted,178.1
709,21,auto,1426,338,1920,1035,1607,618,1733,739,0.338,497.6,True,TN733,0.544,,rejected,228.4
710,21,auto,1420,335,1920,1033,1610,625,1727,704,0.542,486.8,True,TN03D9766,0.981,TN03D9766,accepted,185.2
710,21,auto,1420,335,1920,1033,1609,620,1733,732,0.382,486.8,True,TN03D9766,0.939,TN03D9766,accepted,186.6
711,21,auto,1421,337,1920,1033,1606,622,1729,713,0.483,486.3,True,TN03D9766,0.991,TN03D9766,accepted,184.5
711,21,auto,1421,337,1920,1033,1606,618,1734,744,0.385,486.3,True,,,,no_text,184.5
712,21,auto,1424,336,1920,1033,1608,625,1729,714,0.584,493.3,True,TN03D9766,0.989,TN03D9766,accepted,183.6
713,21,auto,1422,334,1920,1033,1610,625,1726,705,0.564,480.0,True,TN03D9766,0.979,TN03D9766,accepted,189.4
713,21,auto,1422,334,1920,1033,1609,621,1732,731,0.421,480.0,True,TN03D9766,0.986,TN03D9766,accepted,191.3
714,21,auto,1424,335,1920,1031,1609,623,1727,704,0.547,488.8,True,TN03D9766,0.978,TN03D9766,accepted,193.7
714,21,auto,1424,335,1920,1031,1608,619,1733,730,0.409,488.8,True,TN03D9766,0.975,TN03D9766,accepted,185.8
715,21,auto,1428,336,1920,1030,1610,626,1727,705,0.543,482.2,True,TN03D9766,0.975,TN03D9766,accepted,198.5
715,21,auto,1428,336,1920,1030,1608,622,1730,729,0.360,482.2,True,TN03D9766,0.961,TN03D9766,accepted,242.5
716,21,auto,1427,337,1920,1031,1606,621,1727,720,0.533,484.5,True,TN03D9766,0.983,TN03D9766,accepted,180.6
716,21,auto,1427,337,1920,1031,1602,624,1730,755,0.261,484.5,True,TN03D9766OLP,0.845,,rejected,234.8
717,21,auto,1426,335,1920,1028,1609,621,1725,704,0.524,568.2,True,TN03D9766,0.965,TN03D9766,accepted,214.7
717,21,auto,1426,335,1920,1028,1607,618,1731,738,0.417,568.2,True,TN03D9766,0.980,TN03D9766,accepted,190.0
718,21,auto,1427,336,1920,1030,1607,623,1727,709,0.570,495.6,True,TN03D9766,0.986,TN03D9766,accepted,189.6
719,21,auto,1422,333,1920,1028,1611,621,1724,698,0.335,483.8,True,TN03D9766,0.975,TN03D9766,accepted,193.1
720,21,auto,1426,335,1920,1028,1607,620,1727,706,0.432,497.0,True,TN03D9766,0.971,TN03D9766,accepted,238.2
720,21,auto,1426,335,1920,1028,1605,617,1734,739,0.290,497.0,True,TN03D9766,0.977,TN03D9766,accepted,194.1
721,21,auto,1424,336,1920,1027,1606,622,1727,714,0.481,479.3,True,TN03D9766,0.980,TN03D9766,accepted,183.9
721,21,auto,1424,336,1920,1027,1605,618,1734,750,0.380,479.3,True,TN0309766,0.947,TN03O9766,accepted,230.6
722,21,auto,1425,334,1920,1025,1604,619,1727,722,0.605,499.0,True,TN03D9766,0.965,TN03D9766,accepted,193.6
723,21,auto,1425,335,1920,1027,1607,622,1727,721,0.405,491.8,True,TN03D9766,0.975,TN03D9766,accepted,188.5
723,21,auto,1425,335,1920,1027,1604,618,1734,752,0.348,491.8,True,TN0309766,0.884,TN03O9766,accepted,240.6
724,21,auto,1426,337,1920,1027,1609,621,1727,708,0.393,487.5,True,TN03D9766,0.975,TN03D9766,accepted,189.2
724,21,auto,1426,337,1920,1027,1607,617,1734,745,0.306,487.5,True,,,,no_text,146.2
725,21,auto,1427,334,1920,1024,1605,620,1726,715,0.614,486.0,True,TN03D9766,0.979,TN03D9766,accepted,185.7
725,21,auto,1427,334,1920,1024,1603,618,1732,753,0.525,486.0,True,LP,0.770,,rejected,231.5
726,21,auto,1425,333,1920,1023,1607,618,1725,700,0.352,478.0,True,TN03D9766,0.983,TN03D9766,accepted,234.0
727,21,auto,1427,335,1920,1024,1604,615,1726,738,0.494,475.7,True,,,,no_text,188.0
728,21,auto,1424,335,1920,1023,1610,620,1724,703,0.392,514.5,True,TN03D9766,0.971,TN03D9766,accepted,186.9
728,21,auto,1424,335,1920,1023,1608,616,1732,745,0.253,514.5,True,,,,no_text,154.3
729,21,auto,1427,334,1919,1023,1607,616,1726,708,0.440,479.7,True,TN03D9766,0.985,TN03D9766,accepted,186.7
729,21,auto,1427,334,1919,1023,1602,612,1734,755,0.353,479.7,True,TN03LP,0.887,,rejected,186.4
730,21,auto,1424,336,1920,1022,1607,615,1726,734,0.541,497.8,True,,,,no_text,149.8
731,21,auto,1423,334,1920,1022,1606,612,1726,742,0.502,555.7,True,69703,0.510,,rejected,147.7
732,21,auto,1424,333,1920,1021,1604,612,1729,744,0.581,534.3,True,ATN03D9766,0.868,TN03D9766,accepted,236.0
733,21,auto,1424,332,1920,1021,1599,612,1731,755,0.587,500.7,True,,,,no_text,138.5
733,21,auto,1424,332,1920,1021,1605,617,1728,724,0.360,500.7,True,TN03D9766,0.982,TN03D9766,accepted,201.5
734,21,auto,1425,328,1920,1021,1610,612,1725,698,0.316,600.4,True,TN03D9766,0.982,TN03D9766,accepted,189.9
734,21,auto,1425,328,1920,1021,1602,610,1734,753,0.255,600.4,True,TN03D9766LPG,0.841,,rejected,235.4
735,21,auto,1424,329,1920,1021,1607,616,1726,714,0.569,494.9,True,TN03D9766,0.988,TN03D9766,accepted,180.8
735,21,auto,1424,329,1920,1021,1603,613,1734,751,0.485,494.9,True,,,,no_text,147.0
736,21,auto,1425,329,1920,1020,1609,612,1727,705,0.392,512.9,True,TN03D9766,0.978,TN03D9766,accepted,191.0
736,21,auto,1425,329,1920,1020,1602,609,1735,752,0.345,512.9,True,N03,0.854,,rejected,235.1
737,21,auto,1425,329,1920,1020,1608,612,1726,715,0.430,746.1,True,TN03D9766,0.979,TN03D9766,accepted,182.9
737,21,auto,1425,329,1920,1020,1603,608,1735,751,0.347,746.1,True,TN03D9766,0.910,TN03D9766,accepted,180.5
738,21,auto,1426,333,1920,1022,1603,616,1727,735,0.586,587.4,True,,,,no_text,137.3
739,21,auto,1425,332,1920,1020,1606,614,1726,724,0.556,503.2,True,TN03D9766,0.981,TN03D9766,accepted,166.1
739,21,auto,1425,332,1920,1020,1595,616,1732,753,0.260,503.2,True,TN03D9766LPC,0.879,,rejected,217.2
740,21,auto,1424,332,1920,1021,1607,616,1725,708,0.543,493.0,True,TN03D9766,0.981,TN03D9766,accepted,175.1
740,21,auto,1424,332,1920,1021,1603,612,1734,751,0.410,493.0,True,TN03D9766,0.917,TN03D9766,accepted,184.5
741,21,auto,1423,332,1920,1021,1611,619,1720,696,0.453,501.9,True,TN03D9766,0.975,TN03D9766,accepted,168.7
742,21,auto,1424,329,1919,1020,1611,617,1719,690,0.332,502.3,True,TN03D9766,0.979,TN03D9766,accepted,233.0
743,21,auto,1422,330,1919,1020,1611,617,1719,693,0.386,717.3,True,TN03D9766,0.976,TN03D9766,accepted,278.0
744,21,auto,1426,334,1920,1020,1609,618,1724,707,0.519,517.0,True,TN03D9766,0.979,TN03D9766,accepted,194.2
744,21,auto,1426,334,1920,1020,1605,615,1732,750,0.424,517.0,True,BN73,0.578,,rejected,156.3
745,21,auto,1426,328,1919,1021,1611,613,1728,712,0.528,489.8,True,TN03D9766,0.971,TN03D9766,accepted,188.7
745,21,auto,1426,328,1919,1021,1606,611,1734,753,0.429,489.8,True,,,,no_text,140.5
746,21,auto,1427,331,1919,1021,1608,617,1727,721,0.497,482.7,True,,,,no_text,142.8
746,21,auto,1427,331,1919,1021,1604,613,1734,753,0.433,482.7,True,,,,no_text,155.0
747,21,auto,1422,331,1919,1020,1611,617,1721,694,0.440,489.2,True,TN03D9766,0.989,TN03D9766,accepted,187.6
748,21,auto,1423,329,1919,1020,1611,618,1721,694,0.536,470.4,True,TN03D9766,0.978,TN03D9766,accepted,188.8
749,21,auto,1423,329,1920,1020,1611,618,1718,692,0.449,489.0,True,TN03D9766,0.981,TN03D9766,accepted,195.3
750,21,auto,1423,328,1920,1019,1612,616,1721,693,0.442,481.1,True,TN03D9766,0.955,TN03D9766,accepted,232.1
751,21,auto,1423,331,1920,1020,1612,620,1718,688,0.308,500.9,True,TN03D9766,0.980,TN03D9766,accepted,184.7
752,21,auto,1425,331,1920,1020,1611,616,1728,712,0.392,475.6,True,TN03D9766,0.984,TN03D9766,accepted,182.8
752,21,auto,1425,331,1920,1020,1606,612,1735,753,0.313,475.6,True,PX,0.543,,rejected,181.6
753,21,auto,1424,328,1920,1020,1610,617,1720,695,0.469,470.8,True,TN03D9766,0.986,TN03D9766,accepted,185.2
754,21,auto,1424,328,1920,1020,1611,618,1718,690,0.321,471.7,True,TN03D9766,0.979,TN03D9766,accepted,234.4
755,21,auto,1424,330,1920,1021,1609,617,1720,698,0.490,491.1,True,TN03D9766,0.981,TN03D9766,accepted,185.5
755,21,auto,1424,330,1920,1021,1602,616,1726,750,0.251,491.1,True,ATN03D9766,0.903,TN03D9766,accepted,224.7
756,21,auto,1424,331,1920,1021,1607,619,1720,699,0.486,477.6,True,TN03D9766,0.974,TN03D9766,accepted,182.8
756,21,auto,1424,331,1920,1021,1601,617,1725,751,0.306,477.6,True,TN03D9766,0.961,TN03D9766,accepted,230.7
757,21,auto,1424,332,1920,1020,1609,618,1719,696,0.477,479.3,True,TN03D9766,0.965,TN03D9766,accepted,182.4
758,21,auto,1425,332,1920,1020,1609,619,1722,699,0.491,478.9,True,TN03D9766,0.969,TN03D9766,accepted,186.3
758,21,auto,1425,332,1920,1020,1604,616,1733,749,0.290,478.9,True,,,,no_text,183.6
759,21,auto,1426,332,1920,1020,1606,616,1725,715,0.491,480.9,True,TN03D9766,0.981,TN03D9766,accepted,179.8
759,21,auto,1426,332,1920,1020,1601,613,1734,751,0.395,480.9,True,,,,no_text,181.7
760,21,auto,1424,330,1919,1020,1611,614,1722,692,0.293,478.0,True,TN03D9766,0.961,TN03D9766,accepted,187.3
762,21,auto,1426,331,1919,1021,1610,616,1725,705,0.473,472.8,True,TN03D9766,0.971,TN03D9766,accepted,187.7
762,21,auto,1426,331,1919,1021,1604,613,1734,750,0.325,472.8,True,,,,no_text,138.7
763,21,auto,1427,336,1920,1021,1607,613,1729,729,0.315,498.5,True,TN03D9766,0.990,TN03D9766,accepted,221.0
764,21,auto,1427,333,1920,1021,1606,614,1726,739,0.517,476.8,True,,,,no_text,131.7
765,21,auto,1427,331,1920,1021,1609,615,1726,719,0.509,490.9,True,TN03D9766,0.952,TN03D9766,accepted,180.4
765,21,auto,1427,331,1920,1021,1604,612,1733,753,0.470,490.9,True,,,,no_text,142.1
766,21,auto,1426,333,1920,1021,1606,617,1726,719,0.514,486.8,True,TN03D9766,0.984,TN03D9766,accepted,183.5
766,21,auto,1426,333,1920,1021,1601,614,1734,752,0.444,486.8,True,TN03D9766,0.954,TN03D9766,accepted,260.7
767,21,auto,1426,333,1920,1021,1607,618,1725,720,0.490,572.5,True,TN03D9766,0.988,TN03D9766,accepted,179.8
767,21,auto,1426,333,1920,1021,1602,615,1733,754,0.450,572.5,True,TN03D9766,0.941,TN03D9766,accepted,267.7
768,21,auto,1426,333,1920,1021,1608,617,1724,709,0.502,477.6,True,TN03D9766,0.963,TN03D9766,accepted,182.4
768,21,auto,1426,333,1920,1021,1604,614,1733,750,0.399,477.6,True,,,,no_text,138.7
769,21,auto,1426,328,1920,1020,1611,614,1727,697,0.603,487.3,True,TN03D9766,0.968,TN03D9766,accepted,186.1
769,21,auto,1426,328,1920,1020,1601,614,1733,750,0.302,487.3,True,TN03D9766LPG,0.941,,rejected,266.3
770,21,auto,1427,329,1920,1020,1612,615,1726,692,0.535,469.0,True,TN03D9766,0.981,TN03D9766,accepted,189.9
771,21,auto,1428,328,1920,1020,1614,612,1726,690,0.430,471.7,True,TN03D9766,0.970,TN03D9766,accepted,194.7
772,21,auto,1427,328,1920,1019,1613,611,1726,692,0.459,476.0,True,TN03D9766,0.982,TN03D9766,accepted,183.6
773,21,auto,1426,327,1920,1018,1613,606,1730,693,0.454,476.9,True,TN03D9766,0.976,TN03D9766,accepted,187.7
773,22,auto,1426,327,1920,1018,1684,773,1811,864,0.378,476.9,True,,,,no_text,60.5
774,21,auto,1425,325,1920,1018,1611,608,1729,693,0.468,491.9,True,TN03D9766,0.981,TN03D9766,accepted,182.7
775,21,auto,1427,323,1920,1017,1611,608,1728,692,0.507,489.2,True,TN03D9766,0.962,TN03D9766,accepted,185.5
776,21,auto,1429,323,1920,1017,1608,606,1727,690,0.419,481.8,True,TN03D9766,0.979,TN03D9766,accepted,203.2
777,21,auto,1428,321,1919,1015,1612,608,1726,687,0.415,624.1,True,TN03D9766,0.984,TN03D9766,accepted,218.3
779,21,auto,1430,323,1920,1016,1614,607,1727,687,0.367,1277.8,True,TN03D9766,0.968,TN03D9766,accepted,288.1
781,21,auto,1430,319,1920,1014,1615,608,1728,682,0.473,513.1,True,TN03D9766,0.990,TN03D9766,accepted,181.1
783,21,auto,1430,317,1920,1013,1615,605,1733,683,0.276,506.0,True,TN03D9766,0.982,TN03D9766,accepted,230.9
784,21,auto,1432,317,1920,1013,1615,605,1729,682,0.300,474.4,True,TN03D9766,0.983,TN03D9766,accepted,187.2
785,21,auto,1435,315,1920,1011,1614,602,1729,686,0.298,477.9,True,TN03D9766,0.968,TN03D9766,accepted,186.3
786,21,auto,1434,314,1920,1011,1615,605,1729,683,0.326,490.3,True,TN03D9766,0.985,TN03D9766,accepted,184.7
787,23,motorcycle,1035,418,1165,613,1061,443,1121,471,0.266,480.0,True,,,,no_text,55.7
788,21,auto,1434,313,1920,1010,1616,605,1737,691,0.462,495.7,True,TN03D9766,0.979,TN03D9766,accepted,183.0
788,23,motorcycle,1028,346,1160,621,1049,446,1123,472,0.408,495.7,True,,,,no_text,71.9
789,21,auto,1434,312,1919,1011,1616,604,1737,689,0.394,491.8,True,TN03D9766,0.963,TN03D9766,accepted,190.8
789,23,motorcycle,1015,348,1151,628,1045,449,1121,472,0.318,491.8,True,,,,no_text,97.5
789,23,motorcycle,1015,348,1151,628,1045,445,1110,469,0.282,491.8,True,,,,no_text,80.3
791,21,auto,1435,311,1919,1011,1621,602,1732,677,0.365,468.7,True,TN03D9766,0.986,TN03D9766,accepted,232.3
791,23,motorcycle,994,344,1141,646,1017,457,1097,485,0.295,468.7,True,,,,no_text,73.9
791,24,auto,836,332,1030,543,867,476,913,496,0.264,468.7,True,,,,no_text,82.7
792,21,auto,1435,313,1919,1010,1621,605,1736,679,0.455,498.4,True,TN03D9766,0.990,TN03D9766,accepted,193.7
792,23,motorcycle,989,370,1133,657,1012,449,1081,477,0.342,498.4,True,,,,no_text,65.6
793,21,auto,1435,313,1919,1011,1620,602,1735,681,0.423,484.8,True,TN03D9766,0.982,TN03D9766,accepted,188.1
793,23,motorcycle,970,404,1125,667,992,455,1087,492,0.357,484.8,True,,,,no_text,68.7
793,21,auto,1435,313,1919,1011,1618,598,1737,707,0.259,484.8,True,TN03D9766,0.984,TN03D9766,accepted,200.1
794,21,auto,1435,312,1919,1011,1624,601,1740,679,0.349,517.8,True,TN03D9766,0.987,TN03D9766,accepted,230.6
794,25,motorcycle,1146,356,1263,570,1158,432,1229,456,0.259,517.8,True,,,,no_text,73.7
795,23,motorcycle,947,415,1109,687,976,461,1059,498,0.358,493.7,True,,,,no_text,60.6
795,23,motorcycle,947,415,1109,687,964,474,1065,511,0.304,493.7,True,,,,no_text,89.0
795,21,auto,1436,309,1919,1009,1622,600,1739,680,0.275,493.7,True,TN03D9766,0.988,TN03D9766,accepted,212.0
796,23,motorcycle,910,415,1092,712,937,485,1020,512,0.567,481.6,True,,,,no_text,77.5
796,21,auto,1439,310,1919,1009,1625,599,1735,676,0.452,481.6,True,TN03D9766,0.981,TN03D9766,accepted,206.8
796,25,motorcycle,1129,354,1252,580,1154,433,1211,457,0.353,481.6,True,,,,no_text,64.0
797,23,motorcycle,892,333,1079,728,917,487,995,513,0.471,487.2,True,,,,no_text,74.3
797,21,auto,1439,305,1919,1009,1628,599,1738,673,0.431,487.2,True,TN03D9766,0.982,TN03D9766,accepted,202.7
798,23,motorcycle,788,442,1023,814,823,524,911,554,0.621,482.3,True,,,,no_text,185.6
798,21,auto,1440,303,1919,1007,1629,599,1744,675,0.511,482.3,True,TN03D9766,0.990,TN03D9766,accepted,197.5
798,21,auto,1440,303,1919,1007,1624,596,1748,716,0.259,482.3,True,TN03D9766,0.987,TN03D9766,accepted,228.2
799,23,motorcycle,759,451,1010,840,786,536,877,561,0.566,468.7,True,,,,no_text,179.3
799,21,auto,1441,304,1919,1006,1632,596,1745,674,0.387,468.7,True,TN03D9766,0.986,TN03D9766,accepted,196.6
799,25,motorcycle,1085,335,1235,624,1112,458,1175,482,0.333,468.7,True,,,,no_text,69.9
799,25,car,1061,272,1263,467,1116,454,1178,475,0.309,468.7,True,,,,no_text,96.4
799,25,motorcycle,1085,335,1235,624,1111,521,1166,562,0.259,468.7,True,,,,no_text,67.3
800,23,motorcycle,723,448,989,871,746,549,848,578,0.605,490.6,True,,,,no_text,171.9
800,23,motorcycle,723,448,989,871,748,542,853,583,0.481,490.6,True,,,,no_text,183.6
800,25,motorcycle,1074,347,1231,633,1102,533,1158,567,0.441,490.6,True,,,,no_text,59.3
800,25,motorcycle,1074,347,1231,633,1097,458,1173,483,0.414,490.6,True,,,,no_text,99.4
800,21,auto,1441,305,1919,1006,1632,596,1746,675,0.355,490.6,True,TN03D9766,0.985,TN03D9766,accepted,216.5
800,25,car,1050,271,1256,470,1100,453,1174,477,0.299,490.6,True,,,,no_text,78.3
801,23,motorcycle,672,441,972,906,715,556,814,591,0.672,480.1,True,ZE158,0.568,,rejected,171.3
801,25,motorcycle,1061,373,1225,645,1094,459,1175,486,0.535,480.1,True,,,,no_text,87.7
801,21,auto,1441,303,1919,1007,1632,595,1747,677,0.418,480.1,True,TN03D9766,0.986,TN03D9766,accepted,210.4
802,23,auto,271,279,702,724,621,588,726,626,0.582,471.2,True,,,,no_text,172.7
802,25,motorcycle,1044,390,1207,666,1060,468,1156,498,0.578,471.2,True,,,,no_text,88.7
802,21,auto,1437,303,1919,1006,1633,593,1749,674,0.330,471.2,True,TN03D9766,0.979,TN03D9766,accepted,257.4
803,23,auto,187,281,664,749,553,607,672,646,0.609,479.2,True,,,,no_text,184.2
803,25,motorcycle,1024,393,1202,675,1051,475,1138,503,0.491,479.2,True,,,,no_text,87.1
803,21,auto,1436,302,1919,1007,1632,592,1748,675,0.297,479.2,True,TN03D9766,0.983,TN03D9766,accepted,206.7
804,25,motorcycle,1013,391,1195,689,1034,475,1131,505,0.588,470.4,True,,,,no_text,76.8
804,23,motorcycle,418,483,861,1078,483,635,605,672,0.548,470.4,True,,,,no_text,190.1
804,21,auto,1436,302,1919,1006,1630,593,1748,675,0.315,470.4,True,TN03D9766,0.976,TN03D9766,accepted,199.1
805,25,motorcycle,976,393,1173,713,1005,489,1101,519,0.649,464.7,True,,,,no_text,75.5
805,21,auto,1439,303,1919,1008,1630,590,1752,682,0.257,464.7,True,TN03D9766,0.987,TN03D9766,accepted,208.7
806,25,motorcycle,957,397,1160,733,985,491,1077,525,0.661,472.4,True,,,,no_text,73.7
806,21,auto,1436,302,1919,1007,1629,593,1749,677,0.316,472.4,True,TN03D9766,0.979,TN03D9766,accepted,212.0
807,25,motorcycle,932,394,1152,747,959,497,1054,533,0.645,479.5,True,,,,no_text,62.2
807,21,auto,1438,304,1919,1007,1632,594,1749,672,0.433,479.5,True,TN03D9766,0.973,TN03D9766,accepted,208.6
808,25,motorcycle,903,396,1141,767,937,503,1034,537,0.549,482.6,True,,,,no_text,75.1
808,21,auto,1438,302,1919,1007,1630,593,1750,678,0.301,482.6,True,TN03D9766,0.979,TN03D9766,accepted,210.1
808,25,motorcycle,903,396,1141,767,938,498,1037,528,0.284,482.6,True,,,,no_text,80.1
809,25,motorcycle,851,431,1110,821,882,516,988,557,0.659,498.4,True,,,,no_text,61.6
809,21,auto,1438,300,1919,1005,1639,590,1756,670,0.263,498.4,True,TN03D9766,0.974,TN03D9766,accepted,204.6
810,25,motorcycle,817,414,1100,849,846,529,958,574,0.551,480.9,True,,,,no_text,63.7
810,21,auto,1437,299,1919,1005,1638,588,1756,670,0.279,480.9,True,TN03D9766,0.983,TN03D9766,accepted,211.2
811,25,motorcycle,772,421,1088,882,812,540,933,586,0.604,472.8,True,,,,no_text,67.5
811,21,auto,1436,300,1919,1003,1639,591,1752,668,0.367,472.8,True,TN03D9766,0.981,TN03D9766,accepted,207.6
812,25,motorcycle,727,460,1056,919,770,554,888,602,0.587,464.4,True,,,,no_text,164.5
812,21,auto,1437,300,1919,1005,1639,589,1755,669,0.366,464.4,True,TN03D9766,0.959,TN03D9766,accepted,195.6
813,25,motorcycle,677,459,1035,962,719,571,852,619,0.667,467.0,True,,,,no_text,310.6
813,21,auto,1437,300,1919,1004,1639,590,1755,668,0.362,467.0,True,TN03D9766,0.975,TN03D9766,accepted,254.8
814,25,motorcycle,541,440,976,1076,594,626,739,664,0.563,476.7,True,,,,no_text,370.7
814,26,van,919,228,1202,501,991,443,1057,469,0.479,476.7,True,,,,no_text,81.3
814,21,auto,1435,299,1919,1003,1640,591,1748,666,0.362,476.7,True,TN03D9766,0.983,TN03D9766,accepted,253.9
815,25,motorcycle,459,463,945,1077,507,652,673,698,0.604,481.9,True,,,,no_text,188.5
815,21,auto,1438,299,1919,1002,1639,586,1754,669,0.407,481.9,True,TN03D9766,0.972,TN03D9766,accepted,194.6
815,26,bus,915,226,1197,502,978,446,1045,471,0.374,481.9,True,,,,no_text,175.2
816,26,bus,880,220,1192,508,967,447,1034,477,0.725,481.6,True,,,,no_text,161.5
816,21,auto,1440,299,1919,1002,1640,586,1756,669,0.466,481.6,True,TN03D9766,0.981,TN03D9766,accepted,206.3
816,25,motorcycle,216,512,857,1077,284,732,475,786,0.339,481.6,True,,,,no_text,188.7
817,26,van,877,217,1187,512,959,454,1027,480,0.567,527.8,True,TZAA11S,0.596,,rejected,170.4
817,21,auto,1438,299,1919,1002,1640,591,1752,670,0.567,527.8,True,TN03D9766,0.958,TN03D9766,accepted,200.1
818,26,bus,857,209,1177,519,933,458,1012,484,0.629,480.2,True,TN23AP4115,0.603,TN23AP4115,accepted,243.5
818,21,auto,1442,299,1919,1001,1641,587,1759,669,0.425,480.2,True,TN03D9766,0.969,TN03D9766,accepted,208.1
818,27,motorcycle,643,418,859,679,670,473,729,498,0.283,480.2,True,,,,no_text,65.8
819,26,van,848,206,1174,524,922,462,998,486,0.645,491.4,True,TNAS,0.647,,rejected,167.6
819,27,motorcycle,589,422,831,700,615,484,681,514,0.608,491.4,True,,,,no_text,71.4
819,21,auto,1448,298,1919,1000,1644,589,1758,665,0.468,491.4,True,TN03D9766,0.987,TN03D9766,accepted,207.4
820,26,bus,827,202,1170,526,909,463,988,490,0.675,478.5,True,N23AP4115,0.722,MZ3AP4115,accepted,169.5
820,27,motorcycle,524,427,791,721,561,489,625,520,0.493,478.5,True,,,,no_text,67.0
820,21,auto,1448,298,1919,1001,1644,589,1760,667,0.376,478.5,True,TN03D9766,0.982,TN03D9766,accepted,210.9
821,26,bus,811,199,1167,529,896,465,976,493,0.629,476.3,True,TN23AP4115,0.870,TN23AP4115,accepted,169.9
821,27,motorcycle,455,432,748,745,493,496,557,533,0.304,476.3,True,,,,no_text,62.7
822,26,bus,778,190,1158,541,873,470,947,500,0.708,501.9,True,TN23AP4115,0.907,TN23AP4115,accepted,167.7
822,21,auto,1449,298,1919,1000,1645,589,1762,665,0.296,501.9,True,TN03D9766,0.986,TN03D9766,accepted,201.0
823,26,bus,761,182,1151,543,854,471,935,502,0.708,477.7,True,TN23AP4115,0.880,TN23AP4115,accepted,169.5
823,21,auto,1457,297,1919,999,1644,588,1761,662,0.487,477.7,True,TN03D9766,0.982,TN03D9766,accepted,209.7
824,26,van,747,176,1148,546,840,476,918,504,0.572,473.5,True,TN23AP4115,0.851,TN23AP4115,accepted,180.0
824,21,auto,1457,297,1919,999,1644,588,1761,662,0.443,473.5,True,TN03D9766,0.983,TN03D9766,accepted,206.4
825,26,van,722,175,1141,549,823,478,907,511,0.534,482.7,True,TN23AP4115,0.918,TN23AP4115,accepted,164.4
825,21,auto,1458,297,1919,1000,1644,588,1760,660,0.356,482.7,True,TN03D9766,0.980,TN03D9766,accepted,202.5
826,26,bus,676,160,1126,562,780,487,872,519,0.610,485.2,True,TN23AP4115,0.943,TN23AP4115,accepted,167.9
827,26,bus,658,157,1120,568,762,491,853,526,0.628,486.1,True,TN23AP4115,0.966,TN23AP4115,accepted,165.8
827,21,auto,1456,294,1919,999,1644,589,1759,658,0.269,486.1,True,TN03D9766,0.988,TN03D9766,accepted,203.5
827,28,auto,1456,294,1919,999,1714,761,1849,841,0.262,486.1,True,,,,no_text,51.3
828,26,bus,628,152,1111,575,739,497,828,529,0.612,487.5,True,TN23AP4115,0.976,TN23AP4115,accepted,167.7
828,21,auto,1451,292,1919,999,1646,588,1759,660,0.279,487.5,True,TN03D9766,0.969,TN03D9766,accepted,203.2
829,26,bus,606,150,1101,578,715,503,811,539,0.596,475.5,True,TN23AP4115,0.954,TN23AP4115,accepted,170.6
830,26,bus,571,139,1093,588,688,507,786,542,0.592,493.7,True,TN23AP4115,0.945,TN23AP4115,accepted,167.4
830,21,auto,1452,293,1919,995,1647,589,1761,659,0.396,493.7,True,TN03D9766,0.989,TN03D9766,accepted,203.6
831,26,bus,540,132,1086,594,659,511,763,549,0.548,474.5,True,TN23AP4115,0.975,TN23AP4115,accepted,163.0
831,21,auto,1455,293,1919,995,1648,587,1759,657,0.254,474.5,True,TN03D9766,0.974,TN03D9766,accepted,197.9
832,26,bus,507,127,1077,605,630,517,736,553,0.543,471.0,True,TN23AP4115,0.975,TN23AP4115,accepted,166.8
832,21,auto,1460,295,1919,998,1643,589,1757,660,0.387,471.0,True,TN03D9766,0.973,TN03D9766,accepted,200.5
833,26,bus,470,114,1068,612,596,524,705,563,0.602,481.2,True,TN23AP4115,0.968,TN23AP4115,accepted,172.2
833,21,auto,1456,293,1919,998,1644,589,1757,659,0.373,481.2,True,TN03D9766,0.977,TN03D9766,accepted,205.7
833,29,car,1169,330,1286,474,1197,416,1227,439,0.254,481.2,True,,,,no_text,44.0
834,26,bus,387,102,1043,633,518,537,636,580,0.583,487.3,True,TN23AP4115,0.986,TN23AP4115,accepted,167.4
834,21,auto,1452,293,1919,998,1643,586,1760,665,0.297,487.3,True,TN03D9766,0.976,TN03D9766,accepted,197.4
835,26,bus,338,92,1034,642,471,544,599,594,0.539,474.1,True,TN23AP4115,0.962,TN23AP4115,accepted,166.0
835,21,auto,1454,294,1919,998,1642,585,1759,663,0.252,474.1,True,TN03D9766,0.984,TN03D9766,accepted,245.3
836,26,bus,284,78,1019,661,431,553,559,605,0.524,478.0,True,TN23AP4115,0.935,TN23AP4115,accepted,165.0
836,21,auto,1453,290,1919,998,1645,587,1759,660,0.292,478.0,True,TN03D9766,0.987,TN03D9766,accepted,202.1
837,26,bus,239,66,1009,676,374,564,511,614,0.556,479.7,True,TN23AP4115,0.939,TN23AP4115,accepted,166.5
837,21,auto,1457,291,1919,998,1644,588,1758,661,0.351,479.7,True,TN03D9766,0.986,TN03D9766,accepted,203.6
838,26,bus,167,57,987,689,319,575,458,629,0.553,513.5,True,TN23AP4115,0.901,TN23AP4115,accepted,170.1
838,21,auto,1457,292,1919,997,1645,588,1758,660,0.291,513.5,True,TN03D9766,0.985,TN03D9766,accepted,202.0
839,26,bus,102,42,971,711,247,584,405,645,0.444,503.1,True,TN23AP4115,0.822,TN23AP4115,accepted,169.5
839,21,auto,1458,293,1919,998,1645,587,1761,662,0.348,503.1,True,TN03D9766,0.986,TN03D9766,accepted,203.2
839,29,car,1140,325,1269,488,1173,434,1207,456,0.287,503.1,True,,,,no_text,49.0
840,26,bus,15,26,958,725,177,595,339,660,0.503,489.6,True,TN23AP4115,0.883,TN23AP4115,accepted,172.7
840,29,auto,1083,324,1183,455,1162,430,1202,451,0.351,489.6,True,,,,no_text,68.7
840,21,auto,1453,292,1919,995,1646,586,1759,661,0.274,489.6,True,TN03D9766,0.983,TN03D9766,accepted,221.0
840,30,bus,15,26,958,725,367,278,492,312,0.255,489.6,True,9341332291,0.959,,rejected,203.9
841,26,bus,0,1,921,777,4,628,179,707,0.500,501.3,True,2124115,0.707,,rejected,164.6
841,29,auto,1124,323,1260,496,1155,434,1193,456,0.352,501.3,True,,,,no_text,61.8
841,21,auto,1451,291,1919,996,1645,588,1758,658,0.280,501.3,True,TN03D9766,0.979,TN03D9766,accepted,215.5
841,28,auto,1451,291,1919,996,1715,761,1846,840,0.261,501.3,True,,,,no_text,52.2
842,21,auto,1452,294,1919,994,1645,588,1759,662,0.352,489.2,True,TN03D9766,0.986,TN03D9766,accepted,190.6
842,29,auto,1071,322,1215,459,1152,433,1185,456,0.344,489.2,True,,,,no_text,47.1
842,26,bus,0,0,896,802,0,651,81,729,0.330,489.2,True,419,0.634,,rejected,225.2
843,29,auto,1111,321,1254,499,1145,434,1183,456,0.414,493.8,True,,,,no_text,51.5
843,29,auto,1111,321,1254,499,1143,431,1182,453,0.267,493.8,True,,,,no_text,68.6
844,29,auto,1099,321,1248,506,1133,440,1169,463,0.331,489.3,True,,,,no_text,51.0
844,21,auto,1450,294,1919,996,1643,586,1761,664,0.296,489.3,True,TN03D9766,0.981,TN03D9766,accepted,256.8
845,21,auto,1450,295,1919,996,1642,586,1760,664,0.349,479.1,True,TN03D9766,0.966,TN03D9766,accepted,190.3
845,29,auto,1090,319,1243,510,1128,442,1164,469,0.330,479.1,True,,,,no_text,48.5
846,29,bus,1080,319,1240,514,1117,446,1160,472,0.364,487.8,True,,,,no_text,51.4
846,21,auto,1449,296,1920,998,1643,586,1759,660,0.271,487.8,True,TN03D9766,0.984,TN03D9766,accepted,203.3
847,21,auto,1456,296,1919,995,1645,588,1757,659,0.440,461.2,True,TN03D9766,0.970,TN03D9766,accepted,182.1
848,21,auto,1454,297,1919,994,1649,587,1762,659,0.321,465.4,True,TN03D9766,0.972,TN03D9766,accepted,191.6
848,31,car,1273,334,1422,463,1311,419,1354,437,0.320,465.4,True,,,,no_text,167.7
849,29,bus,1022,310,1228,531,1084,451,1138,480,0.320,485.0,True,,,,no_text,53.8
850,21,auto,1450,292,1920,993,1646,587,1758,658,0.266,492.2,True,TN03D9766,0.976,TN03D9766,accepted,235.8
851,29,van,1010,307,1223,538,1064,457,1119,489,0.277,457.0,True,,,,no_text,45.9
852,21,auto,1455,292,1919,992,1645,587,1760,658,0.336,459.1,True,TN03D9766,0.960,TN03D9766,accepted,241.9
853,21,auto,1458,288,1920,992,1649,589,1762,655,0.396,473.3,True,TN03D9766,0.984,TN03D9766,accepted,194.3
853,29,auto,984,301,1206,552,1092,422,1148,452,0.263,473.3,True,,,,no_text,58.0
854,21,auto,1459,285,1919,992,1650,587,1762,656,0.281,498.8,True,TN03D9766,0.980,TN03D9766,accepted,238.9
857,21,auto,1456,290,1919,992,1646,587,1762,657,0.315,458.7,True,TN03D9766,0.975,TN03D9766,accepted,234.9
864,31,car,1218,330,1404,485,1264,427,1316,449,0.308,478.1,True,,,,no_text,168.1
865,31,car,1215,330,1404,486,1264,428,1316,450,0.306,480.9,True,,,,no_text,165.0
866,31,car,1211,325,1400,487,1263,428,1313,449,0.330,485.6,True,FACATETEA,0.508,,rejected,165.3
867,31,car,1208,327,1399,490,1255,430,1311,452,0.284,496.7,True,,,,no_text,168.4
867,21,auto,1459,287,1919,992,1648,587,1758,656,0.251,496.7,True,TN03D9766,0.988,TN03D9766,accepted,243.8
869,31,car,1201,324,1398,492,1249,430,1308,453,0.291,460.0,True,,,,no_text,165.7
870,31,car,1196,325,1396,495,1246,435,1305,458,0.295,481.6,True,,,,no_text,166.4
871,31,car,1192,325,1396,495,1243,436,1303,459,0.274,483.0,True,,,,no_text,166.5
872,31,car,1188,324,1394,497,1236,436,1298,458,0.334,485.8,True,,,,no_text,186.1
873,31,car,1183,324,1390,499,1230,438,1296,461,0.335,485.0,True,,,,no_text,171.4
874,31,car,1163,320,1385,506,1217,439,1282,463,0.415,484.6,True,22278104,0.688,MZ278104,accepted,165.5
875,31,car,1157,321,1383,509,1211,440,1278,464,0.406,486.5,True,,,,no_text,161.6
876,31,car,1152,319,1382,512,1206,442,1273,466,0.463,481.9,True,TNOZATETO4,0.577,,rejected,167.2
877,31,car,1145,321,1379,515,1206,443,1270,466,0.480,481.7,True,THOZATB1O4,0.621,TN02AT8104,accepted,170.5
878,31,car,1138,319,1378,517,1198,443,1270,469,0.437,471.0,True,STN24A78104,0.625,,rejected,170.2
879,32,auto,352,267,777,689,410,432,454,463,0.539,472.5,True,,,,no_text,46.1
879,31,car,1134,321,1376,522,1193,445,1263,472,0.448,472.5,True,,,,no_text,192.2
880,31,car,1127,320,1375,524,1188,449,1261,474,0.590,476.9,True,,,,no_text,167.9
880,32,auto,291,260,754,705,359,431,407,470,0.384,476.9,True,,,,no_text,65.6
880,21,auto,1456,288,1919,993,1644,586,1758,658,0.268,476.9,True,TN03D9766,0.971,TN03D9766,accepted,208.2
881,31,car,1114,318,1374,529,1176,454,1249,478,0.555,460.7,True,TNO4AY8104,0.623,TN04AY8104,accepted,189.3
881,32,auto,166,254,695,749,230,449,287,481,0.416,460.7,True,,,,no_text,61.3
882,32,auto,91,247,655,779,158,453,217,491,0.640,499.1,True,,,,no_text,48.4
882,31,car,1107,317,1372,533,1173,457,1244,484,0.492,499.1,True,SHOZAY81O4,0.559,,rejected,192.5
883,32,auto,0,243,620,801,79,459,137,496,0.613,478.7,True,,,,no_text,52.6
883,31,car,1099,317,1370,538,1167,461,1240,485,0.553,478.7,True,INOCATO1O4,0.647,TN0CAT0104,accepted,206.3
884,32,auto,0,239,587,831,0,468,42,509,0.603,490.3,True,,,,no_text,55.5
884,31,car,1091,315,1365,543,1159,463,1234,488,0.561,490.3,True,NOZATOTOL,0.810,,rejected,225.1
885,31,car,1085,315,1363,547,1150,467,1229,494,0.546,496.2,True,TNOZAT8104,0.627,TN02AT8104,accepted,168.5
886,31,car,1077,314,1362,548,1143,466,1224,495,0.551,480.8,True,TNOZAT8TO4,0.592,,rejected,168.4
887,31,car,1067,314,1358,551,1136,469,1218,498,0.494,489.9,True,TNOZAT8104,0.710,TN02AT8104,accepted,170.5
888,31,car,1060,313,1357,556,1130,471,1212,501,0.495,478.0,True,TNOZATB1O4,0.766,TN02AT8104,accepted,170.4
888,33,motorcycle,789,398,958,617,824,438,881,474,0.251,478.0,True,,,,no_text,57.2
889,31,car,1051,311,1353,558,1123,472,1206,502,0.520,487.2,True,ETNOZAT8104,0.759,TN02AT8104,accepted,169.8
890,31,car,1031,313,1346,567,1104,477,1191,507,0.400,485.3,True,TNDZATB104,0.763,,rejected,176.0
891,31,car,1018,312,1340,569,1095,480,1185,511,0.483,488.6,True,TNOZAT6104,0.759,TN02AT6104,accepted,168.5
891,33,motorcycle,698,411,894,665,731,497,794,529,0.323,488.6,True,,,,no_text,66.5
892,31,car,1010,310,1339,574,1088,484,1179,515,0.561,496.8,True,TNOZAYB104,0.704,TN02AY8104,accepted,167.2
892,33,motorcycle,675,414,880,680,707,504,766,536,0.441,496.8,True,,,,no_text,62.5
893,31,car,1001,312,1336,581,1077,486,1170,517,0.531,493.8,True,TNOCAT8104,0.759,TN0CAT8104,accepted,170.2
894,31,car,989,309,1333,586,1065,487,1161,518,0.526,475.8,True,TNO4AT8104,0.808,TN04AT8104,accepted,171.5
894,33,motorcycle,606,415,843,712,780,550,836,581,0.256,475.8,True,,,,no_text,62.1
895,31,car,974,306,1328,592,1055,491,1153,525,0.558,497.0,True,ETNOZATO104,0.764,TN02AT0104,accepted,170.4
895,34,motorcycle,554,417,818,731,605,479,666,521,0.306,497.0,True,,,,no_text,55.5
896,31,car,961,309,1325,598,1041,496,1143,531,0.447,493.3,True,FTNOZAT8104,0.728,TN02AT8104,accepted,167.9
897,31,car,946,308,1319,609,1031,501,1132,537,0.532,480.6,True,FTNOZAT6104,0.735,TN02AT6104,accepted,166.6
898,31,car,919,304,1313,623,1002,512,1110,547,0.520,478.0,True,TN04AT8104,0.865,TN04AT8104,accepted,171.4
899,31,car,898,302,1310,633,991,516,1099,555,0.449,491.5,True,FTNO4AY8104,0.848,TN04AY8104,accepted,167.4
900,31,car,881,302,1307,639,974,524,1086,562,0.536,488.9,True,PIN04AY8104,0.862,TN04AY8104,accepted,167.9
901,31,car,863,301,1301,647,959,533,1071,571,0.498,499.2,True,TNO4AY8104,0.860,TN04AY8104,accepted,170.6
902,31,car,843,299,1296,660,942,539,1058,578,0.524,490.5,True,TNO4AT8104,0.848,TN04AT8104,accepted,168.9
903,31,car,820,298,1292,668,921,547,1043,586,0.567,486.8,True,ETN04AT8104,0.838,TN04AT8104,accepted,171.3
904,31,car,800,297,1291,675,899,552,1024,593,0.560,489.3,True,TNO4AY8104,0.898,TN04AY8104,accepted,171.1
905,31,car,775,298,1279,686,881,560,1008,602,0.519,476.5,True,TN04AY8104,0.887,TN04AY8104,accepted,168.8
906,31,car,751,297,1275,696,855,570,988,611,0.591,484.5,True,TN04AY8104,0.897,TN04AY8104,accepted,173.5
907,31,car,723,296,1270,714,832,578,968,622,0.592,485.8,True,TN04A18104,0.857,TN04AI8104,accepted,173.2
908,31,car,695,293,1262,726,801,584,947,631,0.569,486.2,True,TN04AY8104,0.949,TN04AY8104,accepted,168.1
909,31,car,657,291,1252,743,773,593,921,640,0.624,491.3,True,TN04AY8104,0.908,TN04AY8104,accepted,165.5
910,31,car,623,293,1248,765,740,600,895,655,0.604,487.3,True,TN04AY8104,0.909,TN04AY8104,accepted,171.7
911,31,car,583,289,1243,784,701,614,862,664,0.624,477.9,True,TN04AY8104,0.911,TN04AY8104,accepted,170.3
912,31,car,536,290,1231,802,661,627,830,682,0.649,468.8,True,TN04AY8104,0.910,TN04AY8104,accepted,172.1
913,31,car,488,288,1223,833,619,642,794,700,0.630,477.8,True,TN04AY8104,0.939,TN04AY8104,accepted,170.1
914,31,car,437,286,1218,857,563,659,754,724,0.632,485.3,True,TN04AY8104,0.899,TN04AY8104,accepted,175.1
915,31,car,377,282,1207,889,508,681,706,749,0.671,488.8,True,TNO4AY8104,0.947,TN04AY8104,accepted,171.1
916,31,car,305,275,1198,924,441,708,652,779,0.422,484.2,True,TN04AY8104,0.915,TN04AY8104,accepted,171.0
917,31,car,230,274,1191,969,371,735,593,814,0.722,503.8,True,TNO4AY8104,0.901,TN04AY8104,accepted,170.0
918,31,car,142,267,1174,998,286,771,520,859,0.753,475.9,True,TNO4AY8104,0.886,TN04AY8104,accepted,166.8
919,31,car,45,257,1164,1041,187,806,434,908,0.723,456.1,True,TN04AY8104,0.930,TN04AY8104,accepted,170.0
920,31,car,0,253,1154,1077,69,855,331,963,0.763,476.9,True,TN04AY8104,0.931,TN04AY8104,accepted,169.3
921,31,car,0,251,1144,1077,0,918,199,1035,0.806,482.2,True,D4AY8104,0.940,,rejected,151.7
931,35,car,773,318,1063,542,818,464,870,494,0.522,457.9,True,2019333,0.714,,rejected,156.2
932,35,car,737,315,1054,546,776,466,855,506,0.531,492.8,True,12839333,0.857,MZ839333,accepted,156.0
933,35,car,696,315,1044,551,758,471,835,506,0.560,503.6,True,TH120J9333,0.798,TN12OJ9333,accepted,162.0
934,35,car,680,316,1037,559,740,475,820,504,0.352,485.5,True,TN128J9333,0.863,TN12BJ9333,accepted,169.8
935,35,car,638,317,1017,568,700,480,786,529,0.335,484.3,True,M128J9333,0.904,ML28J9333,accepted,156.4
936,35,car,616,317,1007,574,679,488,766,525,0.313,478.2,True,TN128J9333,0.882,TN12BJ9333,accepted,162.9
938,36,auto,1449,293,1920,991,1645,587,1756,656,0.290,476.3,True,TN03D9766,0.988,TN03D9766,accepted,195.0
940,36,auto,1452,289,1920,990,1645,587,1757,656,0.278,476.9,True,TN03D9766,0.982,TN03D9766,accepted,188.0
940,35,car,513,312,967,602,579,503,673,548,0.264,476.9,True,TW128J9333,0.864,WB28J9333,accepted,165.2
941,36,auto,1449,288,1920,990,1645,585,1761,658,0.275,497.1,True,TN03D9766,0.975,TN03D9766,accepted,187.6
941,35,car,483,306,954,614,546,509,644,549,0.256,497.1,True,TN123J9333,0.877,NL23J9333,accepted,169.0
942,35,car,412,310,928,630,478,522,583,570,0.315,481.2,True,TN12BJ9333,0.883,TN12BJ9333,accepted,161.9
943,36,auto,1456,287,1919,990,1644,587,1758,658,0.355,489.2,True,TN03D9766,0.976,TN03D9766,accepted,241.5
943,35,car,372,308,913,640,439,530,545,569,0.296,489.2,True,TN128J9333,0.911,TN12BJ9333,accepted,173.2
944,35,car,331,305,896,651,398,535,510,577,0.281,484.2,True,TN128J9333,0.923,TN12BJ9333,accepted,166.5
945,36,auto,1452,289,1920,990,1644,586,1760,658,0.363,495.2,True,TN03D9766,0.976,TN03D9766,accepted,216.1
945,35,car,289,304,882,665,354,544,470,591,0.258,495.2,True,TH12BJ9333,0.894,TN12BJ9333,accepted,168.8
946,35,car,237,303,868,676,308,551,425,597,0.450,474.9,True,TN128J9333,0.900,TN12BJ9333,accepted,167.8
946,36,auto,1455,288,1919,991,1648,588,1759,657,0.392,474.9,True,TN03D9766,0.979,TN03D9766,accepted,202.2
946,37,motorcycle,1002,396,1142,596,1033,445,1083,472,0.300,474.9,True,,,,no_text,56.2
947,35,car,186,302,845,690,252,559,373,607,0.357,482.8,True,TN128J9333,0.922,TN12BJ9333,accepted,167.7
947,36,auto,1453,289,1920,990,1647,587,1759,656,0.304,482.8,True,TN03D9766,0.989,TN03D9766,accepted,209.4
948,35,car,70,300,806,722,130,582,259,632,0.520,481.6,True,TN128J3333,0.831,TN12BJ3333,accepted,170.0
948,37,motorcycle,974,409,1112,618,994,469,1056,500,0.367,481.6,True,DRLOM,0.604,,rejected,172.8
948,36,auto,1458,289,1919,990,1649,587,1759,656,0.336,481.6,True,TN03D9766,0.975,TN03D9766,accepted,249.4
949,35,car,0,298,785,740,54,595,189,644,0.651,469.0,True,TN128J9333,0.915,TN12BJ9333,accepted,180.1
949,36,auto,1456,291,1919,990,1645,585,1758,658,0.332,469.0,True,TN03D9766,0.977,TN03D9766,accepted,251.6
949,37,motorcycle,953,409,1096,625,982,467,1034,490,0.316,469.0,True,,,,no_text,62.9
950,35,car,0,300,763,765,0,615,116,663,0.699,476.9,True,0128J9333,0.882,MZ8J9333,accepted,167.0
950,37,motorcycle,942,415,1092,634,970,472,1021,495,0.272,476.9,True,,,,no_text,180.0
951,37,motorcycle,900,413,1074,652,934,488,1002,516,0.517,496.5,True,THGE,0.676,,rejected,169.7
951,36,auto,1450,290,1920,991,1645,587,1756,658,0.342,496.5,True,TN03D9766,0.981,TN03D9766,accepted,245.6
952,37,motorcycle,892,416,1066,663,925,491,985,520,0.493,477.1,True,TNEE,0.542,,rejected,154.6
952,36,auto,1452,289,1920,991,1646,586,1758,657,0.253,477.1,True,TN03D9766,0.969,TN03D9766,accepted,210.3
953,37,motorcycle,876,421,1050,675,901,498,973,528,0.488,479.3,True,N1,0.680,,rejected,169.0
953,36,auto,1456,289,1920,991,1647,587,1757,657,0.301,479.3,True,TN03D9766,0.982,TN03D9766,accepted,254.4
953,37,motorcycle,876,421,1050,675,900,502,973,540,0.272,479.3,True,1724,0.777,,rejected,156.0
954,37,motorcycle,858,422,1029,686,877,505,952,536,0.503,492.8,True,4,0.629,,rejected,168.6
954,37,motorcycle,858,422,1029,686,878,500,955,530,0.282,492.8,True,714,0.535,,rejected,184.2
954,38,car,1102,333,1289,486,1144,440,1199,463,0.256,492.8,True,,,,no_text,168.7
955,37,motorcycle,833,423,1024,697,860,510,931,541,0.565,487.7,True,E4,0.577,,rejected,163.3
955,36,auto,1452,291,1920,991,1645,586,1757,657,0.260,487.7,True,TN03D9766,0.981,TN03D9766,accepted,245.3
956,37,motorcycle,813,426,1004,712,837,514,913,544,0.423,483.6,True,TNGEZTE,0.627,,rejected,166.3
956,37,motorcycle,813,426,1004,712,836,518,913,555,0.285,483.6,True,TNGEZT,0.573,,rejected,174.8
956,36,auto,1453,290,1920,990,1646,586,1756,657,0.283,483.6,True,TN03D9766,0.979,TN03D9766,accepted,253.8
957,37,motorcycle,788,426,993,726,816,519,894,546,0.557,482.9,True,TN03217E4,0.598,,rejected,173.2
957,36,auto,1450,288,1920,991,1646,586,1757,656,0.282,482.9,True,TN03D9766,0.980,TN03D9766,accepted,252.1
958,37,motorcycle,725,436,952,762,754,537,842,569,0.458,483.1,True,TN09EZ174,0.641,TN09E2174,accepted,153.4
958,38,car,1075,332,1272,497,1115,449,1179,469,0.398,483.1,True,,,,no_text,196.1
959,37,motorcycle,681,429,939,779,724,543,816,571,0.479,505.2,True,TN09217,0.710,,rejected,192.5
960,37,motorcycle,657,447,914,803,689,551,785,579,0.582,496.4,True,TNC9EZ1784,0.650,NL9EZ1784,accepted,174.4
960,38,car,1061,331,1269,503,1105,450,1177,473,0.426,496.4,True,,,,no_text,198.9
960,36,auto,1451,289,1919,992,1645,587,1756,656,0.272,496.4,True,TN03D9766,0.985,TN03D9766,accepted,234.9
961,37,motorcycle,622,455,890,825,655,565,751,594,0.407,474.4,True,TN09EZ1704,0.749,TN09EZ1704,accepted,189.0
961,36,auto,1455,289,1920,990,1645,583,1759,658,0.313,474.4,True,TN03D9766,0.987,TN03D9766,accepted,201.0
961,37,motorcycle,622,455,890,825,648,566,753,602,0.263,474.4,True,IN09EZ1704,0.638,TN09EZ1704,accepted,195.7
962,37,motorcycle,450,464,802,916,500,601,618,640,0.455,477.9,True,TN9EZ17E4,0.744,,rejected,167.3
963,37,motorcycle,382,478,773,959,440,617,559,653,0.383,490.6,True,TN09E21784,0.715,TN09EZ1784,accepted,189.4
964,37,motorcycle,297,486,737,1000,365,638,496,675,0.462,490.6,True,TCSEZTE4,0.512,,rejected,173.0
965,37,motorcycle,200,499,699,1042,284,660,425,699,0.426,499.5,True,,,,no_text,174.4
965,38,car,1011,330,1244,520,1060,462,1137,487,0.302,499.5,True,1C012374,0.613,,rejected,213.7
966,37,motorcycle,87,502,654,1076,187,682,339,727,0.501,491.9,True,,,,no_text,192.3
967,37,motorcycle,1,494,604,1075,71,713,240,760,0.590,486.0,True,,,,no_text,176.5
967,36,auto,1454,289,1919,989,1646,586,1757,656,0.301,486.0,True,TN03D9766,0.985,TN03D9766,accepted,246.4
968,37,motorcycle,1,531,558,1075,0,747,113,803,0.308,474.3,True,,,,no_text,159.0
968,38,car,988,331,1238,527,1038,467,1118,494,0.255,474.3,True,E108Y3374,0.708,,rejected,213.4
969,38,car,979,330,1231,533,1033,470,1105,496,0.312,484.4,True,TN10913374,0.746,NL09I3374,accepted,174.6
969,39,motorcycle,504,419,795,723,620,476,678,515,0.277,484.4,True,,,,no_text,57.3
970,38,car,969,329,1229,536,1025,472,1106,501,0.417,497.5,True,RN10873374,0.649,,rejected,171.8
971,38,car,959,326,1224,539,1015,474,1097,504,0.372,470.5,True,N108Y3574,0.688,NL08Y3574,accepted,174.5
972,38,car,950,326,1222,543,1007,477,1086,505,0.296,484.1,True,EIN1OBY3S7A,0.543,,rejected,170.2
973,38,car,941,327,1217,546,991,480,1074,507,0.260,473.5,True,FIN10RY3374,0.669,TN10RY3374,accepted,164.4
974,38,car,930,327,1214,552,987,486,1068,513,0.325,472.9,True,N10813374,0.746,NL08I3374,accepted,177.8
975,38,car,919,324,1206,553,981,487,1063,515,0.386,476.5,True,ETN108Y3974,0.651,TN10BY3974,accepted,179.6
975,40,motorcycle,73,444,550,879,270,547,340,576,0.253,476.5,True,,,,no_text,77.8
978,38,car,867,326,1187,573,928,498,1017,531,0.376,479.5,True,FTN108Y3974,0.786,TN10BY3974,accepted,163.4
979,38,car,852,326,1183,578,917,504,1006,538,0.402,474.6,True,ETN108Y3974,0.694,TN10BY3974,accepted,170.8
980,38,car,837,326,1178,585,902,509,993,543,0.372,479.6,True,FTM10BY3974,0.802,TN10BY3974,accepted,166.9
981,38,car,802,324,1161,597,872,515,965,550,0.455,472.6,True,FTN108Y3974,0.900,TN10BY3974,accepted,166.0
982,38,car,786,322,1153,601,856,519,951,556,0.385,476.7,True,FTN10BY3974,0.909,TN10BY3974,accepted,173.5
983,38,car,768,323,1151,613,841,528,938,562,0.463,479.1,True,IN108Y3974,0.872,TN10BY3974,accepted,169.4
983,36,auto,1456,290,1919,989,1639,585,1755,659,0.257,479.1,True,TN03D9766,0.980,TN03D9766,accepted,200.3
984,38,car,748,322,1145,620,820,532,919,568,0.415,480.0,True,FTN10BY3974,0.891,TN10BY3974,accepted,172.1
984,36,auto,1456,290,1919,989,1642,584,1757,658,0.259,480.0,True,TN03D9766,0.984,TN03D9766,accepted,200.8
985,38,car,726,320,1137,626,798,536,904,576,0.415,471.0,True,FTN10BY3974,0.918,TN10BY3974,accepted,167.3
986,38,car,706,321,1131,635,781,544,886,581,0.398,492.4,True,ETN10BY3974,0.839,TN10BY3974,accepted,170.4
986,36,auto,1456,290,1919,990,1639,586,1754,658,0.304,492.4,True,TN03D9766,0.977,TN03D9766,accepted,247.1
987,38,car,681,324,1121,645,753,552,866,591,0.573,470.4,True,FTN10BY3974,0.941,TN10BY3974,accepted,169.2
988,38,car,655,318,1113,651,730,555,848,596,0.569,482.4,True,FTN10BY3974,0.951,TN10BY3974,accepted,170.1
989,38,car,625,317,1104,664,705,563,821,606,0.530,479.2,True,FTN10BV3974,0.953,TN10BV3974,accepted,170.8
989,36,auto,1454,293,1919,990,1640,586,1753,658,0.251,479.2,True,TN03D9766,0.980,TN03D9766,accepted,252.4
990,38,car,567,316,1085,685,648,581,771,623,0.578,472.4,True,TN10BY3974,0.897,TN10BY3974,accepted,171.6
991,38,car,534,315,1075,697,615,591,743,633,0.496,479.7,True,PTN10BY3974,0.828,TN10BY3974,accepted,168.4
991,36,auto,1451,288,1919,990,1640,587,1751,657,0.261,479.7,True,TN03D9766,0.975,TN03D9766,accepted,201.5
992,38,car,499,316,1063,714,578,600,712,645,0.629,484.3,True,TN10BY3974,0.896,TN10BY3974,accepted,173.0
993,38,car,460,313,1054,727,539,610,676,656,0.482,497.9,True,PTN10BV3974,0.839,TN10BV3974,accepted,155.5
994,38,car,416,311,1040,740,500,622,640,670,0.580,510.0,True,FIN10BY3974,0.843,TN10BY3974,accepted,170.0
995,38,car,369,309,1028,764,449,636,595,683,0.585,475.3,True,FTN10BV3974,0.861,TN10BV3974,accepted,176.0
996,38,car,317,307,1016,783,398,650,550,701,0.636,484.7,True,TN10BV3974,0.873,TN10BV3974,accepted,171.6
997,38,car,256,303,997,799,340,666,496,720,0.661,479.5,True,FTM10BV3974,0.871,TN10BV3974,accepted,175.2
998,38,car,194,299,981,828,274,685,438,741,0.670,461.3,True,FTM10BV3974,0.837,TN10BV3974,accepted,181.5
999,38,car,128,300,962,856,199,704,375,766,0.668,481.4,True,TM10BY3974,0.853,TN10BY3974,accepted,179.4
1000,38,car,43,298,946,888,122,731,296,791,0.740,485.5,True,TM10B13974,0.884,TN10BI3974,accepted,174.8
1001,38,car,0,298,922,934,22,760,210,827,0.747,483.9,True,10813974,0.913,,rejected,164.7
1013,36,auto,1449,287,1920,992,1646,587,1759,658,0.305,663.1,True,TN03D9766,0.977,TN03D9766,accepted,192.5
1014,41,car,1050,342,1203,459,1086,414,1124,432,0.299,485.0,True,,,,no_text,61.0
1015,41,car,1045,344,1199,460,1083,415,1124,433,0.374,487.3,True,,,,no_text,60.0
1016,41,car,1041,345,1197,461,1079,416,1119,434,0.379,490.8,True,,,,no_text,57.1
1017,41,car,1035,345,1195,463,1074,417,1114,434,0.296,485.9,True,,,,no_text,63.4
1017,36,auto,1453,287,1919,992,1646,586,1759,658,0.252,485.9,True,TN03D9766,0.979,TN03D9766,accepted,212.9
1018,41,car,1029,343,1193,465,1066,416,1109,435,0.390,491.4,True,,,,no_text,59.2
1018,36,auto,1454,286,1920,991,1646,585,1760,657,0.273,491.4,True,TN03D9766,0.987,TN03D9766,accepted,210.1
1019,41,car,1021,343,1187,463,1064,416,1102,434,0.328,477.5,True,,,,no_text,59.4
1020,41,car,1013,342,1181,468,1055,419,1095,437,0.369,484.9,True,,,,no_text,60.4
1020,36,auto,1452,287,1920,991,1644,585,1761,660,0.283,484.9,True,TN03D9766,0.984,TN03D9766,accepted,212.0
1021,41,car,1008,339,1179,470,1045,421,1091,441,0.454,478.4,True,,,,no_text,65.1
1021,36,auto,1453,286,1919,991,1649,587,1758,656,0.261,478.4,True,TN03D9766,0.979,TN03D9766,accepted,212.1
1022,41,car,999,342,1174,472,1039,422,1087,441,0.508,480.5,True,,,,no_text,65.6
1023,41,car,994,343,1172,474,1033,424,1084,444,0.516,487.7,True,,,,no_text,166.5
1024,41,car,987,341,1170,475,1029,425,1074,445,0.484,484.0,True,,,,no_text,163.7
1024,36,auto,1456,288,1920,990,1648,587,1758,657,0.341,484.0,True,TN03D9766,0.989,TN03D9766,accepted,257.6
1025,41,car,978,342,1165,478,1018,427,1067,447,0.605,469.6,True,SEPE,0.552,,rejected,167.4
1026,41,car,968,342,1157,481,1011,429,1063,449,0.546,510.4,True,,,,no_text,64.9
1026,36,auto,1456,288,1919,991,1646,588,1760,658,0.282,510.4,True,TN03D9766,0.981,TN03D9766,accepted,254.2
1027,41,car,964,342,1155,481,1009,431,1054,449,0.379,472.6,True,,,,no_text,170.6
1028,41,car,956,340,1150,484,999,431,1046,450,0.447,486.1,True,,,,no_text,65.6
1028,36,auto,1456,287,1919,990,1644,585,1760,658,0.291,486.1,True,TN03D9766,0.983,TN03D9766,accepted,260.3
1029,41,car,949,340,1148,487,992,431,1043,453,0.325,476.4,True,,,,no_text,162.2
1029,36,auto,1456,287,1919,991,1642,585,1762,659,0.307,476.4,True,TN03D9766,0.979,TN03D9766,accepted,253.9
1029,36,auto,1456,287,1919,991,1639,582,1763,691,0.270,476.4,True,TN03D9766,0.954,TN03D9766,accepted,200.4
1030,41,car,941,342,1145,489,982,435,1037,456,0.371,474.1,True,,,,no_text,170.0
1030,36,auto,1455,289,1919,991,1646,587,1760,660,0.335,474.1,True,TN03D9766,0.970,TN03D9766,accepted,251.4
1031,41,car,932,341,1137,489,976,437,1026,457,0.335,470.0,True,,,,no_text,169.6
1032,41,car,925,341,1133,492,969,438,1023,458,0.325,477.2,True,,,,no_text,168.3
1032,36,auto,1457,290,1920,990,1646,586,1760,658,0.323,477.2,True,TN03D9766,0.988,TN03D9766,accepted,255.5
1033,41,car,914,342,1128,495,959,439,1015,462,0.280,478.4,True,,,,no_text,168.5
1034,41,car,906,341,1125,497,951,439,1006,462,0.462,493.2,True,,,,no_text,167.8
1034,36,auto,1457,290,1920,990,1646,586,1760,657,0.283,493.2,True,TN03D9766,0.978,TN03D9766,accepted,253.4
1034,42,van,1286,327,1410,486,1334,437,1367,456,0.251,493.2,True,,,,no_text,52.8
1035,41,car,897,342,1122,500,943,442,1000,464,0.462,488.3,True,,,,no_text,172.7
1035,36,auto,1458,292,1920,990,1645,586,1760,660,0.337,488.3,True,TN03D9766,0.987,TN03D9766,accepted,251.8
1036,41,car,888,341,1114,501,933,443,992,466,0.518,474.9,True,,,,no_text,170.7
1036,36,auto,1459,292,1920,990,1644,584,1760,658,0.323,474.9,True,TN03D9766,0.982,TN03D9766,accepted,203.7
1037,41,car,877,340,1107,503,922,446,982,467,0.458,478.9,True,,,,no_text,183.7
1038,41,car,870,341,1103,508,914,447,974,469,0.450,482.5,True,,,,no_text,169.0
1038,36,auto,1460,291,1920,989,1647,586,1759,657,0.310,482.5,True,TN03D9766,0.980,TN03D9766,accepted,199.9
1039,41,car,858,341,1098,511,905,449,964,472,0.482,484.5,True,,,,no_text,165.1
1039,36,auto,1459,292,1920,990,1645,586,1760,660,0.310,484.5,True,TN03D9766,0.980,TN03D9766,accepted,251.4
1039,36,auto,1459,292,1920,990,1642,586,1760,694,0.264,484.5,True,TN03D9766,0.971,TN03D9766,accepted,198.1
1040,41,car,846,339,1092,513,896,450,955,473,0.480,469.2,True,,,,no_text,171.3
1041,41,car,833,339,1085,517,884,453,945,474,0.558,519.7,True,N,0.806,,rejected,186.4
1042,41,car,823,340,1081,519,872,455,936,478,0.498,484.7,True,T,0.639,,rejected,168.3
1042,36,auto,1459,293,1920,990,1645,586,1760,660,0.320,484.7,True,TN03D9766,0.981,TN03D9766,accepted,205.8
1042,42,car,1286,322,1417,494,1347,439,1381,460,0.262,484.7,True,,,,no_text,52.8
1043,41,car,810,339,1077,521,862,455,924,478,0.371,524.8,True,,,,no_text,163.4
1044,41,car,798,337,1071,524,849,458,914,482,0.338,492.8,True,,,,no_text,174.7
1045,41,car,782,337,1061,526,837,462,903,485,0.355,467.8,True,,,,no_text,187.7
1046,41,car,771,338,1057,533,825,464,892,489,0.430,494.7,True,,,,no_text,165.8
1046,36,auto,1458,291,1920,990,1647,587,1758,657,0.278,494.7,True,TN03D9766,0.975,TN03D9766,accepted,263.2
1047,41,car,756,338,1051,541,807,468,879,492,0.430,471.3,True,34,0.563,,rejected,170.7
1047,36,auto,1459,293,1919,989,1646,587,1758,657,0.260,471.3,True,TN03D9766,0.989,TN03D9766,accepted,203.8
1048,41,car,739,336,1044,544,791,469,865,495,0.347,474.6,True,N73734,0.545,,rejected,168.7
1048,36,auto,1459,291,1920,989,1647,585,1759,657,0.252,474.6,True,TN03D9766,0.989,TN03D9766,accepted,201.4
1049,41,car,723,336,1034,548,778,471,850,498,0.362,448.4,True,,,,no_text,179.9
1049,36,auto,1459,292,1920,989,1645,584,1760,657,0.285,448.4,True,TN03D9766,0.980,TN03D9766,accepted,206.2
1050,41,car,706,336,1029,552,760,474,834,500,0.302,484.0,True,735,0.793,,rejected,169.2
1051,41,car,684,336,1019,556,741,480,819,506,0.333,468.5,True,N073736,0.696,,rejected,171.6
1051,36,auto,1460,292,1919,989,1644,583,1760,659,0.282,468.5,True,TN03D9766,0.976,TN03D9766,accepted,202.4
1052,41,car,668,337,1012,562,725,482,805,511,0.287,472.6,True,IN07E3736,0.757,TN07E3736,accepted,171.1
1052,36,auto,1459,293,1919,989,1647,587,1760,657,0.256,472.6,True,TN03D9766,0.977,TN03D9766,accepted,204.8
1053,41,car,650,336,1004,567,706,486,787,516,0.342,486.3,True,TN07EN3735,0.758,TN07EN3735,accepted,171.6
1054,41,car,629,336,991,571,683,491,770,519,0.391,473.5,True,TN073735,0.773,TN073735,accepted,172.8
1054,36,auto,1460,291,1919,990,1644,584,1760,659,0.322,473.5,True,TN03D9766,0.980,TN03D9766,accepted,216.1
1055,42,unknown,,,,,1384,445,1422,465,0.349,473.5,True,,,,no_text,53.4
1055,41,car,585,336,973,586,640,499,726,528,0.320,473.5,True,TN07E3736,0.854,TN07E3736,accepted,203.6
1055,36,auto,1463,292,1920,989,1645,585,1760,658,0.283,473.5,True,TN03D9766,0.965,TN03D9766,accepted,203.4
1056,41,car,556,335,961,594,612,505,707,537,0.274,483.8,True,N073736,0.835,,rejected,170.4
1056,36,auto,1463,291,1920,990,1645,584,1760,658,0.264,483.8,True,TN03D9766,0.983,TN03D9766,accepted,198.8
1056,42,unknown,,,,,1388,445,1429,468,0.254,483.8,True,,,,no_text,56.3
1057,41,car,502,334,940,607,559,513,658,550,0.257,491.0,True,N073736,0.859,,rejected,167.4
1058,36,auto,1463,293,1919,990,1645,586,1760,659,0.307,498.8,True,TN03D9766,0.976,TN03D9766,accepted,194.2
1058,41,car,468,333,929,617,530,520,628,553,0.265,498.8,True,TN073736,0.870,TN073736,accepted,176.8
1059,43,unknown,,,,,1038,464,1078,485,0.308,502.5,True,,,,no_text,55.0
1059,36,auto,1464,292,1919,990,1645,586,1761,658,0.285,502.5,True,TN03D9766,0.983,TN03D9766,accepted,208.5
1059,41,car,438,332,915,623,499,524,600,561,0.282,502.5,True,TN07E3736,0.825,TN07E3736,accepted,174.9
1059,42,van,1308,324,1472,509,1402,448,1443,470,0.251,502.5,True,,,,no_text,62.6
1060,41,car,401,333,901,634,462,531,568,567,0.410,489.2,True,IN073736,0.888,TN073736,accepted,172.0
1060,36,auto,1464,294,1919,990,1645,585,1760,660,0.302,489.2,True,TN03D9766,0.976,TN03D9766,accepted,199.3
1061,41,car,365,334,887,644,428,539,535,577,0.372,474.8,True,IN07EN3736,0.792,TN07EN3736,accepted,171.3
1061,42,auto,1311,326,1479,510,1410,449,1447,471,0.306,474.8,True,,,,no_text,60.0
1061,36,auto,1464,295,1919,991,1643,583,1762,665,0.262,474.8,True,TN03D9766,0.973,TN03D9766,accepted,203.5
1062,36,auto,1464,295,1919,990,1642,584,1763,664,0.342,480.2,True,TN03D9766,0.958,TN03D9766,accepted,189.5
1062,41,car,323,333,872,654,389,543,500,583,0.339,480.2,True,TN073736,0.894,TN073736,accepted,171.7
1062,36,auto,1464,295,1919,990,1639,583,1764,696,0.280,480.2,True,TN03D9766,0.962,TN03D9766,accepted,246.5
1063,43,auto,956,312,1157,551,992,473,1042,500,0.414,465.0,True,,,,no_text,53.6
1063,41,car,230,332,835,680,296,561,414,600,0.368,465.0,True,IN073736,0.852,TN073736,accepted,220.5
1064,41,car,177,332,819,692,245,572,366,612,0.367,505.8,True,TN073736,0.810,TN073736,accepted,171.2
1064,36,auto,1469,296,1919,991,1645,585,1758,659,0.290,505.8,True,TN03D9766,0.967,TN03D9766,accepted,201.1
1065,41,car,59,329,774,726,122,593,252,635,0.609,476.9,True,IN03796,0.606,,rejected,171.9
1065,36,auto,1470,296,1919,990,1646,586,1759,660,0.289,476.9,True,TN03D9766,0.980,TN03D9766,accepted,205.0
1066,41,car,0,328,750,750,51,606,183,649,0.559,482.2,True,1073096,0.633,,rejected,178.1
1067,41,car,0,326,726,767,0,622,111,666,0.684,551.2,True,,,,no_text,164.9
1067,36,auto,1467,297,1919,990,1643,584,1759,663,0.315,551.2,True,TN03D9766,0.985,TN03D9766,accepted,207.9
1067,43,auto,906,309,1132,580,943,497,993,520,0.261,551.2,True,,,,no_text,60.7
1068,41,car,0,328,703,785,0,637,30,687,0.403,484.1,True,,,,no_text,125.8
1068,36,auto,1467,297,1919,991,1643,583,1758,662,0.263,484.1,True,TN03D9766,0.960,TN03D9766,accepted,257.8
1069,36,auto,1465,297,1919,991,1644,587,1758,661,0.377,469.8,True,TN03D9766,0.979,TN03D9766,accepted,192.1
1070,36,auto,1464,297,1919,991,1646,588,1756,659,0.407,465.2,True,TN03D9766,0.983,TN03D9766,accepted,188.7
1071,36,auto,1463,296,1919,992,1643,588,1757,662,0.421,465.0,True,TN03D9766,0.969,TN03D9766,accepted,231.2
1072,36,auto,1466,297,1919,992,1645,588,1756,660,0.452,470.8,True,TN03D9766,0.977,TN03D9766,accepted,186.8
1073,36,auto,1462,296,1919,993,1643,589,1756,665,0.393,466.3,True,TN03D9766,0.982,TN03D9766,accepted,234.2
1074,36,auto,1465,296,1920,992,1643,585,1758,663,0.336,474.1,True,TN03D9766,0.975,TN03D9766,accepted,188.9
1075,36,auto,1464,297,1919,993,1643,587,1757,663,0.409,469.3,True,TN03D9766,0.975,TN03D9766,accepted,187.8
1076,36,auto,1463,297,1920,992,1643,585,1757,662,0.316,460.2,True,TN03D9766,0.977,TN03D9766,accepted,190.4
1077,36,auto,1464,298,1919,992,1643,587,1757,662,0.385,466.6,True,TN03D9766,0.982,TN03D9766,accepted,195.1
1078,36,auto,1462,297,1920,992,1642,586,1757,663,0.341,468.2,True,TN03D9766,0.975,TN03D9766,accepted,186.9
1079,36,auto,1464,298,1919,994,1643,587,1755,661,0.334,468.6,True,TN03D9766,0.987,TN03D9766,accepted,193.9
1080,36,auto,1464,298,1919,993,1643,586,1756,661,0.363,468.5,True,TN03D9766,0.991,TN03D9766,accepted,189.7
1081,36,auto,1462,296,1919,992,1643,587,1756,665,0.375,469.2,True,TN03D9766,0.984,TN03D9766,accepted,184.3
1082,36,auto,1458,296,1919,993,1642,587,1756,663,0.321,473.3,True,TN03D9766,0.988,TN03D9766,accepted,184.6
1083,36,auto,1457,296,1919,992,1642,587,1756,663,0.379,471.3,True,TN03D9766,0.982,TN03D9766,accepted,188.7
1084,36,auto,1455,296,1919,993,1642,587,1756,665,0.293,467.2,True,TN03D9766,0.967,TN03D9766,accepted,185.5
1085,44,auto,373,253,918,866,392,530,428,568,0.360,478.4,True,,,,no_text,54.6
1085,36,auto,1450,296,1920,992,1643,585,1758,661,0.265,478.4,True,TN03D9766,0.971,TN03D9766,accepted,211.0
1086,36,auto,1450,296,1919,993,1644,587,1757,663,0.291,480.7,True,TN03D9766,0.973,TN03D9766,accepted,199.7
1087,36,auto,1448,296,1919,994,1641,587,1757,665,0.332,461.2,True,TN03D9766,0.978,TN03D9766,accepted,187.3
1088,36,auto,1455,296,1919,992,1645,587,1756,660,0.455,469.1,True,TN03D9766,0.971,TN03D9766,accepted,188.8
1089,36,auto,1456,295,1919,994,1643,587,1758,663,0.416,467.6,True,TN03D9766,0.983,TN03D9766,accepted,185.7
1090,36,auto,1454,295,1919,993,1644,589,1757,662,0.323,525.5,True,TN03D9766,0.977,TN03D9766,accepted,278.7
1091,36,auto,1450,293,1920,994,1649,588,1758,658,0.322,483.7,True,TN03D9766,0.984,TN03D9766,accepted,176.0
1092,36,auto,1452,294,1919,995,1648,588,1760,660,0.376,463.4,True,TN03D9766,0.987,TN03D9766,accepted,207.3
1092,45,auto,1452,294,1919,995,1716,761,1851,842,0.349,463.4,True,,,,no_text,56.8
1093,36,auto,1458,295,1919,994,1648,589,1759,660,0.395,483.9,True,TN03D9766,0.986,TN03D9766,accepted,190.4
1093,45,auto,1458,295,1919,994,1716,763,1850,841,0.309,483.9,True,,,,no_text,53.1
1094,36,auto,1455,294,1919,994,1649,589,1759,659,0.397,494.9,True,TN03D9766,0.984,TN03D9766,accepted,192.3
1094,45,auto,1455,294,1919,994,1717,769,1851,841,0.329,494.9,True,,,,no_text,52.9
1095,36,auto,1454,293,1919,994,1650,589,1758,657,0.328,474.8,True,TN03D9766,0.980,TN03D9766,accepted,188.3
1096,45,auto,1450,294,1919,996,1716,763,1850,842,0.402,463.1,True,,,,no_text,47.5
1096,36,auto,1450,294,1919,996,1649,588,1760,662,0.392,463.1,True,TN03D9766,0.983,TN03D9766,accepted,207.7
1099,36,auto,1446,295,1919,995,1648,586,1759,660,0.295,467.5,True,TN03D9766,0.990,TN03D9766,accepted,233.0
1100,36,auto,1441,296,1919,996,1646,586,1759,663,0.435,460.8,True,TN03D9766,0.984,TN03D9766,accepted,238.8
1101,36,auto,1442,295,1919,996,1646,586,1760,663,0.404,467.9,True,TN03D9766,0.983,TN03D9766,accepted,230.9
1102,36,auto,1445,295,1919,996,1646,590,1760,665,0.537,466.5,True,TN03D9766,0.980,TN03D9766,accepted,192.6
1102,45,auto,1445,295,1919,996,1717,767,1851,841,0.398,466.5,True,,,,no_text,54.8
1103,36,auto,1449,294,1919,997,1647,590,1759,666,0.534,485.1,True,TN03D9766,0.972,TN03D9766,accepted,193.2
1103,45,auto,1449,294,1919,997,1718,768,1851,842,0.338,485.1,True,,,,no_text,53.3
1104,36,auto,1448,295,1919,998,1649,592,1759,660,0.465,479.7,True,TN03D9766,0.977,TN03D9766,accepted,194.3
1104,45,auto,1448,295,1919,998,1717,766,1850,841,0.415,479.7,True,,,,no_text,56.3
1105,36,auto,1444,294,1919,995,1649,587,1759,658,0.306,482.6,True,TN03D9766,0.973,TN03D9766,accepted,190.7
1106,36,auto,1438,293,1919,997,1646,587,1758,662,0.443,477.3,True,TN03D9766,0.983,TN03D9766,accepted,232.8
1107,36,auto,1448,295,1919,999,1648,593,1758,661,0.412,475.7,True,TN03D9766,0.985,TN03D9766,accepted,211.4
1107,45,auto,1448,295,1919,999,1717,767,1851,842,0.313,475.7,True,,,,no_text,55.3
1109,36,auto,1455,292,1919,998,1647,586,1760,662,0.469,467.6,True,TN03D9766,0.978,TN03D9766,accepted,240.8
1109,45,auto,1455,292,1919,998,1719,772,1850,842,0.279,467.6,True,,,,no_text,54.2
1110,36,auto,1459,293,1919,996,1648,587,1759,659,0.316,476.2,True,TN03D9766,0.970,TN03D9766,accepted,192.1
1111,36,auto,1458,292,1919,999,1647,591,1756,662,0.422,471.8,True,TN03D9766,0.978,TN03D9766,accepted,186.4
1112,36,auto,1461,294,1920,996,1645,586,1758,663,0.416,477.5,True,TN03D9766,0.989,TN03D9766,accepted,232.4
1113,36,auto,1460,294,1919,995,1643,587,1759,663,0.350,472.4,True,TN03D9766,0.981,TN03D9766,accepted,188.8
1114,36,auto,1460,294,1919,995,1644,587,1759,662,0.372,477.1,True,TN03D9766,0.980,TN03D9766,accepted,187.8
1115,36,auto,1459,294,1919,995,1644,587,1759,662,0.378,457.9,True,TN03D9766,0.971,TN03D9766,accepted,190.5
1116,36,auto,1462,294,1919,996,1642,587,1760,667,0.470,468.2,True,TN03D9766,0.970,TN03D9766,accepted,189.8
1116,45,auto,1462,294,1919,996,1714,766,1847,840,0.285,468.2,True,,,,no_text,56.1
1117,36,auto,1461,294,1919,996,1645,586,1758,661,0.329,474.6,True,TN03D9766,0.988,TN03D9766,accepted,193.3
1118,36,auto,1464,296,1919,995,1644,587,1758,663,0.420,480.8,True,TN03D9766,0.984,TN03D9766,accepted,204.6
1119,36,auto,1461,293,1919,995,1645,588,1757,660,0.257,472.5,True,TN03D9766,0.980,TN03D9766,accepted,186.9
1120,36,auto,1461,295,1919,997,1645,591,1758,662,0.370,466.6,True,TN03D9766,0.980,TN03D9766,accepted,190.2
1122,36,auto,1457,296,1919,994,1645,588,1755,661,0.302,477.7,True,TN03D9766,0.986,TN03D9766,accepted,193.5
1123,36,auto,1461,295,1919,995,1642,587,1757,665,0.462,485.5,True,TN03D9766,0.988,TN03D9766,accepted,189.3
1125,36,auto,1455,295,1919,996,1643,588,1754,661,0.315,461.0,True,TN03D9766,0.971,TN03D9766,accepted,186.3
1126,36,auto,1454,294,1919,998,1643,591,1752,662,0.258,465.9,True,TN03D9766,0.982,TN03D9766,accepted,186.2
1127,36,auto,1453,294,1919,995,1641,586,1758,665,0.343,468.4,True,TN03D9766,0.982,TN03D9766,accepted,232.3
1128,36,auto,1449,293,1919,996,1638,588,1753,663,0.393,467.4,True,TN03D9766,0.981,TN03D9766,accepted,186.7
1128,46,car,1091,346,1241,457,1127,416,1162,433,0.275,467.4,True,,,,no_text,58.7
1129,36,auto,1446,295,1919,997,1638,590,1749,663,0.408,477.9,True,TN03D9766,0.981,TN03D9766,accepted,190.7
1129,46,car,1086,349,1235,459,1115,417,1157,434,0.274,477.9,True,,,,no_text,66.6
1130,46,car,1083,348,1233,459,1118,415,1153,432,0.284,487.8,True,,,,no_text,55.9
1131,36,auto,1445,294,1919,995,1636,588,1754,670,0.532,489.3,True,TN03D9766,0.971,TN03D9766,accepted,190.4
1132,36,auto,1447,294,1919,994,1638,585,1756,671,0.315,468.2,True,TN03D9766,0.982,TN03D9766,accepted,231.3
1133,36,auto,1446,294,1919,994,1637,583,1758,673,0.525,469.4,True,TN03D9766,0.985,TN03D9766,accepted,185.2
1133,36,auto,1446,294,1919,994,1629,580,1763,717,0.274,469.4,True,TN03D9766,0.960,TN03D9766,accepted,228.8
1134,36,auto,1440,295,1919,993,1632,590,1749,669,0.276,474.9,True,TN03D9766,0.981,TN03D9766,accepted,276.8
1136,36,auto,1440,298,1920,992,1632,589,1743,658,0.310,478.4,True,TN03D9766,0.975,TN03D9766,accepted,190.2
1136,46,car,1050,346,1216,468,1089,420,1128,437,0.273,478.4,True,,,,no_text,61.8
1138,46,car,1040,346,1207,470,1079,421,1119,439,0.309,479.2,True,,,,no_text,58.9
1139,36,auto,1438,299,1920,992,1628,589,1735,658,0.310,476.7,True,TN03D9766,0.987,TN03D9766,accepted,193.1
1139,46,car,1033,347,1202,472,1072,424,1117,441,0.270,476.7,True,,,,no_text,178.2
1140,36,auto,1439,299,1920,992,1627,588,1733,659,0.391,476.3,True,TN03D9766,0.975,TN03D9766,accepted,191.6
1140,46,car,1007,346,1186,479,1046,427,1091,445,0.388,476.3,True,,,,no_text,70.0
1141,36,auto,1440,298,1919,992,1626,589,1733,660,0.449,481.6,True,TN03D9766,0.977,TN03D9766,accepted,188.8
1141,46,car,1000,346,1184,480,1043,428,1086,444,0.258,481.6,True,,,,no_text,70.7
1142,46,car,994,346,1179,480,1035,430,1082,446,0.304,478.4,True,,,,no_text,180.9
1142,36,auto,1439,299,1920,991,1626,588,1731,658,0.254,478.4,True,TN03D9766,0.970,TN03D9766,accepted,243.4
1143,46,car,985,346,1175,482,1031,431,1078,450,0.425,467.5,True,,,,no_text,165.5
1143,36,auto,1437,299,1920,991,1622,588,1729,661,0.361,467.5,True,TN03D9766,0.979,TN03D9766,accepted,203.6
1144,36,auto,1437,298,1920,991,1622,587,1730,662,0.512,473.1,True,TN03D9766,0.987,TN03D9766,accepted,232.9
1144,46,car,980,347,1172,484,1027,431,1070,450,0.265,473.1,True,,,,no_text,169.8
1145,36,auto,1438,299,1920,992,1626,587,1731,658,0.439,476.5,True,TN03D9766,0.969,TN03D9766,accepted,234.4
1145,46,car,973,347,1169,488,1019,431,1067,452,0.256,476.5,True,,,,no_text,63.8
1146,36,auto,1438,298,1920,990,1625,590,1733,659,0.515,495.9,True,TN03D9766,0.982,TN03D9766,accepted,236.8
1147,36,auto,1440,299,1920,991,1624,588,1735,664,0.496,495.5,True,TN03D9766,0.970,TN03D9766,accepted,186.1
1148,36,auto,1440,299,1920,991,1624,587,1734,663,0.560,474.5,True,TN03D9766,0.986,TN03D9766,accepted,234.5
1149,36,auto,1440,299,1920,992,1624,588,1733,662,0.560,467.6,True,TN03D9766,0.988,TN03D9766,accepted,189.9
1149,46,car,947,347,1154,495,993,440,1045,459,0.304,467.6,True,,,,no_text,179.1
1150,36,auto,1440,299,1920,991,1625,587,1732,658,0.341,480.9,True,TN03D9766,0.989,TN03D9766,accepted,193.6
1150,46,car,940,343,1150,496,984,440,1040,459,0.312,480.9,True,,,,no_text,181.9
1151,36,auto,1441,300,1920,991,1627,589,1732,659,0.401,476.9,True,TN03D9766,0.976,TN03D9766,accepted,187.6
1152,36,auto,1442,298,1920,991,1624,588,1732,662,0.467,476.4,True,TN03D9766,0.983,TN03D9766,accepted,187.5
1153,36,auto,1443,298,1920,991,1624,588,1732,662,0.398,468.7,True,TN03D9766,0.984,TN03D9766,accepted,193.8
1154,36,auto,1442,298,1920,991,1624,587,1733,659,0.449,486.2,True,TN03D9766,0.986,TN03D9766,accepted,195.8
1155,36,auto,1442,299,1919,992,1626,588,1732,658,0.415,491.3,True,TN03D9766,0.978,TN03D9766,accepted,246.5
1155,46,car,894,344,1129,509,943,449,1002,472,0.319,491.3,True,51812,0.582,,rejected,170.5
1156,46,car,882,343,1125,513,932,450,994,473,0.544,480.5,True,,,,no_text,172.3
1156,36,auto,1442,297,1919,992,1625,589,1735,664,0.425,480.5,True,TN03D9766,0.980,TN03D9766,accepted,200.3
1157,36,auto,1439,298,1920,990,1621,587,1732,659,0.464,472.0,True,TN03D9766,0.976,TN03D9766,accepted,235.1
1157,46,car,825,339,1095,528,878,462,944,484,0.346,472.0,True,STM0SCS1012,0.651,TN05CS1012,accepted,181.3
1158,46,car,809,338,1087,530,864,463,933,484,0.349,466.1,True,STNO9CS1812,0.708,TN09CS1812,accepted,194.6
1158,36,auto,1438,296,1920,990,1624,587,1732,658,0.277,466.1,True,TN03D9766,0.978,TN03D9766,accepted,206.7
1159,46,car,796,339,1081,536,853,465,922,491,0.400,471.7,True,FTHO3CSTR12,0.638,,rejected,172.4
1160,46,car,778,340,1076,544,837,467,909,494,0.380,474.2,True,TN03CS1812,0.767,TN03CS1812,accepted,173.3
1160,36,auto,1438,298,1920,992,1624,586,1731,660,0.326,474.2,True,TN03D9766,0.983,TN03D9766,accepted,248.8
1161,36,auto,1439,298,1920,992,1621,587,1732,663,0.491,482.4,True,TN03D9766,0.964,TN03D9766,accepted,231.4
1161,46,car,767,339,1071,548,825,473,900,499,0.400,482.4,True,ETN03CS1812,0.822,TN03CS1812,accepted,192.7
1162,36,auto,1438,299,1920,992,1623,586,1731,660,0.361,503.3,True,TN03D9766,0.986,TN03D9766,accepted,237.6
1162,46,car,751,337,1061,552,809,474,886,501,0.335,503.3,True,TN09CS1812,0.836,TN09CS1812,accepted,186.0
1163,36,auto,1438,299,1920,993,1621,590,1732,663,0.475,490.8,True,TN03D9766,0.982,TN03D9766,accepted,195.1
1163,47,car,1132,332,1304,497,1181,439,1234,458,0.321,490.8,True,,,,no_text,178.3
1164,47,car,1125,332,1303,499,1174,438,1230,458,0.350,485.2,True,,,,no_text,174.2
1165,36,auto,1440,299,1920,991,1621,589,1732,662,0.589,481.7,True,TN03D9766,0.985,TN03D9766,accepted,191.2
1165,47,car,1122,332,1303,502,1172,441,1229,462,0.388,481.7,True,,,,no_text,178.4
1165,46,car,695,338,1038,568,759,487,838,514,0.260,481.7,True,ETN03CS1812,0.859,TN03CS1812,accepted,196.3
1166,36,auto,1439,299,1920,991,1621,587,1733,662,0.559,481.8,True,TN03D9766,0.973,TN03D9766,accepted,242.2
1166,47,car,1116,332,1302,504,1169,443,1227,463,0.373,481.8,True,,,,no_text,184.9
1166,46,car,678,337,1033,573,740,491,822,519,0.262,481.8,True,ETN09CS1812,0.884,TN09CS1812,accepted,194.5
1167,36,auto,1439,299,1920,991,1621,587,1731,662,0.484,478.1,True,TN03D9766,0.984,TN03D9766,accepted,242.6
1167,47,car,1113,332,1301,507,1162,445,1222,466,0.434,478.1,True,,,,no_text,172.2
1167,46,car,656,337,1025,579,718,494,806,525,0.268,478.1,True,ETN09CS1012,0.848,TN09CS1012,accepted,193.1
1168,36,auto,1437,299,1920,991,1622,587,1732,660,0.477,486.6,True,TN03D9766,0.987,TN03D9766,accepted,185.8
1168,47,car,1107,333,1300,511,1161,446,1219,468,0.385,486.6,True,,,,no_text,171.4
1169,36,auto,1439,299,1920,991,1620,586,1733,666,0.538,485.1,True,TN03D9766,0.987,TN03D9766,accepted,189.8
1169,47,car,1095,331,1295,517,1149,448,1212,471,0.476,485.1,True,,,,no_text,171.9
1170,47,car,1087,330,1292,522,1144,449,1208,473,0.528,487.3,True,,,,no_text,177.0
1170,36,auto,1438,299,1920,990,1622,587,1731,662,0.462,487.3,True,TN03D9766,0.969,TN03D9766,accepted,247.7
1170,46,car,560,333,987,610,629,514,723,548,0.259,487.3,True,STN09CS1812,0.929,TN09CS1812,accepted,174.9
1171,47,car,1080,331,1292,525,1138,449,1204,474,0.569,493.5,True,,,,no_text,167.1
1171,36,auto,1438,299,1920,991,1622,586,1732,659,0.348,493.5,True,TN03D9766,0.990,TN03D9766,accepted,206.3
1172,36,auto,1437,298,1920,993,1622,590,1732,664,0.588,517.7,True,TN03D9766,0.975,TN03D9766,accepted,195.8
1172,47,car,1074,332,1291,528,1135,454,1198,479,0.485,517.7,True,,,,no_text,173.7
1173,36,auto,1437,299,1920,991,1621,586,1732,664,0.490,475.7,True,TNO3D9766,0.937,TN03D9766,accepted,236.2
1173,47,car,1068,329,1289,532,1130,458,1193,481,0.483,475.7,True,ATMOSCRARSN,0.635,,rejected,178.2
1173,46,car,472,331,955,635,536,532,640,568,0.321,475.7,True,FTN09CS1812,0.885,TN09CS1812,accepted,187.6
1174,36,auto,1436,298,1920,992,1622,589,1732,663,0.608,483.8,True,TN03D9766,0.981,TN03D9766,accepted,193.7
1174,47,car,1060,329,1289,539,1121,461,1190,484,0.491,483.8,True,AEN05024330,0.543,,rejected,178.1
1174,46,car,433,330,940,645,503,542,610,578,0.273,483.8,True,FTM09CS1812,0.886,TN09CS1812,accepted,191.3
1175,36,auto,1436,299,1920,992,1621,590,1731,664,0.601,477.5,True,TN03D9766,0.965,TN03D9766,accepted,189.3
1175,47,car,1045,329,1284,547,1110,466,1181,493,0.578,477.5,True,ETNDSOB4397,0.533,,rejected,172.9
1175,46,car,352,328,916,672,426,558,538,598,0.429,477.5,True,FTN09CS1812,0.912,TN09CS1812,accepted,189.5
1176,47,car,1036,328,1280,552,1102,470,1176,495,0.561,469.7,True,FIN05084397,0.664,TN05OB4397,accepted,173.9
1176,36,auto,1436,300,1920,991,1621,589,1731,664,0.560,469.7,True,TN03D9766,0.986,TN03D9766,accepted,199.4
1176,46,car,307,329,903,684,380,565,498,606,0.304,469.7,True,FTN09CS1812,0.895,TN09CS1812,accepted,178.2
1177,47,car,1026,327,1277,556,1094,472,1169,498,0.599,482.6,True,ETNO508439E,0.752,,rejected,169.7
1177,36,auto,1437,300,1920,991,1622,588,1731,660,0.538,482.6,True,TN03D9766,0.992,TN03D9766,accepted,205.7
1177,46,car,257,328,883,694,331,576,451,615,0.474,482.6,True,FTN09CS1812,0.891,TN09CS1812,accepted,180.9
1178,47,car,999,323,1272,569,1070,482,1152,509,0.547,487.1,True,FTNO5084398,0.793,TN05OB4398,accepted,174.5
1178,46,car,75,321,824,752,154,610,289,657,0.486,487.1,True,FTH09CS1812,0.843,TN09CS1812,accepted,188.7
1178,36,auto,1439,299,1920,992,1625,587,1731,659,0.424,487.1,True,TN03D9766,0.966,TN03D9766,accepted,200.2
1179,46,car,6,324,802,772,77,628,220,674,0.684,473.2,True,FTH09CS1812,0.909,TN09CS1812,accepted,169.7
1179,36,auto,1438,300,1920,992,1625,587,1731,660,0.523,473.2,True,TN03D9766,0.981,TN03D9766,accepted,247.0
1179,47,car,986,322,1272,577,1058,485,1143,516,0.513,473.2,True,TNO5084398,0.862,TN05OB4398,accepted,175.1
1180,46,car,1,323,776,790,1,647,141,695,0.767,483.7,True,TH09CS1812,0.900,TN09CS1812,accepted,173.5
1180,47,car,974,322,1266,584,1047,489,1136,520,0.584,483.7,True,FTNO5084398,0.798,TN05OB4398,accepted,190.9
1180,36,auto,1439,299,1920,992,1624,587,1732,662,0.494,483.7,True,TN03D9766,0.985,TN03D9766,accepted,250.2
1181,46,car,0,319,751,825,0,665,54,724,0.697,470.1,True,812,0.826,,rejected,165.2
1181,47,car,962,322,1263,592,1038,493,1128,524,0.626,470.1,True,ETNO5D84398,0.819,TN05DB4398,accepted,211.1
1181,36,auto,1440,299,1920,992,1626,586,1733,659,0.447,470.1,True,TN03D9766,0.969,TN03D9766,accepted,242.4
1182,47,car,947,322,1262,600,1025,498,1118,529,0.560,474.6,True,TN050B4398,0.899,TN05OB4398,accepted,174.4
1182,36,auto,1440,299,1920,992,1625,588,1732,661,0.540,474.6,True,TN03D9766,0.974,TN03D9766,accepted,253.2
1183,47,car,931,322,1258,610,1014,507,1108,536,0.642,513.4,True,STN050B4398,0.870,TN05OB4398,accepted,175.8
1183,36,auto,1440,299,1920,992,1626,590,1731,659,0.561,513.4,True,TN03D9766,0.983,TN03D9766,accepted,254.5
1184,47,car,917,320,1254,620,997,509,1097,542,0.568,591.4,True,TN050B4398,0.875,TN05OB4398,accepted,181.2
1184,36,auto,1440,299,1920,990,1625,586,1731,658,0.394,591.4,True,TN03D9766,0.968,TN03D9766,accepted,202.8
1185,36,auto,1439,299,1920,992,1623,589,1730,661,0.576,486.4,True,TN03D9766,0.973,TN03D9766,accepted,192.6
1185,47,car,879,318,1243,641,966,523,1070,557,0.574,486.4,True,PTNO50B4398,0.848,TN05OB4398,accepted,189.6
1186,47,car,860,317,1240,654,947,533,1060,568,0.610,511.9,True,FTN050B4398,0.871,TN05OB4398,accepted,177.2
1186,36,auto,1442,301,1920,990,1626,590,1731,660,0.582,511.9,True,TN03D9766,0.982,TN03D9766,accepted,259.6
1187,47,car,839,313,1235,665,929,540,1044,577,0.599,495.4,True,PTNO50B4398,0.812,TN05OB4398,accepted,188.2
1187,36,auto,1441,301,1920,990,1627,587,1732,659,0.489,495.4,True,TN03D9766,0.984,TN03D9766,accepted,210.7
1188,47,car,814,311,1233,676,909,549,1028,588,0.591,495.0,True,TN050B4398,0.916,TN05OB4398,accepted,169.5
1188,36,auto,1444,299,1920,989,1627,590,1733,659,0.389,495.0,True,TN03D9766,0.979,TN03D9766,accepted,200.0
1189,47,car,787,311,1226,692,886,560,1011,600,0.620,481.2,True,TH050B4398,0.845,TN05OB4398,accepted,157.2
1189,36,auto,1442,300,1920,989,1629,589,1731,657,0.381,481.2,True,TN03D9766,0.990,TN03D9766,accepted,199.9
1190,47,car,760,312,1218,708,857,572,989,612,0.656,486.1,True,TN05DB4398,0.857,TN05DB4398,accepted,178.7
1190,36,auto,1440,301,1920,990,1626,587,1731,659,0.530,486.1,True,TN03D9766,0.973,TN03D9766,accepted,188.8
1191,47,car,725,307,1214,723,831,581,965,624,0.675,489.7,True,PTN050B4398,0.906,TN05OB4398,accepted,167.1
1192,47,car,651,305,1199,767,761,605,911,654,0.662,491.5,True,TNO5DB4398,0.934,TN05DB4398,accepted,157.9
1192,36,auto,1444,300,1920,989,1627,589,1731,658,0.391,491.5,True,TN03D9766,0.988,TN03D9766,accepted,182.8
1193,47,car,602,304,1194,794,721,620,880,673,0.690,481.6,True,TN05DB4398,0.891,TN05DB4398,accepted,151.0
1194,47,car,550,297,1179,829,667,638,840,694,0.685,488.3,True,TN050B4398,0.900,TN05OB4398,accepted,152.7
1194,36,auto,1442,299,1920,989,1627,589,1730,657,0.286,488.3,True,TN03D9766,0.978,TN03D9766,accepted,193.5
1195,47,car,482,295,1162,865,610,661,794,718,0.663,519.3,True,TN05DB4398,0.859,TN05DB4398,accepted,162.1
1195,36,auto,1441,300,1920,988,1624,590,1730,658,0.533,519.3,True,TN03D9766,0.990,TN03D9766,accepted,197.2
1196,47,car,335,292,1148,954,467,723,681,789,0.682,566.1,True,TN05DB4398,0.906,TN05DB4398,accepted,165.0
1196,36,auto,1440,302,1920,992,1626,588,1728,657,0.506,566.1,True,TN03D9766,0.986,TN03D9766,accepted,249.1
1197,47,car,235,285,1132,1004,371,759,606,838,0.750,499.9,True,TN05DB4398,0.934,TN05DB4398,accepted,168.3
1197,36,auto,1440,301,1920,992,1626,587,1729,656,0.422,499.9,True,TN03D9766,0.988,TN03D9766,accepted,191.3
1198,47,car,111,275,1119,1074,253,805,511,900,0.723,472.5,True,PTN050B4398,0.842,TN05OB4398,accepted,169.3
1198,36,auto,1440,301,1920,990,1623,586,1730,658,0.381,472.5,True,TN03D9766,0.982,TN03D9766,accepted,204.4
1199,47,car,0,261,1107,1079,111,870,385,979,0.804,468.8,True,TH05DB4398,0.892,TN05DB4398,accepted,166.2
1199,36,auto,1440,300,1920,990,1624,587,1728,658,0.266,468.8,True,TN03D9766,0.983,TN03D9766,accepted,200.2
1201,36,auto,1439,301,1920,994,1626,590,1728,657,0.502,468.1,True,TN03D9766,0.982,TN03D9766,accepted,185.0
1202,36,auto,1438,300,1920,993,1623,590,1728,659,0.491,468.0,True,TN03D9766,0.987,TN03D9766,accepted,193.7
1203,36,auto,1438,299,1920,993,1621,591,1729,661,0.528,480.2,True,TN03D9766,0.990,TN03D9766,accepted,187.8
1204,36,auto,1436,300,1920,992,1624,590,1728,659,0.521,472.4,True,TN03D9766,0.988,TN03D9766,accepted,235.2
1205,36,auto,1436,299,1920,992,1623,590,1731,661,0.559,462.7,True,TN03D9766,0.987,TN03D9766,accepted,191.4
1206,36,auto,1435,298,1920,991,1621,588,1730,660,0.444,477.9,True,TN03D9766,0.979,TN03D9766,accepted,186.4
1207,36,auto,1436,297,1919,990,1619,587,1732,664,0.392,483.5,True,TN03D9766,0.983,TN03D9766,accepted,195.6
1208,36,auto,1435,299,1919,992,1620,589,1731,663,0.431,475.1,True,TN03D9766,0.990,TN03D9766,accepted,195.5
1208,48,auto,1435,299,1919,992,1692,767,1820,837,0.265,475.1,True,,,,no_text,57.2
1209,36,auto,1435,299,1920,991,1622,589,1731,661,0.507,478.2,True,TN03D9766,0.990,TN03D9766,accepted,196.2
1210,36,auto,1435,299,1920,993,1620,591,1731,662,0.563,473.7,True,TN03D9766,0.975,TN03D9766,accepted,189.8
1211,36,auto,1435,299,1920,991,1623,590,1730,660,0.533,483.7,True,TN03D9766,0.925,TN03D9766,accepted,189.7
1212,36,auto,1436,300,1920,995,1619,588,1732,665,0.444,472.1,True,TN03D9766,0.969,TN03D9766,accepted,187.6
1213,36,auto,1435,300,1920,994,1621,590,1730,661,0.491,472.0,True,TN03D9766,0.970,TN03D9766,accepted,185.5
1214,36,auto,1435,299,1920,994,1621,590,1731,662,0.528,477.1,True,TN03D9766,0.986,TN03D9766,accepted,191.5
1215,36,auto,1436,299,1920,994,1621,588,1733,663,0.560,479.0,True,TN03D9766,0.974,TN03D9766,accepted,192.0
1216,36,auto,1436,299,1920,993,1620,589,1732,663,0.560,481.0,True,TN03D9766,0.985,TN03D9766,accepted,190.7
1217,36,auto,1436,298,1920,994,1619,588,1730,662,0.403,515.2,True,TN03D9766,0.971,TN03D9766,accepted,252.7
1218,36,auto,1436,299,1920,994,1619,589,1732,664,0.564,555.0,True,TN03D9766,0.982,TN03D9766,accepted,202.7
1219,36,auto,1433,298,1920,993,1619,588,1728,663,0.357,542.2,True,TN03D9766,0.980,TN03D9766,accepted,185.0
1220,36,auto,1436,300,1920,994,1622,588,1731,662,0.492,530.3,True,TN03D9766,0.982,TN03D9766,accepted,183.0
1221,36,auto,1435,298,1920,995,1619,588,1733,664,0.412,567.0,True,TN03D9766,0.982,TN03D9766,accepted,208.6
1222,36,auto,1435,298,1920,995,1622,588,1732,663,0.483,678.6,True,TN03D9766,0.986,TN03D9766,accepted,224.2
1223,36,auto,1435,298,1919,995,1623,589,1730,662,0.356,738.4,True,TN03D9766,0.989,TN03D9766,accepted,250.3
1224,36,auto,1436,298,1920,995,1618,588,1734,667,0.577,526.4,True,TN03D9766,0.984,TN03D9766,accepted,189.7
1225,36,auto,1435,298,1920,994,1622,589,1730,661,0.406,480.3,True,TN03D9766,0.991,TN03D9766,accepted,183.5
1226,36,auto,1436,298,1920,995,1620,587,1730,662,0.357,482.0,True,TN03D9766,0.980,TN03D9766,accepted,187.0
1227,36,auto,1437,299,1920,994,1618,589,1732,665,0.547,483.3,True,TN03D9766,0.974,TN03D9766,accepted,192.1
1228,36,auto,1437,298,1920,994,1618,589,1733,665,0.492,475.7,True,TN03D9766,0.982,TN03D9766,accepted,192.7
1229,36,auto,1436,299,1920,994,1620,589,1731,663,0.518,477.5,True,TN03D9766,0.987,TN03D9766,accepted,199.2
1230,36,auto,1431,299,1920,994,1622,590,1730,662,0.512,484.7,True,TN03D9766,0.978,TN03D9766,accepted,189.1
1231,36,auto,1424,299,1920,995,1620,589,1732,663,0.462,473.2,True,TN03D9766,0.987,TN03D9766,accepted,185.2
1232,36,auto,1434,299,1919,992,1621,588,1729,661,0.474,477.0,True,TN03D9766,0.981,TN03D9766,accepted,238.2
1233,36,auto,1434,300,1920,993,1620,589,1730,663,0.541,483.8,True,TN03D9766,0.982,TN03D9766,accepted,189.5
1233,49,car,1193,351,1357,478,1233,426,1277,441,0.308,483.8,True,,,,no_text,218.6
1234,36,auto,1435,299,1920,994,1618,588,1733,666,0.583,473.7,True,TN03D9766,0.968,TN03D9766,accepted,190.2
1235,36,auto,1435,301,1920,995,1621,588,1732,664,0.570,500.0,True,TN03D9766,0.977,TN03D9766,accepted,237.8
1236,36,auto,1437,299,1920,992,1619,588,1730,664,0.588,471.9,True,TN03D9766,0.975,TN03D9766,accepted,246.9
1237,36,auto,1440,299,1920,993,1618,587,1730,666,0.574,479.1,True,TN03D9766,0.975,TN03D9766,accepted,232.9
1237,49,car,1175,350,1345,481,1215,429,1259,444,0.347,479.1,True,V,0.511,,rejected,177.0
1238,36,auto,1443,301,1920,993,1622,588,1730,663,0.505,499.5,True,TN03D9766,0.981,TN03D9766,accepted,235.8
1238,49,car,1172,351,1344,482,1213,430,1258,445,0.389,499.5,True,,,,no_text,75.3
1239,36,auto,1443,301,1920,991,1618,587,1730,663,0.546,489.0,True,TN03D9766,0.980,TN03D9766,accepted,242.1
1239,49,car,1165,350,1340,481,1210,427,1254,442,0.360,489.0,True,,,,no_text,80.9
1240,36,auto,1441,300,1920,992,1617,587,1728,663,0.585,487.0,True,TN03D9766,0.960,TN03D9766,accepted,221.6
1240,49,car,1161,350,1339,483,1205,430,1253,447,0.341,487.0,True,,,,no_text,73.0
1241,36,auto,1439,302,1920,993,1617,588,1726,664,0.645,492.6,True,TN03D9766,0.980,TN03D9766,accepted,240.7
1241,50,auto,1439,302,1920,993,1690,761,1816,838,0.292,492.6,True,,,,no_text,56.8
1241,49,car,1157,350,1343,482,1201,431,1247,447,0.255,492.6,True,,,,no_text,95.6
1242,36,auto,1443,303,1920,992,1619,589,1725,662,0.578,498.0,True,TN03D9766,0.979,TN03D9766,accepted,234.5
1242,50,auto,1443,303,1920,992,1689,760,1816,839,0.276,498.0,True,,,,no_text,51.3
1243,36,auto,1433,302,1920,992,1616,587,1728,663,0.649,496.8,True,TN03D9766,0.970,TN03D9766,accepted,230.2
1244,36,auto,1437,303,1920,992,1618,587,1728,665,0.458,473.1,True,TN03D9766,0.971,TN03D9766,accepted,231.1
1245,36,auto,1439,302,1920,992,1617,589,1726,661,0.623,457.0,True,TN03D9766,0.990,TN03D9766,accepted,193.0
1246,36,auto,1440,304,1920,991,1618,589,1725,662,0.544,487.7,True,TN03D9766,0.990,TN03D9766,accepted,236.0
1247,36,auto,1442,299,1919,992,1614,588,1726,668,0.648,477.9,True,TN03D9766,0.978,TN03D9766,accepted,190.0
1247,49,car,1126,342,1313,490,1173,439,1227,456,0.340,477.9,True,,,,no_text,183.3
1247,50,auto,1442,299,1919,992,1686,762,1812,837,0.295,477.9,True,,,,no_text,48.8
1248,36,auto,1441,303,1920,992,1616,587,1722,662,0.523,493.8,True,TN03D9766,0.976,TN03D9766,accepted,230.3
1248,49,car,1123,340,1315,493,1172,442,1225,457,0.354,493.8,True,,,,no_text,202.0
1249,36,auto,1439,304,1920,993,1616,584,1726,665,0.471,477.5,True,TN03D9766,0.963,TN03D9766,accepted,193.3
1249,49,motorcycle,1098,418,1455,708,1171,543,1221,576,0.333,477.5,True,,,,no_text,50.5
1249,50,auto,1439,304,1920,993,1686,762,1812,839,0.332,477.5,True,,,,no_text,67.7
1250,36,auto,1443,301,1919,993,1615,587,1726,664,0.630,494.2,True,TN03D9766,0.973,TN03D9766,accepted,238.8
1250,49,car,1105,340,1299,497,1152,443,1206,460,0.263,494.2,True,,,,no_text,104.3
1251,36,auto,1444,306,1920,993,1616,584,1724,662,0.331,502.5,True,TN03D9766,0.968,TN03D9766,accepted,188.5
1251,50,auto,1444,306,1920,993,1686,762,1813,839,0.329,502.5,True,,,,no_text,53.7
1251,49,car,1045,337,1180,464,1145,447,1191,464,0.295,502.5,True,,,,no_text,83.6
1251,49,motorcycle,1072,426,1452,718,1154,544,1198,578,0.254,502.5,True,,,,no_text,65.6
1252,36,auto,1447,301,1919,991,1617,586,1724,662,0.484,481.6,True,TN03D9766,0.976,TN03D9766,accepted,188.0
1253,50,auto,1438,304,1920,993,1685,759,1813,839,0.528,471.5,True,,,,no_text,52.2
1253,36,auto,1438,304,1920,993,1617,584,1727,663,0.456,471.5,True,TN03D9766,0.974,TN03D9766,accepted,207.3
1254,36,auto,1435,304,1920,993,1618,585,1727,662,0.523,492.0,True,TN03D9766,0.977,TN03D9766,accepted,207.8
1254,50,auto,1435,304,1920,993,1686,757,1813,840,0.482,492.0,True,,,,no_text,52.6
1255,36,auto,1434,302,1920,993,1619,587,1727,660,0.489,540.0,True,TN03D9766,0.982,TN03D9766,accepted,197.1
1256,36,auto,1433,302,1920,993,1619,590,1726,660,0.575,485.9,True,TN03D9766,0.974,TN03D9766,accepted,193.1
1257,36,auto,1434,303,1920,994,1620,588,1727,660,0.498,482.5,True,TN03D9766,0.981,TN03D9766,accepted,186.8
1258,36,auto,1434,303,1920,993,1619,591,1725,660,0.675,472.5,True,TN03D9766,0.977,TN03D9766,accepted,190.0
1259,36,auto,1434,301,1920,993,1619,591,1724,658,0.506,478.8,True,TN03D9766,0.972,TN03D9766,accepted,206.8
1260,36,auto,1433,302,1920,992,1620,587,1727,662,0.434,475.3,True,TN03D9766,0.986,TN03D9766,accepted,185.0
1261,36,auto,1435,301,1920,993,1619,591,1727,661,0.577,531.7,True,TN03D9766,0.987,TN03D9766,accepted,189.8
1261,51,motorcycle,931,431,1315,769,1008,566,1050,602,0.311,531.7,True,,,,no_text,57.4
1262,36,auto,1434,301,1920,993,1618,589,1729,663,0.571,483.2,True,TN03D9766,0.986,TN03D9766,accepted,191.2
1263,36,auto,1435,301,1920,993,1617,588,1728,663,0.646,470.0,True,TN03D9766,0.985,TN03D9766,accepted,235.6
1263,51,motorcycle,905,435,1295,781,984,568,1032,608,0.327,470.0,True,,,,no_text,42.1
1263,51,motorcycle,905,435,1295,781,962,567,1037,616,0.319,470.0,True,,,,no_text,59.5
1264,36,auto,1435,301,1920,994,1619,588,1729,663,0.467,487.7,True,TN03D9766,0.983,TN03D9766,accepted,236.3
1265,36,auto,1434,301,1920,993,1618,590,1728,663,0.601,482.0,True,TN03D9766,0.981,TN03D9766,accepted,236.5
1266,36,auto,1435,301,1920,994,1620,590,1725,661,0.501,468.9,True,TN03D9766,0.988,TN03D9766,accepted,237.0
1267,36,auto,1434,302,1920,993,1618,588,1726,663,0.631,489.7,True,TN03D9766,0.977,TN03D9766,accepted,236.4
1268,36,auto,1433,301,1919,995,1619,588,1730,663,0.538,467.2,True,TN03D9766,0.974,TN03D9766,accepted,197.3
1269,36,auto,1432,302,1919,994,1619,588,1726,660,0.465,477.8,True,TN03D9766,0.979,TN03D9766,accepted,190.4
1270,36,auto,1433,301,1920,995,1618,589,1727,661,0.647,478.6,True,TN03D9766,0.982,TN03D9766,accepted,247.6
1271,36,auto,1434,302,1920,993,1618,588,1727,663,0.592,536.6,True,TN03D9766,0.985,TN03D9766,accepted,242.6
1272,36,auto,1434,301,1920,994,1618,591,1727,662,0.678,463.1,True,TN03D9766,0.969,TN03D9766,accepted,184.8
1272,50,auto,1434,301,1920,994,1688,762,1815,837,0.268,463.1,True,,,,no_text,52.7
1273,36,auto,1434,302,1919,994,1618,590,1727,661,0.578,480.5,True,TN03D9766,0.971,TN03D9766,accepted,193.2
1274,36,auto,1435,301,1919,995,1618,588,1729,662,0.558,474.2,True,TN03D9766,0.981,TN03D9766,accepted,197.5
1275,36,auto,1436,300,1920,994,1618,587,1727,659,0.547,471.1,True,TN03D9766,0.977,TN03D9766,accepted,186.5
1275,50,auto,1436,300,1920,994,1690,758,1817,838,0.282,471.1,True,,,,no_text,51.3
1276,36,auto,1436,300,1919,993,1622,586,1727,657,0.268,475.4,True,TN03D9766,0.976,TN03D9766,accepted,188.3
1277,36,auto,1438,301,1920,994,1617,587,1726,660,0.571,477.7,True,TN03D9766,0.983,TN03D9766,accepted,191.6
1278,36,auto,1437,298,1920,992,1618,586,1726,658,0.358,474.7,True,TN03D9766,0.974,TN03D9766,accepted,190.7
1279,51,motorcycle,703,448,1081,991,789,631,910,693,0.552,473.6,True,,,,no_text,59.1
1279,36,auto,1437,299,1920,991,1618,587,1725,658,0.394,473.6,True,TN03D9766,0.981,TN03D9766,accepted,220.3
1280,36,auto,1438,299,1920,992,1618,587,1725,659,0.464,470.1,True,TN03D9766,0.985,TN03D9766,accepted,239.6
1280,51,motorcycle,696,462,1073,1006,775,639,901,697,0.278,470.1,True,TNO5AL3631,0.917,TN05AL3631,accepted,254.0
1281,36,auto,1438,299,1920,991,1618,587,1725,658,0.433,482.4,True,TN03D9766,0.980,TN03D9766,accepted,233.8
1281,51,motorcycle,682,459,1063,1024,765,648,894,710,0.287,482.4,True,TN05AT3631,0.957,TN05AT3631,accepted,165.8
1282,51,motorcycle,665,464,1051,1042,750,656,883,716,0.498,482.8,True,TN05AT3631,0.949,TN05AT3631,accepted,164.9
1282,36,auto,1437,299,1920,990,1618,586,1725,657,0.290,482.8,True,TN03D9766,0.975,TN03D9766,accepted,204.8
1283,51,motorcycle,658,463,1039,1070,743,673,876,726,0.592,482.5,True,TN05AT3631,0.979,TN05AT3631,accepted,161.9
1283,36,auto,1436,299,1920,991,1616,586,1727,661,0.515,482.5,True,TN03D9766,0.988,TN03D9766,accepted,210.6
1284,51,motorcycle,586,480,1005,1076,671,720,833,773,0.433,472.6,True,TN05AT3631,0.987,TN05AT3631,accepted,187.9
1284,36,auto,1437,300,1920,990,1616,588,1720,656,0.284,472.6,True,TN03D9766,0.978,TN03D9766,accepted,204.3
1285,51,motorcycle,580,484,999,1076,649,729,823,786,0.406,479.7,True,TN05AT3631,0.977,TN05AT3631,accepted,173.5
1285,36,auto,1438,294,1919,987,1616,586,1727,658,0.353,479.7,True,TN03D9766,0.983,TN03D9766,accepted,204.6
1286,51,motorcycle,549,494,988,1074,635,743,805,801,0.573,469.1,True,TN05AT3631,0.959,TN05AT3631,accepted,186.5
1286,36,auto,1439,293,1919,988,1616,587,1723,657,0.287,469.1,True,TN03D9766,0.982,TN03D9766,accepted,203.4
1287,36,auto,1436,293,1919,988,1613,585,1722,658,0.370,480.4,True,TN03D9766,0.983,TN03D9766,accepted,184.0
1287,51,motorcycle,533,503,977,1077,602,762,790,821,0.363,480.4,True,TN05AT3631,0.936,TN05AT3631,accepted,192.1
1288,36,auto,1436,298,1920,989,1613,588,1723,660,0.521,480.4,True,TN03D9766,0.984,TN03D9766,accepted,235.3
1289,36,auto,1437,299,1920,989,1614,587,1716,656,0.253,485.9,True,TN03D9766,0.984,TN03D9766,accepted,188.5
1290,36,auto,1436,293,1919,988,1614,587,1716,655,0.269,474.1,True,TN03D9766,0.970,TN03D9766,accepted,196.2
1291,36,auto,1435,292,1919,988,1611,590,1717,656,0.523,470.9,True,TN03D9766,0.986,TN03D9766,accepted,189.9
1292,36,auto,1435,300,1920,989,1612,589,1719,659,0.407,477.2,True,TN03D9766,0.988,TN03D9766,accepted,234.9
1293,36,auto,1434,300,1920,989,1612,589,1717,656,0.270,468.9,True,TN03D9766,0.988,TN03D9766,accepted,192.6
1294,36,auto,1433,300,1920,989,1605,591,1715,657,0.412,474.7,True,TN03D9766,0.980,TN03D9766,accepted,193.6
1296,36,auto,1432,298,1920,988,1607,588,1716,658,0.260,470.6,True,TN03D9766,0.975,TN03D9766,accepted,195.4
1297,36,auto,1431,300,1920,990,1605,590,1712,657,0.455,480.4,True,TN03D9766,0.984,TN03D9766,accepted,188.0
1298,36,auto,1432,300,1920,990,1606,591,1712,657,0.475,472.3,True,TN03D9766,0.981,TN03D9766,accepted,193.1
1299,36,auto,1433,300,1920,990,1607,594,1713,658,0.595,480.4,True,TN03D9766,0.979,TN03D9766,accepted,197.3
1300,52,car,391,310,1085,866,451,662,623,713,0.692,473.6,True,TN976500,0.842,TN976500,accepted,196.6
1300,36,auto,1431,300,1920,990,1606,591,1714,657,0.498,473.6,True,TN03D9766,0.984,TN03D9766,accepted,207.2
1301,52,car,346,309,1075,875,417,678,596,732,0.675,472.7,True,TN976500,0.990,TN976500,accepted,191.7
1301,36,auto,1431,300,1920,989,1604,589,1711,657,0.447,472.7,True,TN03D9766,0.985,TN03D9766,accepted,198.3
1302,52,car,267,312,1069,888,379,690,566,749,0.721,470.0,True,TN976500,0.950,TN976500,accepted,190.0
1302,36,auto,1431,299,1919,990,1602,589,1712,657,0.407,470.0,True,TN03D9766,0.976,TN03D9766,accepted,202.6
1303,52,car,228,313,1063,905,337,703,531,763,0.653,458.3,True,TN976500,0.988,TN976500,accepted,170.9
1303,36,auto,1431,299,1920,990,1603,589,1711,657,0.379,458.3,True,TN03D9766,0.979,TN03D9766,accepted,203.6
1304,52,car,182,311,1057,936,291,716,494,779,0.638,464.6,True,TN976500,0.958,TN976500,accepted,174.1
1304,36,auto,1431,299,1920,990,1603,589,1711,658,0.364,464.6,True,TN03D9766,0.980,TN03D9766,accepted,200.9
1305,52,car,140,309,1049,960,246,731,455,799,0.672,466.8,True,TN976500,0.982,TN976500,accepted,174.6
1305,36,auto,1431,299,1920,990,1605,587,1712,657,0.336,466.8,True,TN03D9766,0.984,TN03D9766,accepted,201.8
1306,52,car,0,311,1018,1056,11,811,246,892,0.771,479.2,True,TN976500,0.978,TN976500,accepted,172.8
1306,36,auto,1432,299,1920,991,1606,588,1710,658,0.309,479.2,True,TN03D9766,0.984,TN03D9766,accepted,203.7
1307,52,car,0,312,1006,1076,0,833,182,924,0.753,477.4,True,976500,0.994,,rejected,161.2
1307,36,auto,1432,299,1920,990,1604,588,1711,657,0.266,477.4,True,TN03D9766,0.986,TN03D9766,accepted,204.0
1308,36,auto,1432,300,1920,989,1605,590,1715,658,0.375,475.1,True,TN03D9766,0.985,TN03D9766,accepted,194.2
1308,52,car,0,311,981,1077,0,902,31,1020,0.365,475.1,True,,,,no_text,42.8
1309,36,auto,1430,299,1920,989,1604,590,1713,659,0.465,484.7,True,TN03D9766,0.982,TN03D9766,accepted,240.6
1310,36,auto,1428,300,1920,989,1604,588,1714,658,0.421,466.4,True,TN03D9766,0.989,TN03D9766,accepted,188.6
1311,36,auto,1429,299,1920,990,1604,590,1713,659,0.472,460.9,True,TN03D9766,0.980,TN03D9766,accepted,245.7
1312,36,auto,1430,299,1919,990,1603,592,1715,659,0.504,476.1,True,TN03D9766,0.987,TN03D9766,accepted,189.6
1314,36,auto,1429,299,1920,990,1610,592,1715,658,0.329,467.9,True,TN03D9766,0.987,TN03D9766,accepted,240.5
1315,36,auto,1431,299,1920,991,1609,590,1708,657,0.296,471.7,True,TN03D9766,0.974,TN03D9766,accepted,233.5
1318,36,auto,1433,294,1919,989,1608,589,1709,658,0.292,470.7,True,TN03D9766,0.987,TN03D9766,accepted,187.2
1319,36,auto,1432,298,1920,991,1609,589,1719,661,0.502,473.3,True,TN03D9766,0.962,TN03D9766,accepted,189.2
1320,36,auto,1431,297,1920,991,1605,590,1719,670,0.455,470.8,True,TN03D9766,0.975,TN03D9766,accepted,191.6
1321,36,auto,1428,299,1920,991,1605,592,1712,659,0.396,470.8,True,TN03D9766,0.982,TN03D9766,accepted,189.5
1322,36,auto,1429,299,1920,992,1609,588,1717,660,0.320,463.4,True,TN03D9766,0.990,TN03D9766,accepted,191.4
1323,36,auto,1427,298,1920,992,1604,590,1713,658,0.362,461.8,True,TN03D9766,0.970,TN03D9766,accepted,189.0
1324,36,auto,1425,300,1919,990,1601,589,1709,658,0.341,462.7,True,TN03D9766,0.979,TN03D9766,accepted,192.3
1325,36,auto,1425,298,1920,992,1602,592,1715,659,0.467,461.4,True,TN03D9766,0.979,TN03D9766,accepted,191.7
1326,36,auto,1429,298,1920,991,1608,589,1717,661,0.309,461.6,True,TN03D9766,0.975,TN03D9766,accepted,187.1
